customer_id,customer_name,email,gender,join_date,current_street,current_city,current_province
CUST00001,Aulia Kurniawan,aulia.kurniawan.1@example.com,F,2024-07-08,Jl. Pemuda No. 127,Sleman,DI Yogyakarta
CUST00002,Galih Saputra,galih.saputra.2@example.com,M,2024-09-21,Jl. Merdeka No. 125,Samarinda,Kalimantan Timur
CUST00003,Bayu Hidayat,bayu.hidayat.3@example.com,M,2024-06-17,Jl. Merdeka No. 205,Sleman,DI Yogyakarta
CUST00004,Aulia Lestari,aulia.lestari.4@example.com,M,2024-04-07,Jl. Pemuda No. 135,Balikpapan,Kalimantan Timur
CUST00005,Rina Anggraini,rina.anggraini.5@example.com,M,2024-05-12,Jl. Sudirman No. 245,Surakarta,Jawa Tengah
CUST00006,Siti Saputra,siti.saputra.6@example.com,F,2024-03-16,Jl. Veteran No. 168,Surabaya,Jawa Timur
CUST00007,Aisyah Maulana,aisyah.maulana.7@example.com,M,2024-07-29,Jl. Diponegoro No. 157,Malang,Jawa Timur
CUST00008,Bayu Kurniawan,bayu.kurniawan.8@example.com,F,2024-03-21,Jl. Veteran No. 65,Balikpapan,Kalimantan Timur
CUST00009,Siti Pratama,siti.pratama.9@example.com,F,2024-09-22,Jl. Pemuda No. 25,Denpasar,Bali
CUST00010,Intan Maulana,intan.maulana.10@example.com,M,2024-09-22,Jl. Merdeka No. 31,Semarang,Jawa Tengah
CUST00011,Rafi Saputra,rafi.saputra.11@example.com,F,2024-08-25,Jl. Pemuda No. 16,Tangerang,Banten
CUST00012,Arif Puspitasari,arif.puspitasari.12@example.com,F,2024-04-18,Jl. Melati No. 166,Surakarta,Jawa Tengah
CUST00013,Naufal Wulandari,naufal.wulandari.13@example.com,F,2024-02-22,Jl. Kenanga No. 198,Yogyakarta,DI Yogyakarta
CUST00014,Yoga Saputra,yoga.saputra.14@example.com,M,2024-07-03,Jl. Melati No. 159,Bogor,Jawa Barat
CUST00015,Nadia Syahputra,nadia.syahputra.15@example.com,M,2024-10-26,Jl. Veteran No. 130,Tangerang,Banten
CUST00016,Andi Nugroho,andi.nugroho.16@example.com,F,2024-02-05,Jl. Diponegoro No. 126,Samarinda,Kalimantan Timur
CUST00017,Arif Santoso,arif.santoso.17@example.com,F,2024-02-18,Jl. Pemuda No. 55,Surakarta,Jawa Tengah
CUST00018,Dimas Kurniawan,dimas.kurniawan.18@example.com,M,2024-11-23,Jl. Sudirman No. 56,Jakarta,DKI Jakarta
CUST00019,Putri Hakim,putri.hakim.19@example.com,F,2024-06-14,Jl. Diponegoro No. 23,Surakarta,Jawa Tengah
CUST00020,Maya Hakim,maya.hakim.20@example.com,F,2024-10-02,Jl. Gajah Mada No. 3,Depok,Jawa Barat
CUST00021,Hendra Kurniawan,hendra.kurniawan.21@example.com,M,2024-02-17,Jl. Sudirman No. 17,Sleman,DI Yogyakarta
CUST00022,Fajar Rahmawati,fajar.rahmawati.22@example.com,F,2024-09-09,Jl. Sudirman No. 36,Jakarta,DKI Jakarta
CUST00023,Rina Lestari,rina.lestari.23@example.com,F,2024-03-13,Jl. Gajah Mada No. 58,Samarinda,Kalimantan Timur
CUST00024,Rafi Rahmawati,rafi.rahmawati.24@example.com,M,2024-10-11,Jl. Pemuda No. 36,Bogor,Jawa Barat
CUST00025,Rafi Wulandari,rafi.wulandari.25@example.com,F,2024-01-17,Jl. Gajah Mada No. 196,Bekasi,Jawa Barat
CUST00026,Bima Puspitasari,bima.puspitasari.26@example.com,M,2024-11-13,Jl. Pemuda No. 232,Bantul,DI Yogyakarta
CUST00027,Tiara Permana,tiara.permana.27@example.com,M,2024-03-31,Jl. Kenanga No. 172,Bekasi,Jawa Barat
CUST00028,Putri Saputra,putri.saputra.28@example.com,M,2024-05-03,Jl. Diponegoro No. 184,Palembang,Sumatera Selatan
CUST00029,Fajar Rahmawati,fajar.rahmawati.29@example.com,M,2024-12-09,Jl. Kenanga No. 235,Malang,Jawa Timur
CUST00030,Maya Ramadhan,maya.ramadhan.30@example.com,F,2024-06-29,Jl. Diponegoro No. 94,Bandung,Jawa Barat
CUST00031,Nadia Firmansyah,nadia.firmansyah.31@example.com,M,2024-06-19,Jl. Veteran No. 184,Jakarta,DKI Jakarta
CUST00032,Dewi Kurniawan,dewi.kurniawan.32@example.com,M,2024-06-14,Jl. Gajah Mada No. 28,Surabaya,Jawa Timur
CUST00033,Raka Anggraini,raka.anggraini.33@example.com,M,2024-02-11,Jl. Diponegoro No. 125,Surakarta,Jawa Tengah
CUST00034,Intan Permana,intan.permana.34@example.com,M,2024-05-28,Jl. Gajah Mada No. 25,Semarang,Jawa Tengah
CUST00035,Tiara Santoso,tiara.santoso.35@example.com,M,2024-08-01,Jl. Pemuda No. 207,Bandung,Jawa Barat
CUST00036,Raka Lestari,raka.lestari.36@example.com,M,2024-06-06,Jl. Gajah Mada No. 205,Sleman,DI Yogyakarta
CUST00037,Intan Ramadhan,intan.ramadhan.37@example.com,M,2024-02-07,Jl. Veteran No. 26,Yogyakarta,DI Yogyakarta
CUST00038,Farah Hidayat,farah.hidayat.38@example.com,F,2024-02-11,Jl. Pemuda No. 66,Jakarta,DKI Jakarta
CUST00039,Hendra Anggraini,hendra.anggraini.39@example.com,F,2024-06-30,Jl. Merdeka No. 183,Balikpapan,Kalimantan Timur
CUST00040,Ahmad Hidayat,ahmad.hidayat.40@example.com,F,2024-10-04,Jl. Kenanga No. 198,Medan,Sumatera Utara
CUST00041,Nadia Lestari,nadia.lestari.41@example.com,M,2024-07-18,Jl. Melati No. 156,Bekasi,Jawa Barat
CUST00042,Ilham Puspitasari,ilham.puspitasari.42@example.com,F,2024-12-14,Jl. Melati No. 202,Surakarta,Jawa Tengah
CUST00043,Bima Utami,bima.utami.43@example.com,F,2024-06-30,Jl. Merdeka No. 238,Depok,Jawa Barat
CUST00044,Adit Hakim,adit.hakim.44@example.com,M,2024-11-20,Jl. Pemuda No. 26,Pontianak,Kalimantan Barat
CUST00045,Naufal Rahmawati,naufal.rahmawati.45@example.com,F,2024-08-28,Jl. Gajah Mada No. 42,Semarang,Jawa Tengah
CUST00046,Dimas Firmansyah,dimas.firmansyah.46@example.com,M,2024-07-13,Jl. Kenanga No. 225,Surabaya,Jawa Timur
CUST00047,Galih Wijaya,galih.wijaya.47@example.com,F,2024-10-17,Jl. Melati No. 243,Bandung,Jawa Barat
CUST00048,Rafi Pratama,rafi.pratama.48@example.com,F,2024-10-18,Jl. Kenanga No. 67,Semarang,Jawa Tengah
CUST00049,Rina Lestari,rina.lestari.49@example.com,M,2024-09-24,Jl. Kenanga No. 44,Sleman,DI Yogyakarta
CUST00050,Maya Nugroho,maya.nugroho.50@example.com,M,2024-11-25,Jl. Veteran No. 198,Bekasi,Jawa Barat
CUST00051,Rizky Kurniawan,rizky.kurniawan.51@example.com,M,2024-05-27,Jl. Veteran No. 209,Palembang,Sumatera Selatan
CUST00052,Arif Utami,arif.utami.52@example.com,F,2024-12-11,Jl. Kenanga No. 41,Pontianak,Kalimantan Barat
CUST00053,Aisyah Anggraini,aisyah.anggraini.53@example.com,F,2024-12-25,Jl. Gajah Mada No. 132,Denpasar,Bali
CUST00054,Rina Hakim,rina.hakim.54@example.com,F,2024-09-15,Jl. Pemuda No. 198,Palembang,Sumatera Selatan
CUST00055,Bagas Permana,bagas.permana.55@example.com,F,2024-04-29,Jl. Pemuda No. 195,Samarinda,Kalimantan Timur
CUST00056,Andi Firmansyah,andi.firmansyah.56@example.com,F,2024-01-09,Jl. Sudirman No. 73,Depok,Jawa Barat
CUST00057,Ilham Nugroho,ilham.nugroho.57@example.com,F,2024-03-23,Jl. Merdeka No. 56,Pontianak,Kalimantan Barat
CUST00058,Arif Utami,arif.utami.58@example.com,M,2024-01-14,Jl. Merdeka No. 83,Yogyakarta,DI Yogyakarta
CUST00059,Nadia Setiawan,nadia.setiawan.59@example.com,M,2024-11-10,Jl. Gajah Mada No. 145,Jakarta,DKI Jakarta
CUST00060,Reza Saputra,reza.saputra.60@example.com,F,2024-04-08,Jl. Melati No. 186,Malang,Jawa Timur
CUST00061,Arif Maulana,arif.maulana.61@example.com,F,2024-09-26,Jl. Pemuda No. 78,Tangerang,Banten
CUST00062,Hendra Maulana,hendra.maulana.62@example.com,F,2024-09-27,Jl. Pemuda No. 199,Surakarta,Jawa Tengah
CUST00063,Bagas Ramadhan,bagas.ramadhan.63@example.com,F,2024-03-26,Jl. Kenanga No. 248,Bantul,DI Yogyakarta
CUST00064,Dimas Hakim,dimas.hakim.64@example.com,F,2024-04-28,Jl. Gajah Mada No. 11,Palembang,Sumatera Selatan
CUST00065,Intan Saputra,intan.saputra.65@example.com,M,2024-12-24,Jl. Pemuda No. 215,Bogor,Jawa Barat
CUST00066,Bayu Firmansyah,bayu.firmansyah.66@example.com,F,2024-05-05,Jl. Sudirman No. 187,Surakarta,Jawa Tengah
CUST00067,Maya Wulandari,maya.wulandari.67@example.com,M,2024-10-24,Jl. Melati No. 93,Surabaya,Jawa Timur
CUST00068,Bayu Ramadhan,bayu.ramadhan.68@example.com,M,2024-01-29,Jl. Melati No. 191,Medan,Sumatera Utara
CUST00069,Dimas Pratama,dimas.pratama.69@example.com,F,2024-09-14,Jl. Veteran No. 140,Surakarta,Jawa Tengah
CUST00070,Bayu Saputra,bayu.saputra.70@example.com,M,2024-11-04,Jl. Veteran No. 103,Balikpapan,Kalimantan Timur
CUST00071,Ahmad Pratama,ahmad.pratama.71@example.com,F,2024-08-14,Jl. Kenanga No. 176,Pontianak,Kalimantan Barat
CUST00072,Nadia Hakim,nadia.hakim.72@example.com,F,2024-06-11,Jl. Veteran No. 114,Malang,Jawa Timur
CUST00073,Tiara Lestari,tiara.lestari.73@example.com,M,2024-07-05,Jl. Merdeka No. 20,Semarang,Jawa Tengah
CUST00074,Intan Lestari,intan.lestari.74@example.com,F,2024-11-20,Jl. Pemuda No. 25,Jakarta,DKI Jakarta
CUST00075,Reza Saputra,reza.saputra.75@example.com,M,2024-12-26,Jl. Merdeka No. 104,Malang,Jawa Timur
CUST00076,Intan Anggraini,intan.anggraini.76@example.com,F,2024-06-13,Jl. Kenanga No. 23,Pontianak,Kalimantan Barat
CUST00077,Nabila Maulana,nabila.maulana.77@example.com,F,2024-06-29,Jl. Sudirman No. 222,Surabaya,Jawa Timur
CUST00078,Nabila Syahputra,nabila.syahputra.78@example.com,M,2024-09-12,Jl. Kenanga No. 77,Jakarta,DKI Jakarta
CUST00079,Raka Santoso,raka.santoso.79@example.com,M,2024-05-09,Jl. Kenanga No. 139,Pontianak,Kalimantan Barat
CUST00080,Rina Setiawan,rina.setiawan.80@example.com,M,2024-11-09,Jl. Gajah Mada No. 210,Depok,Jawa Barat
CUST00081,Raka Pratama,raka.pratama.81@example.com,M,2024-12-07,Jl. Merdeka No. 76,Denpasar,Bali
CUST00082,Rizky Anggraini,rizky.anggraini.82@example.com,F,2024-09-09,Jl. Pemuda No. 182,Medan,Sumatera Utara
CUST00083,Galih Puspitasari,galih.puspitasari.83@example.com,F,2024-10-12,Jl. Kenanga No. 110,Yogyakarta,DI Yogyakarta
CUST00084,Putri Wijaya,putri.wijaya.84@example.com,F,2024-12-18,Jl. Kenanga No. 187,Yogyakarta,DI Yogyakarta
CUST00085,Ilham Pratama,ilham.pratama.85@example.com,F,2024-04-25,Jl. Gajah Mada No. 117,Bogor,Jawa Barat
CUST00086,Dewi Rahmawati,dewi.rahmawati.86@example.com,M,2024-05-08,Jl. Kenanga No. 193,Tangerang,Banten
CUST00087,Raka Lestari,raka.lestari.87@example.com,M,2024-01-08,Jl. Melati No. 146,Bandung,Jawa Barat
CUST00088,Aisyah Firmansyah,aisyah.firmansyah.88@example.com,M,2024-10-30,Jl. Merdeka No. 138,Surabaya,Jawa Timur
CUST00089,Rina Saputra,rina.saputra.89@example.com,F,2024-06-17,Jl. Gajah Mada No. 25,Surakarta,Jawa Tengah
CUST00090,Nadia Hakim,nadia.hakim.90@example.com,M,2024-03-15,Jl. Pemuda No. 13,Malang,Jawa Timur
CUST00091,Andi Wulandari,andi.wulandari.91@example.com,M,2024-06-13,Jl. Diponegoro No. 39,Balikpapan,Kalimantan Timur
CUST00092,Intan Lestari,intan.lestari.92@example.com,M,2024-11-22,Jl. Diponegoro No. 78,Bandung,Jawa Barat
CUST00093,Putri Syahputra,putri.syahputra.93@example.com,M,2024-02-13,Jl. Pemuda No. 210,Balikpapan,Kalimantan Timur
CUST00094,Intan Hidayat,intan.hidayat.94@example.com,M,2024-08-19,Jl. Sudirman No. 67,Makassar,Sulawesi Selatan
CUST00095,Aulia Hidayat,aulia.hidayat.95@example.com,M,2024-01-15,Jl. Gajah Mada No. 154,Palembang,Sumatera Selatan
CUST00096,Aisyah Hidayat,aisyah.hidayat.96@example.com,F,2024-09-02,Jl. Melati No. 193,Palembang,Sumatera Selatan
CUST00097,Bima Hakim,bima.hakim.97@example.com,F,2024-10-25,Jl. Pemuda No. 138,Tangerang,Banten
CUST00098,Nadia Nugroho,nadia.nugroho.98@example.com,M,2024-10-04,Jl. Kenanga No. 223,Balikpapan,Kalimantan Timur
CUST00099,Siti Firmansyah,siti.firmansyah.99@example.com,M,2024-02-16,Jl. Diponegoro No. 157,Jakarta,DKI Jakarta
CUST00100,Rina Pratama,rina.pratama.100@example.com,M,2024-10-22,Jl. Sudirman No. 114,Sleman,DI Yogyakarta
CUST00101,Andi Syahputra,andi.syahputra.101@example.com,M,2024-03-03,Jl. Merdeka No. 238,Balikpapan,Kalimantan Timur
CUST00102,Raka Santoso,raka.santoso.102@example.com,M,2024-11-18,Jl. Kenanga No. 219,Pontianak,Kalimantan Barat
CUST00103,Bagas Utami,bagas.utami.103@example.com,F,2024-02-29,Jl. Gajah Mada No. 27,Bekasi,Jawa Barat
CUST00104,Ilham Setiawan,ilham.setiawan.104@example.com,M,2024-12-12,Jl. Diponegoro No. 134,Pontianak,Kalimantan Barat
CUST00105,Andi Wijaya,andi.wijaya.105@example.com,M,2024-11-15,Jl. Pemuda No. 230,Palembang,Sumatera Selatan
CUST00106,Ilham Rahmawati,ilham.rahmawati.106@example.com,M,2024-06-11,Jl. Melati No. 234,Pontianak,Kalimantan Barat
CUST00107,Bima Maulana,bima.maulana.107@example.com,F,2024-06-17,Jl. Veteran No. 159,Bandung,Jawa Barat
CUST00108,Bagas Wijaya,bagas.wijaya.108@example.com,M,2024-05-18,Jl. Melati No. 66,Jakarta,DKI Jakarta
CUST00109,Rina Utami,rina.utami.109@example.com,M,2024-11-29,Jl. Sudirman No. 246,Bogor,Jawa Barat
CUST00110,Rafi Utami,rafi.utami.110@example.com,F,2024-01-07,Jl. Veteran No. 90,Samarinda,Kalimantan Timur
CUST00111,Andi Anggraini,andi.anggraini.111@example.com,F,2024-10-29,Jl. Kenanga No. 45,Bandung,Jawa Barat
CUST00112,Bagas Permana,bagas.permana.112@example.com,M,2024-12-10,Jl. Merdeka No. 132,Yogyakarta,DI Yogyakarta
CUST00113,Bayu Kurniawan,bayu.kurniawan.113@example.com,M,2024-05-09,Jl. Sudirman No. 156,Yogyakarta,DI Yogyakarta
CUST00114,Galih Rahmawati,galih.rahmawati.114@example.com,M,2024-02-02,Jl. Gajah Mada No. 191,Malang,Jawa Timur
CUST00115,Bayu Setiawan,bayu.setiawan.115@example.com,F,2024-09-01,Jl. Merdeka No. 176,Pontianak,Kalimantan Barat
CUST00116,Bagas Lestari,bagas.lestari.116@example.com,F,2024-04-23,Jl. Veteran No. 42,Samarinda,Kalimantan Timur
CUST00117,Rina Kurniawan,rina.kurniawan.117@example.com,F,2024-05-08,Jl. Sudirman No. 156,Balikpapan,Kalimantan Timur
CUST00118,Ilham Saputra,ilham.saputra.118@example.com,F,2024-10-21,Jl. Pemuda No. 26,Sleman,DI Yogyakarta
CUST00119,Andi Setiawan,andi.setiawan.119@example.com,M,2024-01-12,Jl. Diponegoro No. 102,Depok,Jawa Barat
CUST00120,Adit Utami,adit.utami.120@example.com,M,2024-06-15,Jl. Merdeka No. 219,Sleman,DI Yogyakarta
CUST00121,Adit Permana,adit.permana.121@example.com,M,2024-06-04,Jl. Gajah Mada No. 163,Semarang,Jawa Tengah
CUST00122,Arif Puspitasari,arif.puspitasari.122@example.com,M,2024-07-21,Jl. Diponegoro No. 87,Malang,Jawa Timur
CUST00123,Nabila Hidayat,nabila.hidayat.123@example.com,F,2024-03-19,Jl. Pemuda No. 58,Palembang,Sumatera Selatan
CUST00124,Intan Maulana,intan.maulana.124@example.com,M,2024-10-01,Jl. Diponegoro No. 18,Yogyakarta,DI Yogyakarta
CUST00125,Dewi Utami,dewi.utami.125@example.com,M,2024-08-27,Jl. Gajah Mada No. 203,Bantul,DI Yogyakarta
CUST00126,Bayu Hakim,bayu.hakim.126@example.com,F,2024-09-09,Jl. Melati No. 147,Bandung,Jawa Barat
CUST00127,Galih Wulandari,galih.wulandari.127@example.com,F,2024-10-29,Jl. Kenanga No. 98,Surabaya,Jawa Timur
CUST00128,Putri Syahputra,putri.syahputra.128@example.com,M,2024-07-10,Jl. Pemuda No. 116,Jakarta,DKI Jakarta
CUST00129,Bayu Anggraini,bayu.anggraini.129@example.com,M,2024-07-12,Jl. Veteran No. 161,Bekasi,Jawa Barat
CUST00130,Dimas Hidayat,dimas.hidayat.130@example.com,F,2024-01-17,Jl. Melati No. 173,Denpasar,Bali
CUST00131,Dewi Pratama,dewi.pratama.131@example.com,F,2024-08-04,Jl. Gajah Mada No. 26,Surabaya,Jawa Timur
CUST00132,Ilham Utami,ilham.utami.132@example.com,F,2024-02-14,Jl. Kenanga No. 118,Malang,Jawa Timur
CUST00133,Maya Maulana,maya.maulana.133@example.com,F,2024-05-28,Jl. Merdeka No. 241,Jakarta,DKI Jakarta
CUST00134,Fajar Anggraini,fajar.anggraini.134@example.com,M,2024-04-21,Jl. Sudirman No. 205,Bantul,DI Yogyakarta
CUST00135,Aulia Maulana,aulia.maulana.135@example.com,F,2024-09-05,Jl. Sudirman No. 25,Jakarta,DKI Jakarta
CUST00136,Rina Hakim,rina.hakim.136@example.com,F,2024-12-27,Jl. Kenanga No. 45,Tangerang,Banten
CUST00137,Rina Hakim,rina.hakim.137@example.com,M,2024-08-08,Jl. Veteran No. 81,Makassar,Sulawesi Selatan
CUST00138,Putri Firmansyah,putri.firmansyah.138@example.com,F,2024-08-28,Jl. Pemuda No. 207,Semarang,Jawa Tengah
CUST00139,Rizky Puspitasari,rizky.puspitasari.139@example.com,M,2024-09-25,Jl. Merdeka No. 13,Tangerang,Banten
CUST00140,Farah Ramadhan,farah.ramadhan.140@example.com,M,2024-09-10,Jl. Sudirman No. 33,Bandung,Jawa Barat
CUST00141,Tiara Firmansyah,tiara.firmansyah.141@example.com,M,2024-05-01,Jl. Kenanga No. 130,Depok,Jawa Barat
CUST00142,Maya Puspitasari,maya.puspitasari.142@example.com,F,2024-03-20,Jl. Melati No. 48,Jakarta,DKI Jakarta
CUST00143,Galih Setiawan,galih.setiawan.143@example.com,F,2024-03-01,Jl. Veteran No. 188,Depok,Jawa Barat
CUST00144,Rina Anggraini,rina.anggraini.144@example.com,M,2024-12-04,Jl. Sudirman No. 38,Depok,Jawa Barat
CUST00145,Adit Pratama,adit.pratama.145@example.com,M,2024-06-12,Jl. Sudirman No. 171,Tangerang,Banten
CUST00146,Aisyah Permana,aisyah.permana.146@example.com,M,2024-03-21,Jl. Diponegoro No. 12,Bandung,Jawa Barat
CUST00147,Bima Utami,bima.utami.147@example.com,M,2024-07-22,Jl. Veteran No. 10,Jakarta,DKI Jakarta
CUST00148,Ilham Maulana,ilham.maulana.148@example.com,F,2024-09-14,Jl. Gajah Mada No. 198,Surakarta,Jawa Tengah
CUST00149,Raka Wijaya,raka.wijaya.149@example.com,F,2024-01-26,Jl. Pemuda No. 139,Depok,Jawa Barat
CUST00150,Maya Hakim,maya.hakim.150@example.com,M,2024-08-30,Jl. Pemuda No. 67,Semarang,Jawa Tengah
CUST00151,Aisyah Hidayat,aisyah.hidayat.151@example.com,M,2024-09-29,Jl. Diponegoro No. 125,Bekasi,Jawa Barat
CUST00152,Putri Rahmawati,putri.rahmawati.152@example.com,F,2024-03-23,Jl. Sudirman No. 162,Bogor,Jawa Barat
CUST00153,Siti Lestari,siti.lestari.153@example.com,M,2024-12-28,Jl. Gajah Mada No. 137,Bogor,Jawa Barat
CUST00154,Bayu Firmansyah,bayu.firmansyah.154@example.com,F,2024-05-14,Jl. Kenanga No. 171,Semarang,Jawa Tengah
CUST00155,Andi Firmansyah,andi.firmansyah.155@example.com,M,2024-04-22,Jl. Kenanga No. 205,Bantul,DI Yogyakarta
CUST00156,Farah Kurniawan,farah.kurniawan.156@example.com,M,2024-02-12,Jl. Kenanga No. 136,Bekasi,Jawa Barat
CUST00157,Nadia Pratama,nadia.pratama.157@example.com,M,2024-01-15,Jl. Pemuda No. 116,Bantul,DI Yogyakarta
CUST00158,Adit Ramadhan,adit.ramadhan.158@example.com,M,2024-01-18,Jl. Diponegoro No. 40,Surakarta,Jawa Tengah
CUST00159,Naufal Ramadhan,naufal.ramadhan.159@example.com,M,2024-05-11,Jl. Melati No. 76,Bogor,Jawa Barat
CUST00160,Dimas Ramadhan,dimas.ramadhan.160@example.com,M,2024-06-16,Jl. Diponegoro No. 29,Depok,Jawa Barat
CUST00161,Arif Anggraini,arif.anggraini.161@example.com,F,2024-03-20,Jl. Merdeka No. 189,Yogyakarta,DI Yogyakarta
CUST00162,Fajar Firmansyah,fajar.firmansyah.162@example.com,F,2024-11-19,Jl. Gajah Mada No. 100,Malang,Jawa Timur
CUST00163,Yoga Nugroho,yoga.nugroho.163@example.com,M,2024-05-25,Jl. Melati No. 32,Surakarta,Jawa Tengah
CUST00164,Raka Rahmawati,raka.rahmawati.164@example.com,M,2024-04-24,Jl. Kenanga No. 133,Denpasar,Bali
CUST00165,Bagas Hakim,bagas.hakim.165@example.com,F,2024-07-02,Jl. Diponegoro No. 190,Pontianak,Kalimantan Barat
CUST00166,Tiara Santoso,tiara.santoso.166@example.com,M,2024-12-01,Jl. Diponegoro No. 133,Medan,Sumatera Utara
CUST00167,Rafi Setiawan,rafi.setiawan.167@example.com,F,2024-07-09,Jl. Kenanga No. 237,Surakarta,Jawa Tengah
CUST00168,Dimas Puspitasari,dimas.puspitasari.168@example.com,F,2024-10-06,Jl. Diponegoro No. 114,Bandung,Jawa Barat
CUST00169,Rina Utami,rina.utami.169@example.com,M,2024-10-26,Jl. Kenanga No. 40,Bogor,Jawa Barat
CUST00170,Bagas Ramadhan,bagas.ramadhan.170@example.com,F,2024-04-19,Jl. Kenanga No. 75,Bandung,Jawa Barat
CUST00171,Putri Utami,putri.utami.171@example.com,M,2024-09-07,Jl. Pemuda No. 145,Jakarta,DKI Jakarta
CUST00172,Nadia Lestari,nadia.lestari.172@example.com,F,2024-08-03,Jl. Gajah Mada No. 51,Makassar,Sulawesi Selatan
CUST00173,Rina Pratama,rina.pratama.173@example.com,F,2024-01-04,Jl. Gajah Mada No. 159,Balikpapan,Kalimantan Timur
CUST00174,Arif Santoso,arif.santoso.174@example.com,F,2024-06-12,Jl. Merdeka No. 12,Bekasi,Jawa Barat
CUST00175,Siti Hidayat,siti.hidayat.175@example.com,M,2024-07-18,Jl. Pemuda No. 202,Pontianak,Kalimantan Barat
CUST00176,Bagas Kurniawan,bagas.kurniawan.176@example.com,M,2024-10-18,Jl. Sudirman No. 51,Sleman,DI Yogyakarta
CUST00177,Dimas Hidayat,dimas.hidayat.177@example.com,F,2024-01-08,Jl. Kenanga No. 246,Bekasi,Jawa Barat
CUST00178,Hendra Ramadhan,hendra.ramadhan.178@example.com,M,2024-11-16,Jl. Merdeka No. 147,Bantul,DI Yogyakarta
CUST00179,Galih Utami,galih.utami.179@example.com,F,2024-02-26,Jl. Gajah Mada No. 47,Surakarta,Jawa Tengah
CUST00180,Yoga Ramadhan,yoga.ramadhan.180@example.com,F,2024-02-10,Jl. Sudirman No. 186,Samarinda,Kalimantan Timur
CUST00181,Naufal Hidayat,naufal.hidayat.181@example.com,F,2024-05-17,Jl. Pemuda No. 149,Balikpapan,Kalimantan Timur
CUST00182,Putri Hakim,putri.hakim.182@example.com,F,2024-01-12,Jl. Veteran No. 158,Depok,Jawa Barat
CUST00183,Tiara Maulana,tiara.maulana.183@example.com,F,2024-10-07,Jl. Sudirman No. 177,Samarinda,Kalimantan Timur
CUST00184,Bayu Wulandari,bayu.wulandari.184@example.com,M,2024-11-14,Jl. Diponegoro No. 174,Makassar,Sulawesi Selatan
CUST00185,Bayu Saputra,bayu.saputra.185@example.com,M,2024-06-23,Jl. Merdeka No. 122,Bekasi,Jawa Barat
CUST00186,Tiara Rahmawati,tiara.rahmawati.186@example.com,F,2024-11-06,Jl. Melati No. 42,Medan,Sumatera Utara
CUST00187,Dewi Nugroho,dewi.nugroho.187@example.com,F,2024-05-27,Jl. Merdeka No. 175,Sleman,DI Yogyakarta
CUST00188,Arif Maulana,arif.maulana.188@example.com,F,2024-07-31,Jl. Gajah Mada No. 188,Palembang,Sumatera Selatan
CUST00189,Putri Wulandari,putri.wulandari.189@example.com,M,2024-05-10,Jl. Pemuda No. 155,Denpasar,Bali
CUST00190,Nadia Firmansyah,nadia.firmansyah.190@example.com,M,2024-08-11,Jl. Gajah Mada No. 48,Palembang,Sumatera Selatan
CUST00191,Yoga Nugroho,yoga.nugroho.191@example.com,M,2024-06-05,Jl. Diponegoro No. 153,Bekasi,Jawa Barat
CUST00192,Rina Lestari,rina.lestari.192@example.com,F,2024-09-24,Jl. Veteran No. 102,Balikpapan,Kalimantan Timur
CUST00193,Andi Wulandari,andi.wulandari.193@example.com,M,2024-06-29,Jl. Melati No. 117,Tangerang,Banten
CUST00194,Bima Anggraini,bima.anggraini.194@example.com,F,2024-12-12,Jl. Melati No. 95,Depok,Jawa Barat
CUST00195,Aisyah Saputra,aisyah.saputra.195@example.com,M,2024-01-02,Jl. Veteran No. 21,Bantul,DI Yogyakarta
CUST00196,Nadia Firmansyah,nadia.firmansyah.196@example.com,M,2024-01-19,Jl. Melati No. 202,Makassar,Sulawesi Selatan
CUST00197,Ahmad Permana,ahmad.permana.197@example.com,M,2024-09-26,Jl. Pemuda No. 142,Palembang,Sumatera Selatan
CUST00198,Farah Lestari,farah.lestari.198@example.com,F,2024-01-19,Jl. Veteran No. 27,Medan,Sumatera Utara
CUST00199,Nadia Syahputra,nadia.syahputra.199@example.com,F,2024-06-17,Jl. Veteran No. 234,Makassar,Sulawesi Selatan
CUST00200,Rina Ramadhan,rina.ramadhan.200@example.com,F,2024-07-22,Jl. Kenanga No. 108,Malang,Jawa Timur
CUST00201,Bagas Permana,bagas.permana.201@example.com,M,2024-05-08,Jl. Sudirman No. 154,Bandung,Jawa Barat
CUST00202,Dewi Anggraini,dewi.anggraini.202@example.com,F,2024-03-13,Jl. Pemuda No. 38,Surabaya,Jawa Timur
CUST00203,Rafi Setiawan,rafi.setiawan.203@example.com,M,2024-06-08,Jl. Merdeka No. 127,Samarinda,Kalimantan Timur
CUST00204,Galih Permana,galih.permana.204@example.com,M,2024-06-15,Jl. Pemuda No. 126,Medan,Sumatera Utara
CUST00205,Putri Permana,putri.permana.205@example.com,F,2024-02-22,Jl. Melati No. 120,Palembang,Sumatera Selatan
CUST00206,Siti Syahputra,siti.syahputra.206@example.com,M,2024-12-13,Jl. Melati No. 96,Palembang,Sumatera Selatan
CUST00207,Galih Wijaya,galih.wijaya.207@example.com,F,2024-06-08,Jl. Pemuda No. 43,Denpasar,Bali
CUST00208,Naufal Permana,naufal.permana.208@example.com,F,2024-08-14,Jl. Kenanga No. 23,Palembang,Sumatera Selatan
CUST00209,Intan Santoso,intan.santoso.209@example.com,F,2024-08-30,Jl. Pemuda No. 53,Bandung,Jawa Barat
CUST00210,Bayu Permana,bayu.permana.210@example.com,F,2024-11-18,Jl. Veteran No. 70,Tangerang,Banten
CUST00211,Farah Kurniawan,farah.kurniawan.211@example.com,F,2024-09-27,Jl. Melati No. 149,Balikpapan,Kalimantan Timur
CUST00212,Intan Firmansyah,intan.firmansyah.212@example.com,M,2024-03-20,Jl. Diponegoro No. 157,Denpasar,Bali
CUST00213,Bima Saputra,bima.saputra.213@example.com,M,2024-08-05,Jl. Pemuda No. 158,Jakarta,DKI Jakarta
CUST00214,Ahmad Saputra,ahmad.saputra.214@example.com,F,2024-08-04,Jl. Melati No. 26,Sleman,DI Yogyakarta
CUST00215,Nadia Nugroho,nadia.nugroho.215@example.com,M,2024-10-04,Jl. Veteran No. 25,Depok,Jawa Barat
CUST00216,Siti Pratama,siti.pratama.216@example.com,F,2024-05-16,Jl. Diponegoro No. 52,Balikpapan,Kalimantan Timur
CUST00217,Raka Hidayat,raka.hidayat.217@example.com,F,2024-01-05,Jl. Gajah Mada No. 47,Tangerang,Banten
CUST00218,Siti Hidayat,siti.hidayat.218@example.com,M,2024-01-25,Jl. Veteran No. 134,Makassar,Sulawesi Selatan
CUST00219,Putri Lestari,putri.lestari.219@example.com,M,2024-04-05,Jl. Diponegoro No. 36,Makassar,Sulawesi Selatan
CUST00220,Bima Rahmawati,bima.rahmawati.220@example.com,F,2024-04-21,Jl. Gajah Mada No. 89,Surakarta,Jawa Tengah
CUST00221,Reza Ramadhan,reza.ramadhan.221@example.com,M,2024-10-10,Jl. Kenanga No. 225,Palembang,Sumatera Selatan
CUST00222,Yoga Puspitasari,yoga.puspitasari.222@example.com,F,2024-03-13,Jl. Gajah Mada No. 200,Bogor,Jawa Barat
CUST00223,Dewi Pratama,dewi.pratama.223@example.com,F,2024-01-20,Jl. Kenanga No. 236,Palembang,Sumatera Selatan
CUST00224,Nabila Firmansyah,nabila.firmansyah.224@example.com,M,2024-07-29,Jl. Kenanga No. 198,Yogyakarta,DI Yogyakarta
CUST00225,Fajar Firmansyah,fajar.firmansyah.225@example.com,F,2024-12-08,Jl. Melati No. 203,Medan,Sumatera Utara
CUST00226,Fajar Nugroho,fajar.nugroho.226@example.com,M,2024-02-07,Jl. Kenanga No. 94,Yogyakarta,DI Yogyakarta
CUST00227,Tiara Nugroho,tiara.nugroho.227@example.com,F,2024-07-28,Jl. Melati No. 105,Bandung,Jawa Barat
CUST00228,Farah Utami,farah.utami.228@example.com,M,2024-05-06,Jl. Gajah Mada No. 136,Surakarta,Jawa Tengah
CUST00229,Ilham Ramadhan,ilham.ramadhan.229@example.com,M,2024-02-13,Jl. Melati No. 21,Bandung,Jawa Barat
CUST00230,Hendra Syahputra,hendra.syahputra.230@example.com,F,2024-02-17,Jl. Kenanga No. 215,Medan,Sumatera Utara
CUST00231,Naufal Lestari,naufal.lestari.231@example.com,F,2024-02-10,Jl. Gajah Mada No. 198,Bekasi,Jawa Barat
CUST00232,Bagas Nugroho,bagas.nugroho.232@example.com,F,2024-02-11,Jl. Diponegoro No. 227,Semarang,Jawa Tengah
CUST00233,Raka Permana,raka.permana.233@example.com,F,2024-08-29,Jl. Sudirman No. 189,Pontianak,Kalimantan Barat
CUST00234,Siti Santoso,siti.santoso.234@example.com,M,2024-06-12,Jl. Diponegoro No. 211,Bantul,DI Yogyakarta
CUST00235,Raka Nugroho,raka.nugroho.235@example.com,F,2024-03-06,Jl. Gajah Mada No. 170,Bekasi,Jawa Barat
CUST00236,Ahmad Puspitasari,ahmad.puspitasari.236@example.com,F,2024-04-30,Jl. Veteran No. 190,Pontianak,Kalimantan Barat
CUST00237,Rafi Hidayat,rafi.hidayat.237@example.com,F,2024-07-28,Jl. Pemuda No. 107,Medan,Sumatera Utara
CUST00238,Ilham Lestari,ilham.lestari.238@example.com,F,2024-06-18,Jl. Merdeka No. 245,Yogyakarta,DI Yogyakarta
CUST00239,Farah Hidayat,farah.hidayat.239@example.com,M,2024-09-13,Jl. Sudirman No. 26,Bekasi,Jawa Barat
CUST00240,Aulia Anggraini,aulia.anggraini.240@example.com,F,2024-01-24,Jl. Gajah Mada No. 38,Samarinda,Kalimantan Timur
CUST00241,Rafi Firmansyah,rafi.firmansyah.241@example.com,F,2024-03-25,Jl. Merdeka No. 30,Balikpapan,Kalimantan Timur
CUST00242,Ilham Utami,ilham.utami.242@example.com,M,2024-11-03,Jl. Gajah Mada No. 9,Surakarta,Jawa Tengah
CUST00243,Nabila Santoso,nabila.santoso.243@example.com,M,2024-04-23,Jl. Merdeka No. 12,Bekasi,Jawa Barat
CUST00244,Hendra Syahputra,hendra.syahputra.244@example.com,M,2024-05-31,Jl. Merdeka No. 66,Bekasi,Jawa Barat
CUST00245,Rafi Ramadhan,rafi.ramadhan.245@example.com,M,2024-06-16,Jl. Kenanga No. 146,Surabaya,Jawa Timur
CUST00246,Rizky Maulana,rizky.maulana.246@example.com,F,2024-04-22,Jl. Pemuda No. 118,Malang,Jawa Timur
CUST00247,Aisyah Maulana,aisyah.maulana.247@example.com,M,2024-10-23,Jl. Pemuda No. 147,Balikpapan,Kalimantan Timur
CUST00248,Aulia Wijaya,aulia.wijaya.248@example.com,M,2024-04-28,Jl. Melati No. 99,Jakarta,DKI Jakarta
CUST00249,Rafi Lestari,rafi.lestari.249@example.com,M,2024-11-30,Jl. Melati No. 70,Surakarta,Jawa Tengah
CUST00250,Nabila Saputra,nabila.saputra.250@example.com,M,2024-08-12,Jl. Pemuda No. 122,Semarang,Jawa Tengah
CUST00251,Rina Hidayat,rina.hidayat.251@example.com,F,2024-07-17,Jl. Merdeka No. 192,Surakarta,Jawa Tengah
CUST00252,Galih Permana,galih.permana.252@example.com,M,2024-11-25,Jl. Sudirman No. 20,Bandung,Jawa Barat
CUST00253,Fajar Hakim,fajar.hakim.253@example.com,F,2024-08-11,Jl. Merdeka No. 76,Surabaya,Jawa Timur
CUST00254,Farah Puspitasari,farah.puspitasari.254@example.com,M,2024-03-18,Jl. Pemuda No. 85,Bantul,DI Yogyakarta
CUST00255,Bayu Puspitasari,bayu.puspitasari.255@example.com,F,2024-06-05,Jl. Melati No. 103,Medan,Sumatera Utara
CUST00256,Tiara Permana,tiara.permana.256@example.com,F,2024-05-27,Jl. Melati No. 197,Bantul,DI Yogyakarta
CUST00257,Intan Maulana,intan.maulana.257@example.com,F,2024-04-08,Jl. Pemuda No. 40,Bantul,DI Yogyakarta
CUST00258,Maya Utami,maya.utami.258@example.com,M,2024-06-25,Jl. Melati No. 31,Surabaya,Jawa Timur
CUST00259,Nabila Rahmawati,nabila.rahmawati.259@example.com,F,2024-09-21,Jl. Melati No. 127,Bogor,Jawa Barat
CUST00260,Andi Permana,andi.permana.260@example.com,F,2024-07-08,Jl. Veteran No. 167,Sleman,DI Yogyakarta
CUST00261,Maya Santoso,maya.santoso.261@example.com,M,2024-01-26,Jl. Diponegoro No. 165,Palembang,Sumatera Selatan
CUST00262,Adit Wulandari,adit.wulandari.262@example.com,M,2024-07-22,Jl. Gajah Mada No. 151,Yogyakarta,DI Yogyakarta
CUST00263,Raka Setiawan,raka.setiawan.263@example.com,M,2024-02-14,Jl. Veteran No. 76,Makassar,Sulawesi Selatan
CUST00264,Ilham Maulana,ilham.maulana.264@example.com,F,2024-07-10,Jl. Sudirman No. 153,Bogor,Jawa Barat
CUST00265,Maya Wulandari,maya.wulandari.265@example.com,F,2024-12-26,Jl. Merdeka No. 130,Pontianak,Kalimantan Barat
CUST00266,Bagas Setiawan,bagas.setiawan.266@example.com,F,2024-12-25,Jl. Merdeka No. 240,Semarang,Jawa Tengah
CUST00267,Maya Puspitasari,maya.puspitasari.267@example.com,M,2024-03-07,Jl. Diponegoro No. 45,Bekasi,Jawa Barat
CUST00268,Naufal Permana,naufal.permana.268@example.com,F,2024-08-16,Jl. Gajah Mada No. 182,Depok,Jawa Barat
CUST00269,Aisyah Rahmawati,aisyah.rahmawati.269@example.com,M,2024-03-17,Jl. Diponegoro No. 131,Samarinda,Kalimantan Timur
CUST00270,Dimas Hidayat,dimas.hidayat.270@example.com,F,2024-10-23,Jl. Melati No. 160,Palembang,Sumatera Selatan
CUST00271,Rina Puspitasari,rina.puspitasari.271@example.com,M,2024-12-27,Jl. Gajah Mada No. 110,Balikpapan,Kalimantan Timur
CUST00272,Bima Anggraini,bima.anggraini.272@example.com,F,2024-08-15,Jl. Sudirman No. 145,Semarang,Jawa Tengah
CUST00273,Farah Wulandari,farah.wulandari.273@example.com,M,2024-12-17,Jl. Merdeka No. 229,Malang,Jawa Timur
CUST00274,Arif Nugroho,arif.nugroho.274@example.com,F,2024-04-11,Jl. Melati No. 218,Yogyakarta,DI Yogyakarta
CUST00275,Ilham Santoso,ilham.santoso.275@example.com,M,2024-09-05,Jl. Melati No. 216,Bekasi,Jawa Barat
CUST00276,Reza Setiawan,reza.setiawan.276@example.com,F,2024-06-19,Jl. Sudirman No. 123,Semarang,Jawa Tengah
CUST00277,Putri Hidayat,putri.hidayat.277@example.com,F,2024-11-19,Jl. Merdeka No. 43,Depok,Jawa Barat
CUST00278,Dimas Rahmawati,dimas.rahmawati.278@example.com,F,2024-02-18,Jl. Pemuda No. 28,Surabaya,Jawa Timur
CUST00279,Dewi Utami,dewi.utami.279@example.com,F,2024-07-05,Jl. Gajah Mada No. 247,Surabaya,Jawa Timur
CUST00280,Ilham Wijaya,ilham.wijaya.280@example.com,F,2024-01-28,Jl. Merdeka No. 61,Samarinda,Kalimantan Timur
CUST00281,Andi Wijaya,andi.wijaya.281@example.com,F,2024-10-08,Jl. Melati No. 2,Medan,Sumatera Utara
CUST00282,Arif Ramadhan,arif.ramadhan.282@example.com,M,2024-11-27,Jl. Veteran No. 154,Bogor,Jawa Barat
CUST00283,Rafi Lestari,rafi.lestari.283@example.com,M,2024-06-13,Jl. Pemuda No. 70,Semarang,Jawa Tengah
CUST00284,Bagas Firmansyah,bagas.firmansyah.284@example.com,F,2024-09-15,Jl. Merdeka No. 114,Bekasi,Jawa Barat
CUST00285,Intan Kurniawan,intan.kurniawan.285@example.com,F,2024-10-12,Jl. Kenanga No. 131,Yogyakarta,DI Yogyakarta
CUST00286,Adit Setiawan,adit.setiawan.286@example.com,M,2024-12-11,Jl. Merdeka No. 17,Jakarta,DKI Jakarta
CUST00287,Reza Hakim,reza.hakim.287@example.com,F,2024-03-22,Jl. Sudirman No. 183,Sleman,DI Yogyakarta
CUST00288,Bagas Santoso,bagas.santoso.288@example.com,M,2024-11-29,Jl. Pemuda No. 52,Bogor,Jawa Barat
CUST00289,Rafi Anggraini,rafi.anggraini.289@example.com,F,2024-05-17,Jl. Melati No. 53,Bogor,Jawa Barat
CUST00290,Arif Wijaya,arif.wijaya.290@example.com,M,2024-06-10,Jl. Merdeka No. 202,Jakarta,DKI Jakarta
CUST00291,Ahmad Utami,ahmad.utami.291@example.com,M,2024-01-23,Jl. Veteran No. 116,Bogor,Jawa Barat
CUST00292,Aisyah Pratama,aisyah.pratama.292@example.com,F,2024-05-09,Jl. Gajah Mada No. 102,Balikpapan,Kalimantan Timur
CUST00293,Rizky Hakim,rizky.hakim.293@example.com,F,2024-08-12,Jl. Melati No. 18,Bogor,Jawa Barat
CUST00294,Putri Anggraini,putri.anggraini.294@example.com,M,2024-07-21,Jl. Sudirman No. 79,Bantul,DI Yogyakarta
CUST00295,Rafi Nugroho,rafi.nugroho.295@example.com,F,2024-04-23,Jl. Gajah Mada No. 233,Sleman,DI Yogyakarta
CUST00296,Fajar Lestari,fajar.lestari.296@example.com,F,2024-04-19,Jl. Kenanga No. 236,Depok,Jawa Barat
CUST00297,Bima Syahputra,bima.syahputra.297@example.com,M,2024-05-21,Jl. Diponegoro No. 201,Bandung,Jawa Barat
CUST00298,Bayu Santoso,bayu.santoso.298@example.com,M,2024-11-28,Jl. Kenanga No. 31,Bekasi,Jawa Barat
CUST00299,Putri Wijaya,putri.wijaya.299@example.com,M,2024-01-11,Jl. Veteran No. 164,Palembang,Sumatera Selatan
CUST00300,Rizky Saputra,rizky.saputra.300@example.com,M,2024-05-26,Jl. Veteran No. 115,Bogor,Jawa Barat
CUST00301,Aisyah Rahmawati,aisyah.rahmawati.301@example.com,F,2024-04-21,Jl. Melati No. 26,Bantul,DI Yogyakarta
CUST00302,Putri Setiawan,putri.setiawan.302@example.com,M,2024-03-20,Jl. Diponegoro No. 118,Malang,Jawa Timur
CUST00303,Raka Firmansyah,raka.firmansyah.303@example.com,F,2024-08-09,Jl. Merdeka No. 166,Medan,Sumatera Utara
CUST00304,Dimas Wulandari,dimas.wulandari.304@example.com,M,2024-11-29,Jl. Gajah Mada No. 238,Sleman,DI Yogyakarta
CUST00305,Siti Ramadhan,siti.ramadhan.305@example.com,F,2024-08-11,Jl. Kenanga No. 174,Medan,Sumatera Utara
CUST00306,Bayu Rahmawati,bayu.rahmawati.306@example.com,F,2024-10-26,Jl. Kenanga No. 23,Bogor,Jawa Barat
CUST00307,Aisyah Saputra,aisyah.saputra.307@example.com,F,2024-06-01,Jl. Sudirman No. 210,Balikpapan,Kalimantan Timur
CUST00308,Adit Nugroho,adit.nugroho.308@example.com,F,2024-04-27,Jl. Kenanga No. 143,Palembang,Sumatera Selatan
CUST00309,Adit Anggraini,adit.anggraini.309@example.com,F,2024-11-01,Jl. Veteran No. 87,Makassar,Sulawesi Selatan
CUST00310,Yoga Utami,yoga.utami.310@example.com,F,2024-04-02,Jl. Merdeka No. 60,Semarang,Jawa Tengah
CUST00311,Naufal Setiawan,naufal.setiawan.311@example.com,F,2024-12-11,Jl. Gajah Mada No. 156,Bandung,Jawa Barat
CUST00312,Aisyah Pratama,aisyah.pratama.312@example.com,F,2024-11-02,Jl. Kenanga No. 79,Sleman,DI Yogyakarta
CUST00313,Galih Santoso,galih.santoso.313@example.com,M,2024-11-29,Jl. Gajah Mada No. 84,Yogyakarta,DI Yogyakarta
CUST00314,Reza Nugroho,reza.nugroho.314@example.com,F,2024-01-05,Jl. Pemuda No. 78,Denpasar,Bali
CUST00315,Andi Anggraini,andi.anggraini.315@example.com,M,2024-06-02,Jl. Veteran No. 223,Bandung,Jawa Barat
CUST00316,Arif Hidayat,arif.hidayat.316@example.com,M,2024-01-23,Jl. Merdeka No. 96,Bandung,Jawa Barat
CUST00317,Maya Maulana,maya.maulana.317@example.com,M,2024-05-06,Jl. Veteran No. 156,Medan,Sumatera Utara
CUST00318,Adit Nugroho,adit.nugroho.318@example.com,F,2024-10-27,Jl. Merdeka No. 146,Yogyakarta,DI Yogyakarta
CUST00319,Aulia Anggraini,aulia.anggraini.319@example.com,F,2024-11-23,Jl. Pemuda No. 99,Balikpapan,Kalimantan Timur
CUST00320,Hendra Setiawan,hendra.setiawan.320@example.com,M,2024-05-05,Jl. Pemuda No. 124,Depok,Jawa Barat
CUST00321,Rina Kurniawan,rina.kurniawan.321@example.com,M,2024-12-09,Jl. Pemuda No. 181,Denpasar,Bali
CUST00322,Dimas Syahputra,dimas.syahputra.322@example.com,F,2024-02-09,Jl. Sudirman No. 225,Medan,Sumatera Utara
CUST00323,Naufal Nugroho,naufal.nugroho.323@example.com,F,2024-01-07,Jl. Merdeka No. 240,Depok,Jawa Barat
CUST00324,Rizky Lestari,rizky.lestari.324@example.com,F,2024-08-09,Jl. Merdeka No. 58,Denpasar,Bali
CUST00325,Intan Wulandari,intan.wulandari.325@example.com,M,2024-08-06,Jl. Kenanga No. 225,Yogyakarta,DI Yogyakarta
CUST00326,Ilham Lestari,ilham.lestari.326@example.com,M,2024-10-01,Jl. Melati No. 77,Balikpapan,Kalimantan Timur
CUST00327,Rina Anggraini,rina.anggraini.327@example.com,M,2024-07-22,Jl. Merdeka No. 189,Bekasi,Jawa Barat
CUST00328,Adit Wulandari,adit.wulandari.328@example.com,F,2024-12-28,Jl. Merdeka No. 91,Makassar,Sulawesi Selatan
CUST00329,Raka Saputra,raka.saputra.329@example.com,F,2024-09-01,Jl. Pemuda No. 95,Tangerang,Banten
CUST00330,Putri Syahputra,putri.syahputra.330@example.com,M,2024-01-12,Jl. Melati No. 70,Denpasar,Bali
CUST00331,Nadia Maulana,nadia.maulana.331@example.com,M,2024-03-25,Jl. Sudirman No. 90,Surakarta,Jawa Tengah
CUST00332,Tiara Hidayat,tiara.hidayat.332@example.com,M,2024-01-07,Jl. Veteran No. 18,Pontianak,Kalimantan Barat
CUST00333,Nabila Syahputra,nabila.syahputra.333@example.com,M,2024-01-26,Jl. Merdeka No. 185,Makassar,Sulawesi Selatan
CUST00334,Arif Santoso,arif.santoso.334@example.com,F,2024-03-26,Jl. Merdeka No. 243,Surabaya,Jawa Timur
CUST00335,Maya Permana,maya.permana.335@example.com,M,2024-07-29,Jl. Gajah Mada No. 208,Surabaya,Jawa Timur
CUST00336,Rina Utami,rina.utami.336@example.com,F,2024-10-04,Jl. Melati No. 74,Malang,Jawa Timur
CUST00337,Naufal Ramadhan,naufal.ramadhan.337@example.com,F,2024-08-22,Jl. Melati No. 219,Medan,Sumatera Utara
CUST00338,Rina Permana,rina.permana.338@example.com,F,2024-08-06,Jl. Pemuda No. 158,Malang,Jawa Timur
CUST00339,Aulia Pratama,aulia.pratama.339@example.com,F,2024-05-29,Jl. Kenanga No. 207,Bekasi,Jawa Barat
CUST00340,Nabila Wijaya,nabila.wijaya.340@example.com,F,2024-12-08,Jl. Sudirman No. 72,Bekasi,Jawa Barat
CUST00341,Bagas Kurniawan,bagas.kurniawan.341@example.com,F,2024-02-03,Jl. Kenanga No. 38,Palembang,Sumatera Selatan
CUST00342,Andi Wijaya,andi.wijaya.342@example.com,F,2024-12-23,Jl. Melati No. 34,Depok,Jawa Barat
CUST00343,Ilham Kurniawan,ilham.kurniawan.343@example.com,M,2024-01-01,Jl. Sudirman No. 82,Denpasar,Bali
CUST00344,Rizky Anggraini,rizky.anggraini.344@example.com,M,2024-06-02,Jl. Kenanga No. 16,Depok,Jawa Barat
CUST00345,Rizky Anggraini,rizky.anggraini.345@example.com,F,2024-06-30,Jl. Gajah Mada No. 14,Bantul,DI Yogyakarta
CUST00346,Aulia Firmansyah,aulia.firmansyah.346@example.com,F,2024-12-13,Jl. Veteran No. 189,Semarang,Jawa Tengah
CUST00347,Galih Firmansyah,galih.firmansyah.347@example.com,M,2024-02-17,Jl. Sudirman No. 10,Medan,Sumatera Utara
CUST00348,Aulia Puspitasari,aulia.puspitasari.348@example.com,M,2024-12-15,Jl. Sudirman No. 79,Makassar,Sulawesi Selatan
CUST00349,Maya Pratama,maya.pratama.349@example.com,F,2024-05-30,Jl. Melati No. 59,Denpasar,Bali
CUST00350,Intan Nugroho,intan.nugroho.350@example.com,F,2024-04-27,Jl. Kenanga No. 183,Medan,Sumatera Utara
CUST00351,Raka Anggraini,raka.anggraini.351@example.com,F,2024-11-20,Jl. Veteran No. 103,Semarang,Jawa Tengah
CUST00352,Putri Hakim,putri.hakim.352@example.com,M,2024-02-06,Jl. Veteran No. 230,Denpasar,Bali
CUST00353,Ahmad Pratama,ahmad.pratama.353@example.com,M,2024-02-07,Jl. Gajah Mada No. 82,Yogyakarta,DI Yogyakarta
CUST00354,Aisyah Lestari,aisyah.lestari.354@example.com,M,2024-09-20,Jl. Diponegoro No. 181,Bogor,Jawa Barat
CUST00355,Bima Hakim,bima.hakim.355@example.com,F,2024-12-02,Jl. Sudirman No. 114,Bantul,DI Yogyakarta
CUST00356,Yoga Puspitasari,yoga.puspitasari.356@example.com,F,2024-09-19,Jl. Kenanga No. 44,Jakarta,DKI Jakarta
CUST00357,Ilham Wijaya,ilham.wijaya.357@example.com,M,2024-03-07,Jl. Merdeka No. 40,Samarinda,Kalimantan Timur
CUST00358,Yoga Ramadhan,yoga.ramadhan.358@example.com,M,2024-03-18,Jl. Gajah Mada No. 218,Malang,Jawa Timur
CUST00359,Aulia Santoso,aulia.santoso.359@example.com,M,2024-08-09,Jl. Gajah Mada No. 47,Medan,Sumatera Utara
CUST00360,Bima Ramadhan,bima.ramadhan.360@example.com,F,2024-05-28,Jl. Kenanga No. 141,Bekasi,Jawa Barat
CUST00361,Arif Pratama,arif.pratama.361@example.com,M,2024-10-14,Jl. Melati No. 160,Bekasi,Jawa Barat
CUST00362,Ilham Maulana,ilham.maulana.362@example.com,M,2024-06-08,Jl. Veteran No. 231,Semarang,Jawa Tengah
CUST00363,Galih Permana,galih.permana.363@example.com,M,2024-07-01,Jl. Merdeka No. 93,Bantul,DI Yogyakarta
CUST00364,Aulia Setiawan,aulia.setiawan.364@example.com,M,2024-07-19,Jl. Sudirman No. 161,Jakarta,DKI Jakarta
CUST00365,Naufal Wulandari,naufal.wulandari.365@example.com,F,2024-05-19,Jl. Sudirman No. 84,Malang,Jawa Timur
CUST00366,Siti Lestari,siti.lestari.366@example.com,F,2024-01-07,Jl. Kenanga No. 216,Surabaya,Jawa Timur
CUST00367,Hendra Saputra,hendra.saputra.367@example.com,F,2024-01-18,Jl. Sudirman No. 37,Balikpapan,Kalimantan Timur
CUST00368,Hendra Permana,hendra.permana.368@example.com,F,2024-02-13,Jl. Diponegoro No. 6,Depok,Jawa Barat
CUST00369,Nabila Ramadhan,nabila.ramadhan.369@example.com,F,2024-01-01,Jl. Merdeka No. 64,Bogor,Jawa Barat
CUST00370,Galih Saputra,galih.saputra.370@example.com,M,2024-06-16,Jl. Sudirman No. 156,Denpasar,Bali
CUST00371,Tiara Pratama,tiara.pratama.371@example.com,F,2024-11-16,Jl. Melati No. 49,Balikpapan,Kalimantan Timur
CUST00372,Aulia Puspitasari,aulia.puspitasari.372@example.com,F,2024-11-18,Jl. Veteran No. 199,Malang,Jawa Timur
CUST00373,Hendra Nugroho,hendra.nugroho.373@example.com,M,2024-12-07,Jl. Merdeka No. 205,Bandung,Jawa Barat
CUST00374,Siti Puspitasari,siti.puspitasari.374@example.com,M,2024-01-28,Jl. Melati No. 176,Bandung,Jawa Barat
CUST00375,Intan Setiawan,intan.setiawan.375@example.com,M,2024-11-20,Jl. Kenanga No. 177,Balikpapan,Kalimantan Timur
CUST00376,Dewi Maulana,dewi.maulana.376@example.com,M,2024-10-26,Jl. Melati No. 15,Sleman,DI Yogyakarta
CUST00377,Siti Wulandari,siti.wulandari.377@example.com,F,2024-01-17,Jl. Gajah Mada No. 96,Bogor,Jawa Barat
CUST00378,Andi Ramadhan,andi.ramadhan.378@example.com,M,2024-10-22,Jl. Diponegoro No. 137,Bandung,Jawa Barat
CUST00379,Putri Utami,putri.utami.379@example.com,F,2024-03-04,Jl. Merdeka No. 185,Depok,Jawa Barat
CUST00380,Aulia Syahputra,aulia.syahputra.380@example.com,F,2024-10-12,Jl. Gajah Mada No. 109,Denpasar,Bali
CUST00381,Galih Kurniawan,galih.kurniawan.381@example.com,M,2024-02-13,Jl. Sudirman No. 181,Bantul,DI Yogyakarta
CUST00382,Reza Ramadhan,reza.ramadhan.382@example.com,M,2024-03-15,Jl. Merdeka No. 193,Samarinda,Kalimantan Timur
CUST00383,Dewi Maulana,dewi.maulana.383@example.com,M,2024-06-07,Jl. Gajah Mada No. 225,Malang,Jawa Timur
CUST00384,Tiara Saputra,tiara.saputra.384@example.com,M,2024-08-06,Jl. Kenanga No. 103,Yogyakarta,DI Yogyakarta
CUST00385,Farah Setiawan,farah.setiawan.385@example.com,M,2024-11-24,Jl. Pemuda No. 151,Samarinda,Kalimantan Timur
CUST00386,Maya Kurniawan,maya.kurniawan.386@example.com,F,2024-12-29,Jl. Melati No. 215,Tangerang,Banten
CUST00387,Reza Firmansyah,reza.firmansyah.387@example.com,M,2024-04-22,Jl. Melati No. 234,Sleman,DI Yogyakarta
CUST00388,Rafi Firmansyah,rafi.firmansyah.388@example.com,M,2024-05-30,Jl. Diponegoro No. 87,Tangerang,Banten
CUST00389,Ahmad Permana,ahmad.permana.389@example.com,F,2024-05-03,Jl. Gajah Mada No. 162,Bandung,Jawa Barat
CUST00390,Nabila Syahputra,nabila.syahputra.390@example.com,M,2024-01-08,Jl. Gajah Mada No. 211,Semarang,Jawa Tengah
CUST00391,Putri Utami,putri.utami.391@example.com,F,2024-01-15,Jl. Kenanga No. 38,Tangerang,Banten
CUST00392,Fajar Lestari,fajar.lestari.392@example.com,M,2024-08-11,Jl. Gajah Mada No. 2,Pontianak,Kalimantan Barat
CUST00393,Nadia Anggraini,nadia.anggraini.393@example.com,F,2024-01-14,Jl. Sudirman No. 103,Depok,Jawa Barat
CUST00394,Intan Saputra,intan.saputra.394@example.com,M,2024-07-25,Jl. Gajah Mada No. 140,Malang,Jawa Timur
CUST00395,Reza Wijaya,reza.wijaya.395@example.com,F,2024-03-11,Jl. Diponegoro No. 212,Bogor,Jawa Barat
CUST00396,Rafi Anggraini,rafi.anggraini.396@example.com,M,2024-03-24,Jl. Kenanga No. 193,Makassar,Sulawesi Selatan
CUST00397,Nadia Permana,nadia.permana.397@example.com,M,2025-01-01,Jl. Diponegoro No. 175,Surakarta,Jawa Tengah
CUST00398,Ilham Pratama,ilham.pratama.398@example.com,F,2024-03-13,Jl. Gajah Mada No. 214,Semarang,Jawa Tengah
CUST00399,Rina Santoso,rina.santoso.399@example.com,M,2024-09-16,Jl. Sudirman No. 52,Jakarta,DKI Jakarta
CUST00400,Ilham Nugroho,ilham.nugroho.400@example.com,M,2024-11-28,Jl. Melati No. 181,Surabaya,Jawa Timur
CUST00401,Reza Santoso,reza.santoso.401@example.com,F,2024-04-17,Jl. Pemuda No. 58,Bogor,Jawa Barat
CUST00402,Bayu Wijaya,bayu.wijaya.402@example.com,M,2024-03-25,Jl. Sudirman No. 244,Depok,Jawa Barat
CUST00403,Nadia Hakim,nadia.hakim.403@example.com,M,2024-04-27,Jl. Sudirman No. 138,Semarang,Jawa Tengah
CUST00404,Aulia Utami,aulia.utami.404@example.com,F,2024-04-11,Jl. Sudirman No. 201,Makassar,Sulawesi Selatan
CUST00405,Ilham Setiawan,ilham.setiawan.405@example.com,M,2024-11-16,Jl. Melati No. 118,Sleman,DI Yogyakarta
CUST00406,Tiara Santoso,tiara.santoso.406@example.com,F,2024-09-22,Jl. Pemuda No. 142,Medan,Sumatera Utara
CUST00407,Farah Hidayat,farah.hidayat.407@example.com,M,2024-04-03,Jl. Gajah Mada No. 55,Malang,Jawa Timur
CUST00408,Raka Maulana,raka.maulana.408@example.com,M,2024-02-08,Jl. Kenanga No. 214,Malang,Jawa Timur
CUST00409,Nabila Lestari,nabila.lestari.409@example.com,M,2024-12-25,Jl. Veteran No. 84,Pontianak,Kalimantan Barat
CUST00410,Ilham Anggraini,ilham.anggraini.410@example.com,F,2024-09-25,Jl. Veteran No. 33,Samarinda,Kalimantan Timur
CUST00411,Intan Hidayat,intan.hidayat.411@example.com,M,2024-03-24,Jl. Diponegoro No. 5,Bekasi,Jawa Barat
CUST00412,Siti Utami,siti.utami.412@example.com,F,2024-02-13,Jl. Merdeka No. 165,Malang,Jawa Timur
CUST00413,Intan Lestari,intan.lestari.413@example.com,M,2024-03-16,Jl. Merdeka No. 226,Depok,Jawa Barat
CUST00414,Tiara Wijaya,tiara.wijaya.414@example.com,M,2024-08-27,Jl. Veteran No. 204,Tangerang,Banten
CUST00415,Galih Wulandari,galih.wulandari.415@example.com,M,2024-07-25,Jl. Veteran No. 2,Tangerang,Banten
CUST00416,Raka Rahmawati,raka.rahmawati.416@example.com,F,2024-07-16,Jl. Diponegoro No. 238,Makassar,Sulawesi Selatan
CUST00417,Bayu Puspitasari,bayu.puspitasari.417@example.com,F,2024-07-18,Jl. Gajah Mada No. 11,Depok,Jawa Barat
CUST00418,Ilham Syahputra,ilham.syahputra.418@example.com,M,2024-08-07,Jl. Diponegoro No. 169,Samarinda,Kalimantan Timur
CUST00419,Dimas Santoso,dimas.santoso.419@example.com,M,2024-01-12,Jl. Diponegoro No. 68,Depok,Jawa Barat
CUST00420,Hendra Wulandari,hendra.wulandari.420@example.com,M,2024-05-27,Jl. Merdeka No. 14,Pontianak,Kalimantan Barat
CUST00421,Andi Kurniawan,andi.kurniawan.421@example.com,M,2024-04-19,Jl. Pemuda No. 9,Denpasar,Bali
CUST00422,Adit Rahmawati,adit.rahmawati.422@example.com,F,2024-01-16,Jl. Veteran No. 44,Depok,Jawa Barat
CUST00423,Dimas Pratama,dimas.pratama.423@example.com,F,2024-12-11,Jl. Sudirman No. 192,Bogor,Jawa Barat
CUST00424,Rizky Firmansyah,rizky.firmansyah.424@example.com,M,2024-01-24,Jl. Merdeka No. 202,Depok,Jawa Barat
CUST00425,Bima Hidayat,bima.hidayat.425@example.com,F,2024-05-18,Jl. Veteran No. 179,Bantul,DI Yogyakarta
CUST00426,Reza Saputra,reza.saputra.426@example.com,F,2024-07-15,Jl. Pemuda No. 108,Pontianak,Kalimantan Barat
CUST00427,Rafi Ramadhan,rafi.ramadhan.427@example.com,M,2024-05-07,Jl. Pemuda No. 83,Sleman,DI Yogyakarta
CUST00428,Dimas Hakim,dimas.hakim.428@example.com,F,2024-09-17,Jl. Gajah Mada No. 70,Semarang,Jawa Tengah
CUST00429,Rizky Anggraini,rizky.anggraini.429@example.com,F,2024-02-21,Jl. Veteran No. 138,Makassar,Sulawesi Selatan
CUST00430,Intan Wijaya,intan.wijaya.430@example.com,F,2024-05-02,Jl. Sudirman No. 35,Jakarta,DKI Jakarta
CUST00431,Fajar Rahmawati,fajar.rahmawati.431@example.com,F,2024-12-27,Jl. Merdeka No. 94,Depok,Jawa Barat
CUST00432,Siti Maulana,siti.maulana.432@example.com,M,2024-06-28,Jl. Melati No. 176,Sleman,DI Yogyakarta
CUST00433,Rafi Utami,rafi.utami.433@example.com,M,2024-07-23,Jl. Sudirman No. 9,Surabaya,Jawa Timur
CUST00434,Aisyah Firmansyah,aisyah.firmansyah.434@example.com,F,2024-06-01,Jl. Kenanga No. 71,Yogyakarta,DI Yogyakarta
CUST00435,Farah Puspitasari,farah.puspitasari.435@example.com,M,2024-07-10,Jl. Sudirman No. 142,Sleman,DI Yogyakarta
CUST00436,Ahmad Wulandari,ahmad.wulandari.436@example.com,F,2024-10-21,Jl. Sudirman No. 38,Bekasi,Jawa Barat
CUST00437,Galih Lestari,galih.lestari.437@example.com,M,2024-06-30,Jl. Merdeka No. 221,Bantul,DI Yogyakarta
CUST00438,Nadia Saputra,nadia.saputra.438@example.com,F,2024-04-08,Jl. Sudirman No. 176,Denpasar,Bali
CUST00439,Fajar Nugroho,fajar.nugroho.439@example.com,M,2024-07-20,Jl. Melati No. 167,Sleman,DI Yogyakarta
CUST00440,Bagas Wulandari,bagas.wulandari.440@example.com,M,2024-06-26,Jl. Diponegoro No. 142,Bantul,DI Yogyakarta
CUST00441,Nadia Lestari,nadia.lestari.441@example.com,F,2024-03-10,Jl. Kenanga No. 62,Surakarta,Jawa Tengah
CUST00442,Hendra Pratama,hendra.pratama.442@example.com,F,2024-07-10,Jl. Melati No. 35,Balikpapan,Kalimantan Timur
CUST00443,Yoga Ramadhan,yoga.ramadhan.443@example.com,M,2024-10-01,Jl. Melati No. 65,Bogor,Jawa Barat
CUST00444,Dewi Firmansyah,dewi.firmansyah.444@example.com,F,2024-10-23,Jl. Diponegoro No. 104,Sleman,DI Yogyakarta
CUST00445,Ahmad Hidayat,ahmad.hidayat.445@example.com,M,2024-03-20,Jl. Merdeka No. 242,Palembang,Sumatera Selatan
CUST00446,Bayu Wijaya,bayu.wijaya.446@example.com,F,2024-10-13,Jl. Melati No. 87,Tangerang,Banten
CUST00447,Maya Syahputra,maya.syahputra.447@example.com,F,2024-03-21,Jl. Kenanga No. 133,Bantul,DI Yogyakarta
CUST00448,Rizky Firmansyah,rizky.firmansyah.448@example.com,M,2024-12-07,Jl. Gajah Mada No. 185,Bogor,Jawa Barat
CUST00449,Naufal Rahmawati,naufal.rahmawati.449@example.com,F,2024-01-19,Jl. Veteran No. 57,Makassar,Sulawesi Selatan
CUST00450,Adit Anggraini,adit.anggraini.450@example.com,F,2024-03-17,Jl. Melati No. 87,Tangerang,Banten
CUST00451,Galih Pratama,galih.pratama.451@example.com,M,2024-04-28,Jl. Melati No. 59,Medan,Sumatera Utara
CUST00452,Andi Syahputra,andi.syahputra.452@example.com,F,2024-02-22,Jl. Melati No. 179,Surakarta,Jawa Tengah
CUST00453,Arif Rahmawati,arif.rahmawati.453@example.com,F,2024-07-10,Jl. Melati No. 152,Semarang,Jawa Tengah
CUST00454,Adit Anggraini,adit.anggraini.454@example.com,F,2024-08-26,Jl. Melati No. 155,Palembang,Sumatera Selatan
CUST00455,Galih Rahmawati,galih.rahmawati.455@example.com,F,2024-07-04,Jl. Diponegoro No. 78,Pontianak,Kalimantan Barat
CUST00456,Andi Setiawan,andi.setiawan.456@example.com,M,2024-04-29,Jl. Veteran No. 25,Surabaya,Jawa Timur
CUST00457,Ahmad Anggraini,ahmad.anggraini.457@example.com,F,2024-06-17,Jl. Kenanga No. 65,Jakarta,DKI Jakarta
CUST00458,Tiara Wijaya,tiara.wijaya.458@example.com,F,2024-03-25,Jl. Sudirman No. 127,Semarang,Jawa Tengah
CUST00459,Bima Nugroho,bima.nugroho.459@example.com,M,2024-11-10,Jl. Melati No. 243,Samarinda,Kalimantan Timur
CUST00460,Siti Puspitasari,siti.puspitasari.460@example.com,F,2024-09-21,Jl. Kenanga No. 38,Bandung,Jawa Barat
CUST00461,Reza Maulana,reza.maulana.461@example.com,F,2024-06-19,Jl. Gajah Mada No. 116,Yogyakarta,DI Yogyakarta
CUST00462,Hendra Ramadhan,hendra.ramadhan.462@example.com,M,2024-07-28,Jl. Merdeka No. 36,Samarinda,Kalimantan Timur
CUST00463,Rafi Utami,rafi.utami.463@example.com,M,2024-10-30,Jl. Melati No. 56,Surakarta,Jawa Tengah
CUST00464,Dimas Setiawan,dimas.setiawan.464@example.com,M,2024-11-06,Jl. Melati No. 131,Makassar,Sulawesi Selatan
CUST00465,Ahmad Permana,ahmad.permana.465@example.com,F,2024-05-06,Jl. Pemuda No. 120,Pontianak,Kalimantan Barat
CUST00466,Raka Permana,raka.permana.466@example.com,F,2024-11-26,Jl. Veteran No. 175,Jakarta,DKI Jakarta
CUST00467,Dimas Nugroho,dimas.nugroho.467@example.com,F,2024-10-23,Jl. Veteran No. 75,Denpasar,Bali
CUST00468,Fajar Lestari,fajar.lestari.468@example.com,F,2024-11-23,Jl. Melati No. 150,Malang,Jawa Timur
CUST00469,Andi Anggraini,andi.anggraini.469@example.com,M,2024-10-25,Jl. Sudirman No. 68,Surakarta,Jawa Tengah
CUST00470,Siti Hakim,siti.hakim.470@example.com,M,2024-08-30,Jl. Kenanga No. 230,Tangerang,Banten
CUST00471,Bima Nugroho,bima.nugroho.471@example.com,F,2024-08-13,Jl. Veteran No. 155,Palembang,Sumatera Selatan
CUST00472,Yoga Firmansyah,yoga.firmansyah.472@example.com,F,2024-12-16,Jl. Pemuda No. 234,Depok,Jawa Barat
CUST00473,Galih Hidayat,galih.hidayat.473@example.com,F,2024-03-23,Jl. Melati No. 53,Bekasi,Jawa Barat
CUST00474,Rafi Kurniawan,rafi.kurniawan.474@example.com,F,2024-03-09,Jl. Sudirman No. 34,Denpasar,Bali
CUST00475,Rizky Pratama,rizky.pratama.475@example.com,M,2024-02-20,Jl. Veteran No. 228,Makassar,Sulawesi Selatan
CUST00476,Reza Firmansyah,reza.firmansyah.476@example.com,F,2024-04-26,Jl. Veteran No. 72,Surabaya,Jawa Timur
CUST00477,Tiara Santoso,tiara.santoso.477@example.com,M,2024-02-04,Jl. Melati No. 219,Semarang,Jawa Tengah
CUST00478,Tiara Anggraini,tiara.anggraini.478@example.com,F,2024-04-12,Jl. Sudirman No. 84,Balikpapan,Kalimantan Timur
CUST00479,Aulia Hakim,aulia.hakim.479@example.com,M,2024-07-07,Jl. Merdeka No. 147,Bekasi,Jawa Barat
CUST00480,Hendra Nugroho,hendra.nugroho.480@example.com,F,2024-06-06,Jl. Gajah Mada No. 194,Balikpapan,Kalimantan Timur
CUST00481,Rafi Hakim,rafi.hakim.481@example.com,F,2024-02-17,Jl. Kenanga No. 92,Surabaya,Jawa Timur
CUST00482,Nabila Hidayat,nabila.hidayat.482@example.com,M,2024-09-02,Jl. Veteran No. 19,Tangerang,Banten
CUST00483,Bayu Hakim,bayu.hakim.483@example.com,M,2024-11-16,Jl. Melati No. 33,Samarinda,Kalimantan Timur
CUST00484,Rafi Firmansyah,rafi.firmansyah.484@example.com,M,2024-08-11,Jl. Kenanga No. 168,Bantul,DI Yogyakarta
CUST00485,Nabila Setiawan,nabila.setiawan.485@example.com,F,2024-04-04,Jl. Diponegoro No. 164,Malang,Jawa Timur
CUST00486,Reza Syahputra,reza.syahputra.486@example.com,M,2024-05-06,Jl. Merdeka No. 197,Yogyakarta,DI Yogyakarta
CUST00487,Reza Wulandari,reza.wulandari.487@example.com,F,2024-08-21,Jl. Sudirman No. 165,Denpasar,Bali
CUST00488,Bagas Ramadhan,bagas.ramadhan.488@example.com,F,2024-04-29,Jl. Diponegoro No. 28,Yogyakarta,DI Yogyakarta
CUST00489,Rizky Utami,rizky.utami.489@example.com,F,2024-08-12,Jl. Gajah Mada No. 134,Samarinda,Kalimantan Timur
CUST00490,Farah Maulana,farah.maulana.490@example.com,M,2024-07-08,Jl. Gajah Mada No. 249,Yogyakarta,DI Yogyakarta
CUST00491,Farah Puspitasari,farah.puspitasari.491@example.com,F,2024-03-28,Jl. Diponegoro No. 20,Medan,Sumatera Utara
CUST00492,Bima Utami,bima.utami.492@example.com,M,2024-05-25,Jl. Sudirman No. 61,Depok,Jawa Barat
CUST00493,Raka Anggraini,raka.anggraini.493@example.com,F,2024-03-13,Jl. Melati No. 184,Palembang,Sumatera Selatan
CUST00494,Bayu Utami,bayu.utami.494@example.com,M,2024-04-10,Jl. Gajah Mada No. 162,Semarang,Jawa Tengah
CUST00495,Aulia Anggraini,aulia.anggraini.495@example.com,M,2024-08-19,Jl. Veteran No. 57,Depok,Jawa Barat
CUST00496,Rafi Puspitasari,rafi.puspitasari.496@example.com,M,2024-06-30,Jl. Pemuda No. 137,Sleman,DI Yogyakarta
CUST00497,Intan Maulana,intan.maulana.497@example.com,F,2024-09-25,Jl. Melati No. 34,Semarang,Jawa Tengah
CUST00498,Aisyah Wulandari,aisyah.wulandari.498@example.com,F,2024-12-26,Jl. Pemuda No. 19,Surakarta,Jawa Tengah
CUST00499,Reza Saputra,reza.saputra.499@example.com,M,2024-02-20,Jl. Sudirman No. 182,Denpasar,Bali
CUST00500,Farah Hakim,farah.hakim.500@example.com,F,2024-09-07,Jl. Gajah Mada No. 147,Surabaya,Jawa Timur
CUST00501,Dimas Wulandari,dimas.wulandari.501@example.com,M,2024-09-11,Jl. Pemuda No. 5,Pontianak,Kalimantan Barat
CUST00502,Rizky Ramadhan,rizky.ramadhan.502@example.com,M,2024-11-29,Jl. Merdeka No. 58,Bogor,Jawa Barat
CUST00503,Yoga Hidayat,yoga.hidayat.503@example.com,F,2024-04-16,Jl. Melati No. 81,Tangerang,Banten
CUST00504,Andi Firmansyah,andi.firmansyah.504@example.com,M,2024-12-03,Jl. Diponegoro No. 205,Bantul,DI Yogyakarta
CUST00505,Ilham Hidayat,ilham.hidayat.505@example.com,F,2024-03-25,Jl. Merdeka No. 232,Malang,Jawa Timur
CUST00506,Arif Utami,arif.utami.506@example.com,F,2024-04-28,Jl. Diponegoro No. 223,Makassar,Sulawesi Selatan
CUST00507,Ilham Hakim,ilham.hakim.507@example.com,F,2024-09-13,Jl. Diponegoro No. 46,Bekasi,Jawa Barat
CUST00508,Intan Firmansyah,intan.firmansyah.508@example.com,M,2024-12-21,Jl. Merdeka No. 65,Yogyakarta,DI Yogyakarta
CUST00509,Rafi Ramadhan,rafi.ramadhan.509@example.com,F,2024-02-19,Jl. Diponegoro No. 96,Depok,Jawa Barat
CUST00510,Arif Syahputra,arif.syahputra.510@example.com,M,2024-09-03,Jl. Gajah Mada No. 237,Tangerang,Banten
CUST00511,Siti Nugroho,siti.nugroho.511@example.com,M,2024-01-02,Jl. Gajah Mada No. 54,Pontianak,Kalimantan Barat
CUST00512,Aulia Syahputra,aulia.syahputra.512@example.com,M,2024-05-27,Jl. Diponegoro No. 60,Palembang,Sumatera Selatan
CUST00513,Tiara Lestari,tiara.lestari.513@example.com,M,2024-11-09,Jl. Sudirman No. 152,Sleman,DI Yogyakarta
CUST00514,Raka Santoso,raka.santoso.514@example.com,M,2024-04-23,Jl. Gajah Mada No. 187,Palembang,Sumatera Selatan
CUST00515,Maya Hidayat,maya.hidayat.515@example.com,F,2024-07-28,Jl. Veteran No. 18,Yogyakarta,DI Yogyakarta
CUST00516,Bima Wijaya,bima.wijaya.516@example.com,M,2024-02-13,Jl. Sudirman No. 25,Depok,Jawa Barat
CUST00517,Nabila Nugroho,nabila.nugroho.517@example.com,M,2024-09-21,Jl. Diponegoro No. 215,Surabaya,Jawa Timur
CUST00518,Rizky Puspitasari,rizky.puspitasari.518@example.com,F,2024-04-01,Jl. Kenanga No. 176,Depok,Jawa Barat
CUST00519,Ilham Firmansyah,ilham.firmansyah.519@example.com,M,2024-09-30,Jl. Kenanga No. 199,Malang,Jawa Timur
CUST00520,Hendra Wijaya,hendra.wijaya.520@example.com,F,2024-09-22,Jl. Melati No. 11,Medan,Sumatera Utara
CUST00521,Raka Saputra,raka.saputra.521@example.com,F,2024-01-11,Jl. Veteran No. 23,Bandung,Jawa Barat
CUST00522,Reza Wulandari,reza.wulandari.522@example.com,M,2024-01-14,Jl. Diponegoro No. 44,Palembang,Sumatera Selatan
CUST00523,Siti Ramadhan,siti.ramadhan.523@example.com,M,2024-03-19,Jl. Veteran No. 1,Depok,Jawa Barat
CUST00524,Ilham Lestari,ilham.lestari.524@example.com,M,2024-05-27,Jl. Sudirman No. 62,Semarang,Jawa Tengah
CUST00525,Bayu Ramadhan,bayu.ramadhan.525@example.com,F,2024-03-07,Jl. Veteran No. 124,Pontianak,Kalimantan Barat
CUST00526,Fajar Pratama,fajar.pratama.526@example.com,M,2024-03-15,Jl. Gajah Mada No. 134,Bandung,Jawa Barat
CUST00527,Intan Permana,intan.permana.527@example.com,M,2024-03-04,Jl. Sudirman No. 48,Depok,Jawa Barat
CUST00528,Ahmad Puspitasari,ahmad.puspitasari.528@example.com,M,2024-03-15,Jl. Pemuda No. 231,Surabaya,Jawa Timur
CUST00529,Arif Syahputra,arif.syahputra.529@example.com,M,2024-04-06,Jl. Pemuda No. 19,Tangerang,Banten
CUST00530,Aisyah Saputra,aisyah.saputra.530@example.com,F,2024-11-24,Jl. Merdeka No. 157,Surabaya,Jawa Timur
CUST00531,Bayu Lestari,bayu.lestari.531@example.com,M,2024-03-26,Jl. Pemuda No. 200,Malang,Jawa Timur
CUST00532,Fajar Wulandari,fajar.wulandari.532@example.com,M,2024-12-05,Jl. Sudirman No. 116,Makassar,Sulawesi Selatan
CUST00533,Dewi Kurniawan,dewi.kurniawan.533@example.com,M,2024-11-24,Jl. Diponegoro No. 193,Medan,Sumatera Utara
CUST00534,Aulia Nugroho,aulia.nugroho.534@example.com,M,2024-01-21,Jl. Kenanga No. 15,Makassar,Sulawesi Selatan
CUST00535,Putri Wijaya,putri.wijaya.535@example.com,F,2024-04-26,Jl. Veteran No. 185,Yogyakarta,DI Yogyakarta
CUST00536,Arif Maulana,arif.maulana.536@example.com,M,2024-12-23,Jl. Gajah Mada No. 60,Bekasi,Jawa Barat
CUST00537,Intan Hakim,intan.hakim.537@example.com,F,2024-05-09,Jl. Veteran No. 86,Sleman,DI Yogyakarta
CUST00538,Aisyah Wijaya,aisyah.wijaya.538@example.com,M,2024-05-27,Jl. Kenanga No. 213,Denpasar,Bali
CUST00539,Raka Anggraini,raka.anggraini.539@example.com,M,2024-05-21,Jl. Veteran No. 161,Surakarta,Jawa Tengah
CUST00540,Aisyah Saputra,aisyah.saputra.540@example.com,F,2024-01-14,Jl. Sudirman No. 65,Balikpapan,Kalimantan Timur
CUST00541,Maya Setiawan,maya.setiawan.541@example.com,F,2024-05-22,Jl. Diponegoro No. 204,Tangerang,Banten
CUST00542,Dimas Hakim,dimas.hakim.542@example.com,M,2024-11-21,Jl. Melati No. 2,Surabaya,Jawa Timur
CUST00543,Arif Santoso,arif.santoso.543@example.com,M,2024-05-25,Jl. Pemuda No. 160,Balikpapan,Kalimantan Timur
CUST00544,Ahmad Pratama,ahmad.pratama.544@example.com,F,2024-12-15,Jl. Diponegoro No. 34,Malang,Jawa Timur
CUST00545,Arif Wulandari,arif.wulandari.545@example.com,F,2024-08-21,Jl. Kenanga No. 47,Bekasi,Jawa Barat
CUST00546,Siti Pratama,siti.pratama.546@example.com,M,2024-07-18,Jl. Pemuda No. 139,Sleman,DI Yogyakarta
CUST00547,Rina Nugroho,rina.nugroho.547@example.com,F,2024-05-14,Jl. Pemuda No. 16,Palembang,Sumatera Selatan
CUST00548,Farah Firmansyah,farah.firmansyah.548@example.com,M,2024-01-22,Jl. Kenanga No. 130,Tangerang,Banten
CUST00549,Arif Hidayat,arif.hidayat.549@example.com,M,2024-08-09,Jl. Sudirman No. 130,Bandung,Jawa Barat
CUST00550,Bagas Hakim,bagas.hakim.550@example.com,F,2024-12-28,Jl. Melati No. 23,Bantul,DI Yogyakarta
CUST00551,Bayu Hidayat,bayu.hidayat.551@example.com,M,2024-03-11,Jl. Pemuda No. 217,Bogor,Jawa Barat
CUST00552,Dewi Hidayat,dewi.hidayat.552@example.com,M,2024-03-18,Jl. Diponegoro No. 234,Malang,Jawa Timur
CUST00553,Reza Setiawan,reza.setiawan.553@example.com,M,2024-10-11,Jl. Diponegoro No. 127,Denpasar,Bali
CUST00554,Yoga Rahmawati,yoga.rahmawati.554@example.com,F,2024-06-06,Jl. Kenanga No. 231,Jakarta,DKI Jakarta
CUST00555,Bayu Puspitasari,bayu.puspitasari.555@example.com,M,2024-12-28,Jl. Merdeka No. 69,Bantul,DI Yogyakarta
CUST00556,Galih Nugroho,galih.nugroho.556@example.com,F,2024-12-05,Jl. Gajah Mada No. 81,Balikpapan,Kalimantan Timur
CUST00557,Rizky Setiawan,rizky.setiawan.557@example.com,F,2024-01-05,Jl. Pemuda No. 6,Surabaya,Jawa Timur
CUST00558,Dimas Maulana,dimas.maulana.558@example.com,F,2024-11-01,Jl. Kenanga No. 81,Bantul,DI Yogyakarta
CUST00559,Raka Pratama,raka.pratama.559@example.com,M,2024-07-24,Jl. Melati No. 225,Malang,Jawa Timur
CUST00560,Adit Nugroho,adit.nugroho.560@example.com,M,2024-11-24,Jl. Diponegoro No. 141,Samarinda,Kalimantan Timur
CUST00561,Aisyah Santoso,aisyah.santoso.561@example.com,F,2024-08-29,Jl. Melati No. 244,Malang,Jawa Timur
CUST00562,Bagas Lestari,bagas.lestari.562@example.com,F,2024-08-13,Jl. Pemuda No. 80,Yogyakarta,DI Yogyakarta
CUST00563,Arif Firmansyah,arif.firmansyah.563@example.com,M,2024-06-19,Jl. Kenanga No. 36,Bogor,Jawa Barat
CUST00564,Nadia Lestari,nadia.lestari.564@example.com,M,2024-08-16,Jl. Gajah Mada No. 79,Semarang,Jawa Tengah
CUST00565,Hendra Rahmawati,hendra.rahmawati.565@example.com,F,2024-11-05,Jl. Sudirman No. 104,Semarang,Jawa Tengah
CUST00566,Galih Santoso,galih.santoso.566@example.com,M,2024-12-13,Jl. Kenanga No. 45,Surakarta,Jawa Tengah
CUST00567,Nabila Maulana,nabila.maulana.567@example.com,F,2024-04-11,Jl. Kenanga No. 126,Bekasi,Jawa Barat
CUST00568,Adit Maulana,adit.maulana.568@example.com,F,2024-11-03,Jl. Gajah Mada No. 72,Bantul,DI Yogyakarta
CUST00569,Andi Firmansyah,andi.firmansyah.569@example.com,M,2024-12-23,Jl. Kenanga No. 81,Pontianak,Kalimantan Barat
CUST00570,Dewi Wijaya,dewi.wijaya.570@example.com,M,2024-07-31,Jl. Pemuda No. 208,Semarang,Jawa Tengah
CUST00571,Hendra Permana,hendra.permana.571@example.com,M,2024-11-04,Jl. Veteran No. 26,Palembang,Sumatera Selatan
CUST00572,Reza Saputra,reza.saputra.572@example.com,F,2024-01-29,Jl. Sudirman No. 220,Bandung,Jawa Barat
CUST00573,Ilham Santoso,ilham.santoso.573@example.com,F,2024-08-30,Jl. Sudirman No. 86,Medan,Sumatera Utara
CUST00574,Hendra Pratama,hendra.pratama.574@example.com,M,2024-05-10,Jl. Gajah Mada No. 90,Bekasi,Jawa Barat
CUST00575,Andi Saputra,andi.saputra.575@example.com,M,2024-10-03,Jl. Diponegoro No. 218,Surakarta,Jawa Tengah
CUST00576,Bayu Saputra,bayu.saputra.576@example.com,M,2024-09-01,Jl. Kenanga No. 158,Semarang,Jawa Tengah
CUST00577,Rizky Saputra,rizky.saputra.577@example.com,F,2024-12-09,Jl. Sudirman No. 47,Samarinda,Kalimantan Timur
CUST00578,Maya Syahputra,maya.syahputra.578@example.com,F,2024-12-25,Jl. Pemuda No. 203,Palembang,Sumatera Selatan
CUST00579,Arif Maulana,arif.maulana.579@example.com,M,2024-05-02,Jl. Gajah Mada No. 20,Bogor,Jawa Barat
CUST00580,Rina Maulana,rina.maulana.580@example.com,F,2024-12-30,Jl. Kenanga No. 190,Bekasi,Jawa Barat
CUST00581,Farah Saputra,farah.saputra.581@example.com,M,2024-07-16,Jl. Kenanga No. 173,Makassar,Sulawesi Selatan
CUST00582,Aulia Saputra,aulia.saputra.582@example.com,M,2024-10-23,Jl. Gajah Mada No. 150,Medan,Sumatera Utara
CUST00583,Raka Pratama,raka.pratama.583@example.com,M,2024-12-20,Jl. Kenanga No. 189,Bandung,Jawa Barat
CUST00584,Bayu Firmansyah,bayu.firmansyah.584@example.com,M,2024-01-31,Jl. Pemuda No. 239,Bantul,DI Yogyakarta
CUST00585,Fajar Maulana,fajar.maulana.585@example.com,M,2024-03-26,Jl. Melati No. 235,Tangerang,Banten
CUST00586,Ilham Pratama,ilham.pratama.586@example.com,M,2024-07-24,Jl. Veteran No. 35,Bogor,Jawa Barat
CUST00587,Rina Anggraini,rina.anggraini.587@example.com,M,2024-09-16,Jl. Sudirman No. 233,Yogyakarta,DI Yogyakarta
CUST00588,Siti Permana,siti.permana.588@example.com,F,2024-07-29,Jl. Diponegoro No. 32,Bogor,Jawa Barat
CUST00589,Siti Syahputra,siti.syahputra.589@example.com,F,2024-05-03,Jl. Sudirman No. 187,Pontianak,Kalimantan Barat
CUST00590,Aulia Lestari,aulia.lestari.590@example.com,F,2024-07-27,Jl. Sudirman No. 240,Balikpapan,Kalimantan Timur
CUST00591,Nadia Nugroho,nadia.nugroho.591@example.com,M,2024-05-19,Jl. Sudirman No. 101,Balikpapan,Kalimantan Timur
CUST00592,Arif Anggraini,arif.anggraini.592@example.com,M,2024-12-01,Jl. Merdeka No. 79,Balikpapan,Kalimantan Timur
CUST00593,Hendra Utami,hendra.utami.593@example.com,M,2024-07-05,Jl. Kenanga No. 97,Malang,Jawa Timur
CUST00594,Maya Saputra,maya.saputra.594@example.com,M,2024-12-13,Jl. Veteran No. 130,Bekasi,Jawa Barat
CUST00595,Nabila Setiawan,nabila.setiawan.595@example.com,F,2024-10-15,Jl. Gajah Mada No. 74,Balikpapan,Kalimantan Timur
CUST00596,Nadia Syahputra,nadia.syahputra.596@example.com,F,2024-09-11,Jl. Diponegoro No. 128,Denpasar,Bali
CUST00597,Maya Rahmawati,maya.rahmawati.597@example.com,F,2024-09-04,Jl. Veteran No. 64,Pontianak,Kalimantan Barat
CUST00598,Andi Lestari,andi.lestari.598@example.com,M,2024-05-09,Jl. Pemuda No. 152,Surakarta,Jawa Tengah
CUST00599,Bagas Setiawan,bagas.setiawan.599@example.com,M,2024-09-07,Jl. Merdeka No. 84,Denpasar,Bali
CUST00600,Raka Saputra,raka.saputra.600@example.com,M,2024-05-07,Jl. Sudirman No. 232,Bekasi,Jawa Barat
CUST00601,Galih Ramadhan,galih.ramadhan.601@example.com,M,2024-11-03,Jl. Veteran No. 10,Depok,Jawa Barat
CUST00602,Hendra Wulandari,hendra.wulandari.602@example.com,F,2024-08-21,Jl. Kenanga No. 14,Jakarta,DKI Jakarta
CUST00603,Bima Kurniawan,bima.kurniawan.603@example.com,M,2024-06-29,Jl. Diponegoro No. 140,Yogyakarta,DI Yogyakarta
CUST00604,Nadia Wijaya,nadia.wijaya.604@example.com,M,2024-01-07,Jl. Kenanga No. 61,Bantul,DI Yogyakarta
CUST00605,Ilham Wijaya,ilham.wijaya.605@example.com,F,2024-05-18,Jl. Gajah Mada No. 215,Bantul,DI Yogyakarta
CUST00606,Tiara Saputra,tiara.saputra.606@example.com,F,2024-11-18,Jl. Gajah Mada No. 57,Samarinda,Kalimantan Timur
CUST00607,Bima Saputra,bima.saputra.607@example.com,F,2024-08-17,Jl. Diponegoro No. 208,Bandung,Jawa Barat
CUST00608,Bayu Wulandari,bayu.wulandari.608@example.com,F,2024-09-12,Jl. Kenanga No. 39,Bogor,Jawa Barat
CUST00609,Reza Maulana,reza.maulana.609@example.com,M,2024-02-10,Jl. Merdeka No. 31,Jakarta,DKI Jakarta
CUST00610,Rizky Ramadhan,rizky.ramadhan.610@example.com,M,2024-06-11,Jl. Gajah Mada No. 228,Medan,Sumatera Utara
CUST00611,Fajar Lestari,fajar.lestari.611@example.com,M,2024-07-19,Jl. Melati No. 222,Jakarta,DKI Jakarta
CUST00612,Reza Rahmawati,reza.rahmawati.612@example.com,F,2024-04-16,Jl. Kenanga No. 50,Bandung,Jawa Barat
CUST00613,Rafi Santoso,rafi.santoso.613@example.com,F,2024-08-12,Jl. Gajah Mada No. 99,Bogor,Jawa Barat
CUST00614,Nadia Maulana,nadia.maulana.614@example.com,F,2024-12-29,Jl. Kenanga No. 222,Denpasar,Bali
CUST00615,Aisyah Wijaya,aisyah.wijaya.615@example.com,F,2024-08-22,Jl. Pemuda No. 59,Jakarta,DKI Jakarta
CUST00616,Arif Rahmawati,arif.rahmawati.616@example.com,M,2024-03-30,Jl. Gajah Mada No. 28,Yogyakarta,DI Yogyakarta
CUST00617,Aisyah Nugroho,aisyah.nugroho.617@example.com,F,2024-10-14,Jl. Veteran No. 133,Bogor,Jawa Barat
CUST00618,Ahmad Syahputra,ahmad.syahputra.618@example.com,M,2024-05-11,Jl. Diponegoro No. 177,Sleman,DI Yogyakarta
CUST00619,Aulia Firmansyah,aulia.firmansyah.619@example.com,M,2024-10-03,Jl. Pemuda No. 147,Semarang,Jawa Tengah
CUST00620,Ahmad Wulandari,ahmad.wulandari.620@example.com,F,2024-01-03,Jl. Diponegoro No. 158,Samarinda,Kalimantan Timur
CUST00621,Dewi Saputra,dewi.saputra.621@example.com,M,2024-07-30,Jl. Diponegoro No. 159,Samarinda,Kalimantan Timur
CUST00622,Dimas Hakim,dimas.hakim.622@example.com,M,2024-11-06,Jl. Merdeka No. 164,Surakarta,Jawa Tengah
CUST00623,Hendra Lestari,hendra.lestari.623@example.com,M,2024-12-27,Jl. Veteran No. 171,Surabaya,Jawa Timur
CUST00624,Intan Puspitasari,intan.puspitasari.624@example.com,M,2024-09-19,Jl. Gajah Mada No. 114,Semarang,Jawa Tengah
CUST00625,Bagas Ramadhan,bagas.ramadhan.625@example.com,F,2024-06-14,Jl. Merdeka No. 14,Medan,Sumatera Utara
CUST00626,Rina Puspitasari,rina.puspitasari.626@example.com,M,2024-04-14,Jl. Veteran No. 115,Sleman,DI Yogyakarta
CUST00627,Galih Permana,galih.permana.627@example.com,F,2024-04-27,Jl. Veteran No. 219,Bantul,DI Yogyakarta
CUST00628,Rina Saputra,rina.saputra.628@example.com,F,2024-01-21,Jl. Diponegoro No. 204,Surabaya,Jawa Timur
CUST00629,Aisyah Anggraini,aisyah.anggraini.629@example.com,M,2024-11-26,Jl. Kenanga No. 214,Surabaya,Jawa Timur
CUST00630,Intan Permana,intan.permana.630@example.com,F,2024-06-25,Jl. Melati No. 18,Bekasi,Jawa Barat
CUST00631,Dimas Maulana,dimas.maulana.631@example.com,M,2024-10-05,Jl. Melati No. 47,Sleman,DI Yogyakarta
CUST00632,Adit Lestari,adit.lestari.632@example.com,F,2024-12-30,Jl. Kenanga No. 51,Tangerang,Banten
CUST00633,Bagas Maulana,bagas.maulana.633@example.com,F,2024-09-02,Jl. Diponegoro No. 81,Palembang,Sumatera Selatan
CUST00634,Hendra Kurniawan,hendra.kurniawan.634@example.com,F,2024-06-01,Jl. Merdeka No. 40,Surakarta,Jawa Tengah
CUST00635,Siti Syahputra,siti.syahputra.635@example.com,F,2024-05-16,Jl. Merdeka No. 50,Tangerang,Banten
CUST00636,Tiara Lestari,tiara.lestari.636@example.com,F,2024-06-03,Jl. Pemuda No. 49,Balikpapan,Kalimantan Timur
CUST00637,Ahmad Lestari,ahmad.lestari.637@example.com,F,2024-07-30,Jl. Sudirman No. 28,Semarang,Jawa Tengah
CUST00638,Nabila Permana,nabila.permana.638@example.com,M,2024-05-06,Jl. Sudirman No. 28,Sleman,DI Yogyakarta
CUST00639,Bagas Pratama,bagas.pratama.639@example.com,M,2024-07-28,Jl. Sudirman No. 133,Bekasi,Jawa Barat
CUST00640,Arif Puspitasari,arif.puspitasari.640@example.com,F,2024-05-22,Jl. Veteran No. 120,Surakarta,Jawa Tengah
CUST00641,Putri Pratama,putri.pratama.641@example.com,M,2024-09-23,Jl. Kenanga No. 151,Semarang,Jawa Tengah
CUST00642,Dewi Puspitasari,dewi.puspitasari.642@example.com,F,2024-08-20,Jl. Pemuda No. 250,Balikpapan,Kalimantan Timur
CUST00643,Galih Pratama,galih.pratama.643@example.com,F,2024-03-26,Jl. Melati No. 107,Makassar,Sulawesi Selatan
CUST00644,Reza Permana,reza.permana.644@example.com,M,2024-08-25,Jl. Melati No. 48,Bandung,Jawa Barat
CUST00645,Andi Nugroho,andi.nugroho.645@example.com,M,2024-06-28,Jl. Kenanga No. 130,Surabaya,Jawa Timur
CUST00646,Bayu Wulandari,bayu.wulandari.646@example.com,F,2024-05-19,Jl. Merdeka No. 86,Medan,Sumatera Utara
CUST00647,Hendra Saputra,hendra.saputra.647@example.com,M,2024-12-26,Jl. Pemuda No. 146,Bantul,DI Yogyakarta
CUST00648,Rizky Santoso,rizky.santoso.648@example.com,M,2024-03-31,Jl. Sudirman No. 152,Bekasi,Jawa Barat
CUST00649,Dimas Hidayat,dimas.hidayat.649@example.com,M,2024-04-05,Jl. Pemuda No. 201,Denpasar,Bali
CUST00650,Bima Setiawan,bima.setiawan.650@example.com,F,2024-01-22,Jl. Pemuda No. 160,Bekasi,Jawa Barat
CUST00651,Ahmad Syahputra,ahmad.syahputra.651@example.com,F,2024-11-29,Jl. Diponegoro No. 85,Bogor,Jawa Barat
CUST00652,Intan Syahputra,intan.syahputra.652@example.com,M,2024-10-03,Jl. Kenanga No. 60,Palembang,Sumatera Selatan
CUST00653,Farah Santoso,farah.santoso.653@example.com,M,2024-11-30,Jl. Kenanga No. 47,Bandung,Jawa Barat
CUST00654,Maya Firmansyah,maya.firmansyah.654@example.com,F,2024-06-01,Jl. Veteran No. 109,Yogyakarta,DI Yogyakarta
CUST00655,Rizky Nugroho,rizky.nugroho.655@example.com,M,2024-05-27,Jl. Gajah Mada No. 56,Balikpapan,Kalimantan Timur
CUST00656,Galih Lestari,galih.lestari.656@example.com,M,2024-04-18,Jl. Diponegoro No. 216,Depok,Jawa Barat
CUST00657,Galih Wulandari,galih.wulandari.657@example.com,M,2024-11-17,Jl. Melati No. 176,Bantul,DI Yogyakarta
CUST00658,Naufal Syahputra,naufal.syahputra.658@example.com,M,2024-10-20,Jl. Pemuda No. 73,Bekasi,Jawa Barat
CUST00659,Arif Puspitasari,arif.puspitasari.659@example.com,M,2024-03-11,Jl. Gajah Mada No. 167,Yogyakarta,DI Yogyakarta
CUST00660,Nabila Wulandari,nabila.wulandari.660@example.com,F,2024-01-26,Jl. Gajah Mada No. 69,Tangerang,Banten
CUST00661,Raka Kurniawan,raka.kurniawan.661@example.com,F,2024-11-26,Jl. Gajah Mada No. 82,Denpasar,Bali
CUST00662,Farah Syahputra,farah.syahputra.662@example.com,M,2024-08-09,Jl. Veteran No. 162,Palembang,Sumatera Selatan
CUST00663,Intan Wijaya,intan.wijaya.663@example.com,M,2024-05-14,Jl. Sudirman No. 129,Pontianak,Kalimantan Barat
CUST00664,Nabila Utami,nabila.utami.664@example.com,F,2024-12-01,Jl. Merdeka No. 121,Tangerang,Banten
CUST00665,Andi Ramadhan,andi.ramadhan.665@example.com,F,2024-04-17,Jl. Diponegoro No. 212,Sleman,DI Yogyakarta
CUST00666,Farah Hakim,farah.hakim.666@example.com,F,2024-11-22,Jl. Pemuda No. 66,Yogyakarta,DI Yogyakarta
CUST00667,Adit Pratama,adit.pratama.667@example.com,F,2024-06-11,Jl. Pemuda No. 246,Tangerang,Banten
CUST00668,Ilham Rahmawati,ilham.rahmawati.668@example.com,F,2024-12-05,Jl. Sudirman No. 14,Yogyakarta,DI Yogyakarta
CUST00669,Nadia Ramadhan,nadia.ramadhan.669@example.com,M,2024-06-08,Jl. Kenanga No. 39,Denpasar,Bali
CUST00670,Bayu Nugroho,bayu.nugroho.670@example.com,M,2024-04-03,Jl. Gajah Mada No. 155,Sleman,DI Yogyakarta
CUST00671,Dewi Syahputra,dewi.syahputra.671@example.com,F,2024-12-01,Jl. Diponegoro No. 11,Sleman,DI Yogyakarta
CUST00672,Tiara Wijaya,tiara.wijaya.672@example.com,F,2024-02-22,Jl. Sudirman No. 55,Pontianak,Kalimantan Barat
CUST00673,Hendra Anggraini,hendra.anggraini.673@example.com,F,2024-04-09,Jl. Veteran No. 204,Bantul,DI Yogyakarta
CUST00674,Aulia Anggraini,aulia.anggraini.674@example.com,M,2024-12-21,Jl. Diponegoro No. 96,Bandung,Jawa Barat
CUST00675,Dewi Maulana,dewi.maulana.675@example.com,F,2024-06-26,Jl. Sudirman No. 71,Balikpapan,Kalimantan Timur
CUST00676,Bagas Utami,bagas.utami.676@example.com,M,2024-08-01,Jl. Melati No. 32,Denpasar,Bali
CUST00677,Maya Permana,maya.permana.677@example.com,F,2024-11-01,Jl. Pemuda No. 63,Balikpapan,Kalimantan Timur
CUST00678,Maya Maulana,maya.maulana.678@example.com,F,2024-12-06,Jl. Pemuda No. 145,Samarinda,Kalimantan Timur
CUST00679,Maya Wijaya,maya.wijaya.679@example.com,F,2024-03-25,Jl. Kenanga No. 53,Tangerang,Banten
CUST00680,Raka Saputra,raka.saputra.680@example.com,M,2024-04-25,Jl. Melati No. 79,Tangerang,Banten
CUST00681,Ilham Wijaya,ilham.wijaya.681@example.com,F,2024-07-17,Jl. Pemuda No. 226,Makassar,Sulawesi Selatan
CUST00682,Nadia Puspitasari,nadia.puspitasari.682@example.com,F,2024-03-15,Jl. Kenanga No. 248,Balikpapan,Kalimantan Timur
CUST00683,Farah Rahmawati,farah.rahmawati.683@example.com,M,2024-01-15,Jl. Pemuda No. 225,Depok,Jawa Barat
CUST00684,Hendra Anggraini,hendra.anggraini.684@example.com,F,2024-04-12,Jl. Pemuda No. 67,Samarinda,Kalimantan Timur
CUST00685,Raka Lestari,raka.lestari.685@example.com,F,2024-07-30,Jl. Melati No. 203,Makassar,Sulawesi Selatan
CUST00686,Nabila Ramadhan,nabila.ramadhan.686@example.com,M,2024-01-13,Jl. Melati No. 117,Bandung,Jawa Barat
CUST00687,Bagas Firmansyah,bagas.firmansyah.687@example.com,M,2024-06-03,Jl. Pemuda No. 240,Surabaya,Jawa Timur
CUST00688,Galih Ramadhan,galih.ramadhan.688@example.com,F,2024-05-02,Jl. Merdeka No. 174,Semarang,Jawa Tengah
CUST00689,Intan Setiawan,intan.setiawan.689@example.com,F,2024-05-17,Jl. Melati No. 63,Pontianak,Kalimantan Barat
CUST00690,Ilham Puspitasari,ilham.puspitasari.690@example.com,M,2024-01-26,Jl. Sudirman No. 128,Denpasar,Bali
CUST00691,Rina Maulana,rina.maulana.691@example.com,F,2024-07-03,Jl. Merdeka No. 144,Bekasi,Jawa Barat
CUST00692,Bayu Anggraini,bayu.anggraini.692@example.com,F,2024-04-02,Jl. Diponegoro No. 161,Surabaya,Jawa Timur
CUST00693,Naufal Utami,naufal.utami.693@example.com,M,2024-04-11,Jl. Pemuda No. 60,Samarinda,Kalimantan Timur
CUST00694,Ahmad Saputra,ahmad.saputra.694@example.com,M,2024-06-06,Jl. Merdeka No. 75,Semarang,Jawa Tengah
CUST00695,Galih Firmansyah,galih.firmansyah.695@example.com,M,2025-01-01,Jl. Kenanga No. 38,Semarang,Jawa Tengah
CUST00696,Fajar Hidayat,fajar.hidayat.696@example.com,F,2024-11-06,Jl. Pemuda No. 112,Malang,Jawa Timur
CUST00697,Tiara Wulandari,tiara.wulandari.697@example.com,F,2024-01-11,Jl. Gajah Mada No. 12,Semarang,Jawa Tengah
CUST00698,Rina Kurniawan,rina.kurniawan.698@example.com,M,2024-01-22,Jl. Sudirman No. 219,Jakarta,DKI Jakarta
CUST00699,Dimas Pratama,dimas.pratama.699@example.com,M,2024-02-06,Jl. Merdeka No. 223,Surabaya,Jawa Timur
CUST00700,Bima Setiawan,bima.setiawan.700@example.com,M,2024-08-19,Jl. Kenanga No. 48,Denpasar,Bali
CUST00701,Maya Maulana,maya.maulana.701@example.com,F,2024-03-16,Jl. Kenanga No. 131,Tangerang,Banten
CUST00702,Andi Setiawan,andi.setiawan.702@example.com,F,2024-12-18,Jl. Pemuda No. 10,Jakarta,DKI Jakarta
CUST00703,Rizky Maulana,rizky.maulana.703@example.com,M,2024-07-13,Jl. Gajah Mada No. 196,Surakarta,Jawa Tengah
CUST00704,Maya Maulana,maya.maulana.704@example.com,M,2024-08-29,Jl. Kenanga No. 197,Jakarta,DKI Jakarta
CUST00705,Bima Saputra,bima.saputra.705@example.com,M,2024-11-10,Jl. Gajah Mada No. 1,Malang,Jawa Timur
CUST00706,Ilham Ramadhan,ilham.ramadhan.706@example.com,M,2024-07-30,Jl. Kenanga No. 16,Makassar,Sulawesi Selatan
CUST00707,Bagas Rahmawati,bagas.rahmawati.707@example.com,M,2024-07-28,Jl. Kenanga No. 210,Bogor,Jawa Barat
CUST00708,Rina Maulana,rina.maulana.708@example.com,M,2024-10-12,Jl. Diponegoro No. 209,Makassar,Sulawesi Selatan
CUST00709,Andi Ramadhan,andi.ramadhan.709@example.com,F,2024-02-26,Jl. Diponegoro No. 150,Sleman,DI Yogyakarta
CUST00710,Raka Firmansyah,raka.firmansyah.710@example.com,F,2024-06-18,Jl. Veteran No. 40,Yogyakarta,DI Yogyakarta
CUST00711,Adit Syahputra,adit.syahputra.711@example.com,F,2024-11-13,Jl. Diponegoro No. 224,Yogyakarta,DI Yogyakarta
CUST00712,Nabila Rahmawati,nabila.rahmawati.712@example.com,M,2024-10-18,Jl. Merdeka No. 71,Pontianak,Kalimantan Barat
CUST00713,Galih Permana,galih.permana.713@example.com,F,2024-08-16,Jl. Gajah Mada No. 187,Bekasi,Jawa Barat
CUST00714,Arif Nugroho,arif.nugroho.714@example.com,F,2024-06-15,Jl. Diponegoro No. 3,Sleman,DI Yogyakarta
CUST00715,Nadia Kurniawan,nadia.kurniawan.715@example.com,M,2024-06-15,Jl. Veteran No. 242,Sleman,DI Yogyakarta
CUST00716,Rizky Permana,rizky.permana.716@example.com,M,2024-06-09,Jl. Pemuda No. 143,Sleman,DI Yogyakarta
CUST00717,Arif Utami,arif.utami.717@example.com,F,2024-03-23,Jl. Merdeka No. 7,Semarang,Jawa Tengah
CUST00718,Fajar Lestari,fajar.lestari.718@example.com,M,2024-01-03,Jl. Sudirman No. 19,Balikpapan,Kalimantan Timur
CUST00719,Rina Wijaya,rina.wijaya.719@example.com,F,2024-03-06,Jl. Sudirman No. 4,Denpasar,Bali
CUST00720,Ilham Wulandari,ilham.wulandari.720@example.com,M,2024-03-14,Jl. Gajah Mada No. 15,Palembang,Sumatera Selatan
CUST00721,Nadia Setiawan,nadia.setiawan.721@example.com,F,2024-09-16,Jl. Gajah Mada No. 95,Bogor,Jawa Barat
CUST00722,Ilham Hakim,ilham.hakim.722@example.com,M,2024-03-01,Jl. Merdeka No. 140,Bogor,Jawa Barat
CUST00723,Aulia Setiawan,aulia.setiawan.723@example.com,M,2024-04-08,Jl. Kenanga No. 113,Sleman,DI Yogyakarta
CUST00724,Tiara Anggraini,tiara.anggraini.724@example.com,M,2024-09-13,Jl. Melati No. 174,Semarang,Jawa Tengah
CUST00725,Tiara Syahputra,tiara.syahputra.725@example.com,M,2024-03-11,Jl. Diponegoro No. 63,Bantul,DI Yogyakarta
CUST00726,Intan Nugroho,intan.nugroho.726@example.com,M,2024-02-18,Jl. Merdeka No. 112,Bandung,Jawa Barat
CUST00727,Bagas Lestari,bagas.lestari.727@example.com,M,2024-03-22,Jl. Veteran No. 54,Palembang,Sumatera Selatan
CUST00728,Galih Maulana,galih.maulana.728@example.com,F,2024-11-01,Jl. Diponegoro No. 126,Bekasi,Jawa Barat
CUST00729,Aulia Puspitasari,aulia.puspitasari.729@example.com,F,2024-10-27,Jl. Sudirman No. 94,Depok,Jawa Barat
CUST00730,Fajar Syahputra,fajar.syahputra.730@example.com,F,2024-08-21,Jl. Kenanga No. 222,Jakarta,DKI Jakarta
CUST00731,Maya Ramadhan,maya.ramadhan.731@example.com,M,2024-08-25,Jl. Merdeka No. 176,Tangerang,Banten
CUST00732,Nabila Hidayat,nabila.hidayat.732@example.com,F,2024-03-12,Jl. Gajah Mada No. 194,Bandung,Jawa Barat
CUST00733,Siti Setiawan,siti.setiawan.733@example.com,M,2024-10-31,Jl. Pemuda No. 20,Depok,Jawa Barat
CUST00734,Siti Rahmawati,siti.rahmawati.734@example.com,M,2024-10-24,Jl. Veteran No. 223,Pontianak,Kalimantan Barat
CUST00735,Aulia Hakim,aulia.hakim.735@example.com,M,2024-03-19,Jl. Kenanga No. 130,Tangerang,Banten
CUST00736,Nabila Permana,nabila.permana.736@example.com,M,2024-08-22,Jl. Veteran No. 59,Palembang,Sumatera Selatan
CUST00737,Dimas Saputra,dimas.saputra.737@example.com,M,2024-07-04,Jl. Pemuda No. 208,Makassar,Sulawesi Selatan
CUST00738,Yoga Pratama,yoga.pratama.738@example.com,M,2024-01-15,Jl. Merdeka No. 81,Depok,Jawa Barat
CUST00739,Ahmad Kurniawan,ahmad.kurniawan.739@example.com,F,2024-05-13,Jl. Diponegoro No. 161,Semarang,Jawa Tengah
CUST00740,Bagas Anggraini,bagas.anggraini.740@example.com,F,2024-11-21,Jl. Diponegoro No. 229,Medan,Sumatera Utara
CUST00741,Fajar Setiawan,fajar.setiawan.741@example.com,M,2024-01-13,Jl. Diponegoro No. 194,Medan,Sumatera Utara
CUST00742,Dimas Pratama,dimas.pratama.742@example.com,F,2024-04-16,Jl. Sudirman No. 53,Bandung,Jawa Barat
CUST00743,Dimas Pratama,dimas.pratama.743@example.com,F,2024-04-20,Jl. Pemuda No. 58,Denpasar,Bali
CUST00744,Dewi Hidayat,dewi.hidayat.744@example.com,M,2024-01-18,Jl. Kenanga No. 145,Yogyakarta,DI Yogyakarta
CUST00745,Yoga Rahmawati,yoga.rahmawati.745@example.com,M,2024-08-05,Jl. Gajah Mada No. 9,Depok,Jawa Barat
CUST00746,Nadia Santoso,nadia.santoso.746@example.com,M,2024-01-09,Jl. Merdeka No. 204,Bekasi,Jawa Barat
CUST00747,Galih Saputra,galih.saputra.747@example.com,M,2024-10-01,Jl. Kenanga No. 26,Surabaya,Jawa Timur
CUST00748,Fajar Hidayat,fajar.hidayat.748@example.com,F,2024-02-10,Jl. Veteran No. 193,Semarang,Jawa Tengah
CUST00749,Aisyah Maulana,aisyah.maulana.749@example.com,F,2024-07-02,Jl. Veteran No. 246,Bantul,DI Yogyakarta
CUST00750,Arif Setiawan,arif.setiawan.750@example.com,M,2024-03-15,Jl. Pemuda No. 33,Samarinda,Kalimantan Timur
CUST00751,Dewi Ramadhan,dewi.ramadhan.751@example.com,M,2024-05-04,Jl. Merdeka No. 120,Denpasar,Bali
CUST00752,Andi Lestari,andi.lestari.752@example.com,M,2024-07-21,Jl. Veteran No. 238,Pontianak,Kalimantan Barat
CUST00753,Maya Nugroho,maya.nugroho.753@example.com,M,2024-09-17,Jl. Gajah Mada No. 188,Yogyakarta,DI Yogyakarta
CUST00754,Aulia Anggraini,aulia.anggraini.754@example.com,M,2024-09-09,Jl. Pemuda No. 186,Samarinda,Kalimantan Timur
CUST00755,Tiara Maulana,tiara.maulana.755@example.com,F,2024-05-31,Jl. Veteran No. 25,Makassar,Sulawesi Selatan
CUST00756,Adit Rahmawati,adit.rahmawati.756@example.com,F,2024-07-18,Jl. Gajah Mada No. 214,Semarang,Jawa Tengah
CUST00757,Aisyah Rahmawati,aisyah.rahmawati.757@example.com,F,2024-06-30,Jl. Sudirman No. 37,Semarang,Jawa Tengah
CUST00758,Maya Hakim,maya.hakim.758@example.com,F,2024-04-16,Jl. Veteran No. 25,Tangerang,Banten
CUST00759,Bayu Permana,bayu.permana.759@example.com,F,2024-10-15,Jl. Veteran No. 5,Bekasi,Jawa Barat
CUST00760,Rafi Wijaya,rafi.wijaya.760@example.com,M,2024-04-23,Jl. Gajah Mada No. 248,Samarinda,Kalimantan Timur
CUST00761,Galih Syahputra,galih.syahputra.761@example.com,M,2024-10-08,Jl. Veteran No. 2,Bandung,Jawa Barat
CUST00762,Galih Setiawan,galih.setiawan.762@example.com,F,2024-02-20,Jl. Sudirman No. 181,Balikpapan,Kalimantan Timur
CUST00763,Adit Wijaya,adit.wijaya.763@example.com,F,2024-01-26,Jl. Kenanga No. 233,Bandung,Jawa Barat
CUST00764,Dewi Pratama,dewi.pratama.764@example.com,M,2024-06-11,Jl. Sudirman No. 151,Jakarta,DKI Jakarta
CUST00765,Intan Firmansyah,intan.firmansyah.765@example.com,F,2024-01-08,Jl. Gajah Mada No. 239,Balikpapan,Kalimantan Timur
CUST00766,Dewi Santoso,dewi.santoso.766@example.com,F,2024-11-24,Jl. Gajah Mada No. 237,Bandung,Jawa Barat
CUST00767,Naufal Ramadhan,naufal.ramadhan.767@example.com,F,2024-11-19,Jl. Melati No. 80,Bekasi,Jawa Barat
CUST00768,Reza Firmansyah,reza.firmansyah.768@example.com,M,2024-01-26,Jl. Pemuda No. 175,Makassar,Sulawesi Selatan
CUST00769,Aulia Pratama,aulia.pratama.769@example.com,F,2024-01-06,Jl. Merdeka No. 32,Depok,Jawa Barat
CUST00770,Dewi Maulana,dewi.maulana.770@example.com,M,2024-08-09,Jl. Veteran No. 89,Bekasi,Jawa Barat
CUST00771,Rizky Permana,rizky.permana.771@example.com,F,2024-08-31,Jl. Pemuda No. 180,Depok,Jawa Barat
CUST00772,Dimas Utami,dimas.utami.772@example.com,F,2024-12-26,Jl. Gajah Mada No. 139,Sleman,DI Yogyakarta
CUST00773,Andi Nugroho,andi.nugroho.773@example.com,F,2024-02-19,Jl. Sudirman No. 98,Yogyakarta,DI Yogyakarta
CUST00774,Intan Lestari,intan.lestari.774@example.com,M,2024-05-16,Jl. Sudirman No. 40,Pontianak,Kalimantan Barat
CUST00775,Farah Saputra,farah.saputra.775@example.com,M,2024-06-20,Jl. Melati No. 234,Bantul,DI Yogyakarta
CUST00776,Yoga Kurniawan,yoga.kurniawan.776@example.com,F,2024-08-02,Jl. Kenanga No. 10,Depok,Jawa Barat
CUST00777,Rafi Pratama,rafi.pratama.777@example.com,F,2024-06-06,Jl. Merdeka No. 131,Bogor,Jawa Barat
CUST00778,Dewi Pratama,dewi.pratama.778@example.com,F,2024-11-05,Jl. Merdeka No. 124,Semarang,Jawa Tengah
CUST00779,Naufal Santoso,naufal.santoso.779@example.com,F,2024-12-21,Jl. Kenanga No. 224,Bekasi,Jawa Barat
CUST00780,Aulia Pratama,aulia.pratama.780@example.com,M,2024-01-10,Jl. Gajah Mada No. 103,Samarinda,Kalimantan Timur
CUST00781,Naufal Santoso,naufal.santoso.781@example.com,M,2024-02-09,Jl. Pemuda No. 84,Bekasi,Jawa Barat
CUST00782,Dimas Setiawan,dimas.setiawan.782@example.com,M,2024-10-09,Jl. Sudirman No. 39,Bogor,Jawa Barat
CUST00783,Nabila Maulana,nabila.maulana.783@example.com,M,2024-04-24,Jl. Merdeka No. 128,Jakarta,DKI Jakarta
CUST00784,Ahmad Rahmawati,ahmad.rahmawati.784@example.com,M,2024-10-19,Jl. Gajah Mada No. 17,Surakarta,Jawa Tengah
CUST00785,Dimas Anggraini,dimas.anggraini.785@example.com,F,2024-07-06,Jl. Melati No. 239,Surakarta,Jawa Tengah
CUST00786,Ilham Anggraini,ilham.anggraini.786@example.com,M,2024-02-10,Jl. Veteran No. 109,Surakarta,Jawa Tengah
CUST00787,Arif Kurniawan,arif.kurniawan.787@example.com,M,2024-09-21,Jl. Veteran No. 101,Depok,Jawa Barat
CUST00788,Bayu Utami,bayu.utami.788@example.com,F,2024-01-20,Jl. Sudirman No. 199,Bantul,DI Yogyakarta
CUST00789,Arif Saputra,arif.saputra.789@example.com,F,2024-07-14,Jl. Merdeka No. 139,Jakarta,DKI Jakarta
CUST00790,Arif Wulandari,arif.wulandari.790@example.com,M,2024-03-13,Jl. Sudirman No. 171,Malang,Jawa Timur
CUST00791,Maya Setiawan,maya.setiawan.791@example.com,F,2024-04-21,Jl. Gajah Mada No. 42,Malang,Jawa Timur
CUST00792,Galih Utami,galih.utami.792@example.com,F,2024-06-15,Jl. Kenanga No. 109,Depok,Jawa Barat
CUST00793,Aulia Pratama,aulia.pratama.793@example.com,M,2024-04-30,Jl. Merdeka No. 86,Bogor,Jawa Barat
CUST00794,Rina Firmansyah,rina.firmansyah.794@example.com,F,2024-05-30,Jl. Kenanga No. 86,Medan,Sumatera Utara
CUST00795,Ilham Pratama,ilham.pratama.795@example.com,M,2024-04-17,Jl. Pemuda No. 162,Bandung,Jawa Barat
CUST00796,Rafi Maulana,rafi.maulana.796@example.com,M,2024-01-18,Jl. Merdeka No. 58,Depok,Jawa Barat
CUST00797,Farah Pratama,farah.pratama.797@example.com,F,2024-08-31,Jl. Melati No. 92,Samarinda,Kalimantan Timur
CUST00798,Rina Pratama,rina.pratama.798@example.com,F,2024-01-19,Jl. Gajah Mada No. 217,Surakarta,Jawa Tengah
CUST00799,Nadia Ramadhan,nadia.ramadhan.799@example.com,F,2024-01-14,Jl. Veteran No. 54,Palembang,Sumatera Selatan
CUST00800,Ahmad Lestari,ahmad.lestari.800@example.com,F,2024-08-19,Jl. Gajah Mada No. 178,Surabaya,Jawa Timur
CUST00801,Tiara Wijaya,tiara.wijaya.801@example.com,M,2024-11-09,Jl. Kenanga No. 230,Bekasi,Jawa Barat
CUST00802,Dimas Setiawan,dimas.setiawan.802@example.com,F,2024-12-19,Jl. Sudirman No. 219,Surabaya,Jawa Timur
CUST00803,Reza Syahputra,reza.syahputra.803@example.com,F,2024-01-11,Jl. Melati No. 193,Bogor,Jawa Barat
CUST00804,Nadia Anggraini,nadia.anggraini.804@example.com,F,2024-03-21,Jl. Diponegoro No. 13,Tangerang,Banten
CUST00805,Ahmad Anggraini,ahmad.anggraini.805@example.com,M,2024-05-02,Jl. Kenanga No. 1,Bekasi,Jawa Barat
CUST00806,Bima Rahmawati,bima.rahmawati.806@example.com,M,2024-05-03,Jl. Diponegoro No. 140,Balikpapan,Kalimantan Timur
CUST00807,Bima Syahputra,bima.syahputra.807@example.com,F,2024-10-04,Jl. Merdeka No. 237,Makassar,Sulawesi Selatan
CUST00808,Rizky Pratama,rizky.pratama.808@example.com,F,2024-09-03,Jl. Veteran No. 242,Samarinda,Kalimantan Timur
CUST00809,Bayu Pratama,bayu.pratama.809@example.com,F,2024-10-22,Jl. Melati No. 18,Sleman,DI Yogyakarta
CUST00810,Farah Wulandari,farah.wulandari.810@example.com,F,2024-09-21,Jl. Gajah Mada No. 36,Bekasi,Jawa Barat
CUST00811,Bagas Ramadhan,bagas.ramadhan.811@example.com,M,2024-01-09,Jl. Kenanga No. 228,Malang,Jawa Timur
CUST00812,Aisyah Anggraini,aisyah.anggraini.812@example.com,M,2024-10-29,Jl. Melati No. 196,Malang,Jawa Timur
CUST00813,Aisyah Saputra,aisyah.saputra.813@example.com,M,2024-10-26,Jl. Sudirman No. 123,Samarinda,Kalimantan Timur
CUST00814,Galih Maulana,galih.maulana.814@example.com,F,2024-01-01,Jl. Sudirman No. 18,Balikpapan,Kalimantan Timur
CUST00815,Bagas Kurniawan,bagas.kurniawan.815@example.com,F,2024-05-25,Jl. Gajah Mada No. 119,Samarinda,Kalimantan Timur
CUST00816,Rizky Anggraini,rizky.anggraini.816@example.com,M,2024-05-17,Jl. Pemuda No. 227,Bogor,Jawa Barat
CUST00817,Arif Wijaya,arif.wijaya.817@example.com,M,2024-01-22,Jl. Pemuda No. 229,Depok,Jawa Barat
CUST00818,Galih Rahmawati,galih.rahmawati.818@example.com,F,2024-06-02,Jl. Sudirman No. 212,Balikpapan,Kalimantan Timur
CUST00819,Intan Santoso,intan.santoso.819@example.com,M,2024-04-19,Jl. Kenanga No. 110,Tangerang,Banten
CUST00820,Putri Kurniawan,putri.kurniawan.820@example.com,F,2024-03-27,Jl. Gajah Mada No. 23,Yogyakarta,DI Yogyakarta
CUST00821,Bayu Anggraini,bayu.anggraini.821@example.com,M,2024-04-01,Jl. Merdeka No. 96,Surakarta,Jawa Tengah
CUST00822,Dewi Maulana,dewi.maulana.822@example.com,F,2024-05-29,Jl. Diponegoro No. 192,Malang,Jawa Timur
CUST00823,Nabila Wijaya,nabila.wijaya.823@example.com,M,2024-07-09,Jl. Diponegoro No. 209,Denpasar,Bali
CUST00824,Bima Wulandari,bima.wulandari.824@example.com,F,2024-10-24,Jl. Kenanga No. 245,Jakarta,DKI Jakarta
CUST00825,Bima Lestari,bima.lestari.825@example.com,M,2024-04-08,Jl. Veteran No. 32,Depok,Jawa Barat
CUST00826,Maya Kurniawan,maya.kurniawan.826@example.com,F,2024-08-21,Jl. Pemuda No. 14,Yogyakarta,DI Yogyakarta
CUST00827,Aulia Hidayat,aulia.hidayat.827@example.com,M,2024-11-16,Jl. Kenanga No. 106,Samarinda,Kalimantan Timur
CUST00828,Rina Saputra,rina.saputra.828@example.com,F,2024-05-09,Jl. Diponegoro No. 85,Jakarta,DKI Jakarta
CUST00829,Naufal Rahmawati,naufal.rahmawati.829@example.com,F,2024-10-10,Jl. Sudirman No. 221,Bekasi,Jawa Barat
CUST00830,Raka Lestari,raka.lestari.830@example.com,F,2024-12-07,Jl. Diponegoro No. 70,Denpasar,Bali
CUST00831,Andi Pratama,andi.pratama.831@example.com,M,2024-10-23,Jl. Pemuda No. 62,Bekasi,Jawa Barat
CUST00832,Aisyah Rahmawati,aisyah.rahmawati.832@example.com,F,2024-12-05,Jl. Veteran No. 163,Yogyakarta,DI Yogyakarta
CUST00833,Arif Utami,arif.utami.833@example.com,M,2024-06-21,Jl. Sudirman No. 156,Pontianak,Kalimantan Barat
CUST00834,Galih Wijaya,galih.wijaya.834@example.com,F,2024-06-17,Jl. Gajah Mada No. 159,Bekasi,Jawa Barat
CUST00835,Nabila Ramadhan,nabila.ramadhan.835@example.com,M,2024-05-14,Jl. Melati No. 73,Bandung,Jawa Barat
CUST00836,Dimas Puspitasari,dimas.puspitasari.836@example.com,F,2024-07-02,Jl. Gajah Mada No. 128,Malang,Jawa Timur
CUST00837,Reza Santoso,reza.santoso.837@example.com,F,2024-09-09,Jl. Merdeka No. 146,Yogyakarta,DI Yogyakarta
CUST00838,Ahmad Santoso,ahmad.santoso.838@example.com,F,2024-06-27,Jl. Diponegoro No. 238,Depok,Jawa Barat
CUST00839,Tiara Saputra,tiara.saputra.839@example.com,F,2024-03-30,Jl. Merdeka No. 13,Makassar,Sulawesi Selatan
CUST00840,Ilham Maulana,ilham.maulana.840@example.com,F,2024-01-11,Jl. Pemuda No. 169,Sleman,DI Yogyakarta
CUST00841,Bagas Ramadhan,bagas.ramadhan.841@example.com,M,2024-05-21,Jl. Melati No. 111,Balikpapan,Kalimantan Timur
CUST00842,Raka Pratama,raka.pratama.842@example.com,M,2024-02-15,Jl. Veteran No. 74,Balikpapan,Kalimantan Timur
CUST00843,Adit Permana,adit.permana.843@example.com,M,2024-04-26,Jl. Melati No. 171,Balikpapan,Kalimantan Timur
CUST00844,Andi Nugroho,andi.nugroho.844@example.com,F,2024-02-05,Jl. Pemuda No. 164,Depok,Jawa Barat
CUST00845,Aisyah Santoso,aisyah.santoso.845@example.com,M,2024-12-28,Jl. Pemuda No. 207,Bogor,Jawa Barat
CUST00846,Siti Setiawan,siti.setiawan.846@example.com,M,2024-12-21,Jl. Pemuda No. 226,Bantul,DI Yogyakarta
CUST00847,Nadia Rahmawati,nadia.rahmawati.847@example.com,M,2024-09-07,Jl. Diponegoro No. 172,Bogor,Jawa Barat
CUST00848,Rizky Hakim,rizky.hakim.848@example.com,F,2024-07-16,Jl. Gajah Mada No. 250,Malang,Jawa Timur
CUST00849,Maya Setiawan,maya.setiawan.849@example.com,F,2024-06-20,Jl. Kenanga No. 67,Pontianak,Kalimantan Barat
CUST00850,Galih Wijaya,galih.wijaya.850@example.com,M,2024-05-21,Jl. Veteran No. 49,Bantul,DI Yogyakarta
CUST00851,Aisyah Puspitasari,aisyah.puspitasari.851@example.com,M,2024-09-08,Jl. Pemuda No. 231,Depok,Jawa Barat
CUST00852,Yoga Wijaya,yoga.wijaya.852@example.com,F,2024-10-21,Jl. Melati No. 172,Pontianak,Kalimantan Barat
CUST00853,Nadia Lestari,nadia.lestari.853@example.com,F,2024-04-01,Jl. Kenanga No. 167,Bekasi,Jawa Barat
CUST00854,Bagas Ramadhan,bagas.ramadhan.854@example.com,M,2024-03-13,Jl. Gajah Mada No. 154,Yogyakarta,DI Yogyakarta
CUST00855,Aisyah Utami,aisyah.utami.855@example.com,M,2024-10-10,Jl. Diponegoro No. 232,Yogyakarta,DI Yogyakarta
CUST00856,Fajar Rahmawati,fajar.rahmawati.856@example.com,M,2024-05-28,Jl. Sudirman No. 56,Tangerang,Banten
CUST00857,Ahmad Anggraini,ahmad.anggraini.857@example.com,M,2024-10-15,Jl. Diponegoro No. 73,Yogyakarta,DI Yogyakarta
CUST00858,Rafi Pratama,rafi.pratama.858@example.com,F,2024-03-21,Jl. Melati No. 30,Makassar,Sulawesi Selatan
CUST00859,Bagas Puspitasari,bagas.puspitasari.859@example.com,F,2024-08-24,Jl. Sudirman No. 177,Semarang,Jawa Tengah
CUST00860,Bima Hakim,bima.hakim.860@example.com,F,2024-06-21,Jl. Sudirman No. 15,Bantul,DI Yogyakarta
CUST00861,Intan Utami,intan.utami.861@example.com,M,2024-04-21,Jl. Sudirman No. 221,Tangerang,Banten
CUST00862,Maya Pratama,maya.pratama.862@example.com,M,2024-01-25,Jl. Kenanga No. 48,Denpasar,Bali
CUST00863,Bima Kurniawan,bima.kurniawan.863@example.com,M,2024-04-18,Jl. Gajah Mada No. 185,Tangerang,Banten
CUST00864,Farah Firmansyah,farah.firmansyah.864@example.com,M,2024-08-22,Jl. Kenanga No. 22,Palembang,Sumatera Selatan
CUST00865,Andi Lestari,andi.lestari.865@example.com,M,2024-08-21,Jl. Diponegoro No. 102,Tangerang,Banten
CUST00866,Nabila Anggraini,nabila.anggraini.866@example.com,F,2024-06-09,Jl. Pemuda No. 114,Tangerang,Banten
CUST00867,Raka Wijaya,raka.wijaya.867@example.com,F,2024-12-11,Jl. Veteran No. 34,Bogor,Jawa Barat
CUST00868,Aulia Anggraini,aulia.anggraini.868@example.com,F,2024-04-30,Jl. Pemuda No. 249,Medan,Sumatera Utara
CUST00869,Rina Puspitasari,rina.puspitasari.869@example.com,M,2024-06-06,Jl. Kenanga No. 67,Balikpapan,Kalimantan Timur
CUST00870,Tiara Hakim,tiara.hakim.870@example.com,M,2024-07-29,Jl. Melati No. 234,Bantul,DI Yogyakarta
CUST00871,Bima Syahputra,bima.syahputra.871@example.com,F,2024-02-10,Jl. Sudirman No. 55,Medan,Sumatera Utara
CUST00872,Nabila Saputra,nabila.saputra.872@example.com,M,2024-05-24,Jl. Sudirman No. 70,Semarang,Jawa Tengah
CUST00873,Galih Santoso,galih.santoso.873@example.com,F,2024-06-16,Jl. Merdeka No. 215,Bogor,Jawa Barat
CUST00874,Putri Kurniawan,putri.kurniawan.874@example.com,F,2024-09-30,Jl. Melati No. 14,Bekasi,Jawa Barat
CUST00875,Bagas Pratama,bagas.pratama.875@example.com,M,2024-12-30,Jl. Kenanga No. 5,Pontianak,Kalimantan Barat
CUST00876,Nabila Wulandari,nabila.wulandari.876@example.com,F,2024-06-05,Jl. Diponegoro No. 59,Denpasar,Bali
CUST00877,Bagas Puspitasari,bagas.puspitasari.877@example.com,M,2024-01-17,Jl. Kenanga No. 194,Jakarta,DKI Jakarta
CUST00878,Bima Puspitasari,bima.puspitasari.878@example.com,M,2024-04-07,Jl. Veteran No. 172,Yogyakarta,DI Yogyakarta
CUST00879,Arif Hidayat,arif.hidayat.879@example.com,M,2024-06-06,Jl. Kenanga No. 219,Bantul,DI Yogyakarta
CUST00880,Nabila Saputra,nabila.saputra.880@example.com,F,2024-02-22,Jl. Pemuda No. 222,Bogor,Jawa Barat
CUST00881,Aulia Setiawan,aulia.setiawan.881@example.com,M,2024-11-17,Jl. Gajah Mada No. 28,Makassar,Sulawesi Selatan
CUST00882,Arif Utami,arif.utami.882@example.com,F,2024-04-11,Jl. Gajah Mada No. 138,Denpasar,Bali
CUST00883,Yoga Firmansyah,yoga.firmansyah.883@example.com,F,2024-10-07,Jl. Kenanga No. 139,Medan,Sumatera Utara
CUST00884,Ahmad Firmansyah,ahmad.firmansyah.884@example.com,M,2024-12-04,Jl. Sudirman No. 236,Tangerang,Banten
CUST00885,Rizky Firmansyah,rizky.firmansyah.885@example.com,F,2024-10-06,Jl. Kenanga No. 233,Surabaya,Jawa Timur
CUST00886,Aulia Lestari,aulia.lestari.886@example.com,F,2024-07-11,Jl. Melati No. 184,Palembang,Sumatera Selatan
CUST00887,Farah Saputra,farah.saputra.887@example.com,F,2024-09-15,Jl. Pemuda No. 204,Palembang,Sumatera Selatan
CUST00888,Dewi Setiawan,dewi.setiawan.888@example.com,F,2024-07-11,Jl. Melati No. 98,Sleman,DI Yogyakarta
CUST00889,Siti Saputra,siti.saputra.889@example.com,F,2024-06-08,Jl. Gajah Mada No. 189,Malang,Jawa Timur
CUST00890,Intan Wulandari,intan.wulandari.890@example.com,M,2024-12-22,Jl. Sudirman No. 41,Medan,Sumatera Utara
CUST00891,Bima Kurniawan,bima.kurniawan.891@example.com,F,2024-06-30,Jl. Veteran No. 160,Bandung,Jawa Barat
CUST00892,Galih Wijaya,galih.wijaya.892@example.com,F,2024-06-29,Jl. Gajah Mada No. 36,Jakarta,DKI Jakarta
CUST00893,Dewi Anggraini,dewi.anggraini.893@example.com,M,2024-07-08,Jl. Kenanga No. 64,Surabaya,Jawa Timur
CUST00894,Rizky Setiawan,rizky.setiawan.894@example.com,F,2024-01-02,Jl. Gajah Mada No. 128,Surabaya,Jawa Timur
CUST00895,Fajar Hakim,fajar.hakim.895@example.com,M,2024-10-17,Jl. Diponegoro No. 40,Pontianak,Kalimantan Barat
CUST00896,Reza Lestari,reza.lestari.896@example.com,M,2024-06-17,Jl. Gajah Mada No. 29,Bogor,Jawa Barat
CUST00897,Maya Wulandari,maya.wulandari.897@example.com,F,2024-10-20,Jl. Diponegoro No. 248,Denpasar,Bali
CUST00898,Aisyah Saputra,aisyah.saputra.898@example.com,F,2024-10-11,Jl. Gajah Mada No. 43,Bekasi,Jawa Barat
CUST00899,Siti Anggraini,siti.anggraini.899@example.com,M,2024-03-15,Jl. Merdeka No. 186,Malang,Jawa Timur
CUST00900,Tiara Kurniawan,tiara.kurniawan.900@example.com,F,2024-04-04,Jl. Merdeka No. 137,Depok,Jawa Barat
CUST00901,Bagas Syahputra,bagas.syahputra.901@example.com,M,2024-06-29,Jl. Merdeka No. 102,Palembang,Sumatera Selatan
CUST00902,Bima Kurniawan,bima.kurniawan.902@example.com,F,2024-08-15,Jl. Sudirman No. 5,Samarinda,Kalimantan Timur
CUST00903,Intan Nugroho,intan.nugroho.903@example.com,F,2024-07-03,Jl. Merdeka No. 168,Makassar,Sulawesi Selatan
CUST00904,Intan Lestari,intan.lestari.904@example.com,F,2024-05-01,Jl. Melati No. 236,Surabaya,Jawa Timur
CUST00905,Intan Saputra,intan.saputra.905@example.com,M,2024-09-07,Jl. Pemuda No. 93,Semarang,Jawa Tengah
CUST00906,Dewi Setiawan,dewi.setiawan.906@example.com,M,2024-02-20,Jl. Kenanga No. 244,Jakarta,DKI Jakarta
CUST00907,Bagas Lestari,bagas.lestari.907@example.com,M,2024-08-15,Jl. Veteran No. 69,Jakarta,DKI Jakarta
CUST00908,Fajar Kurniawan,fajar.kurniawan.908@example.com,M,2024-05-25,Jl. Kenanga No. 152,Bogor,Jawa Barat
CUST00909,Adit Setiawan,adit.setiawan.909@example.com,M,2024-06-02,Jl. Gajah Mada No. 240,Surabaya,Jawa Timur
CUST00910,Rizky Wijaya,rizky.wijaya.910@example.com,F,2024-04-20,Jl. Kenanga No. 88,Surabaya,Jawa Timur
CUST00911,Siti Hidayat,siti.hidayat.911@example.com,M,2024-07-31,Jl. Kenanga No. 123,Surabaya,Jawa Timur
CUST00912,Aisyah Rahmawati,aisyah.rahmawati.912@example.com,F,2024-02-07,Jl. Melati No. 62,Denpasar,Bali
CUST00913,Tiara Permana,tiara.permana.913@example.com,F,2024-11-14,Jl. Melati No. 157,Yogyakarta,DI Yogyakarta
CUST00914,Adit Wijaya,adit.wijaya.914@example.com,F,2024-07-04,Jl. Kenanga No. 78,Samarinda,Kalimantan Timur
CUST00915,Aulia Pratama,aulia.pratama.915@example.com,M,2024-12-25,Jl. Sudirman No. 47,Balikpapan,Kalimantan Timur
CUST00916,Dewi Kurniawan,dewi.kurniawan.916@example.com,M,2024-02-26,Jl. Melati No. 71,Denpasar,Bali
CUST00917,Hendra Ramadhan,hendra.ramadhan.917@example.com,F,2024-10-25,Jl. Merdeka No. 35,Pontianak,Kalimantan Barat
CUST00918,Naufal Wijaya,naufal.wijaya.918@example.com,F,2024-05-04,Jl. Sudirman No. 128,Bogor,Jawa Barat
CUST00919,Nadia Puspitasari,nadia.puspitasari.919@example.com,F,2024-11-15,Jl. Gajah Mada No. 195,Yogyakarta,DI Yogyakarta
CUST00920,Galih Anggraini,galih.anggraini.920@example.com,F,2024-11-03,Jl. Gajah Mada No. 176,Jakarta,DKI Jakarta
CUST00921,Fajar Kurniawan,fajar.kurniawan.921@example.com,M,2024-10-22,Jl. Diponegoro No. 211,Bantul,DI Yogyakarta
CUST00922,Naufal Hakim,naufal.hakim.922@example.com,F,2024-07-24,Jl. Sudirman No. 214,Jakarta,DKI Jakarta
CUST00923,Maya Setiawan,maya.setiawan.923@example.com,M,2024-03-31,Jl. Diponegoro No. 49,Surakarta,Jawa Tengah
CUST00924,Adit Firmansyah,adit.firmansyah.924@example.com,M,2024-12-28,Jl. Diponegoro No. 243,Semarang,Jawa Tengah
CUST00925,Rizky Wulandari,rizky.wulandari.925@example.com,F,2024-02-17,Jl. Gajah Mada No. 61,Depok,Jawa Barat
CUST00926,Arif Setiawan,arif.setiawan.926@example.com,F,2024-10-05,Jl. Diponegoro No. 30,Palembang,Sumatera Selatan
CUST00927,Arif Wulandari,arif.wulandari.927@example.com,M,2024-12-15,Jl. Kenanga No. 21,Balikpapan,Kalimantan Timur
CUST00928,Fajar Rahmawati,fajar.rahmawati.928@example.com,M,2024-06-10,Jl. Sudirman No. 236,Bekasi,Jawa Barat
CUST00929,Dewi Hidayat,dewi.hidayat.929@example.com,M,2024-07-12,Jl. Merdeka No. 62,Surakarta,Jawa Tengah
CUST00930,Aulia Firmansyah,aulia.firmansyah.930@example.com,F,2024-08-14,Jl. Gajah Mada No. 181,Jakarta,DKI Jakarta
CUST00931,Nabila Hakim,nabila.hakim.931@example.com,F,2024-10-18,Jl. Veteran No. 146,Bandung,Jawa Barat
CUST00932,Naufal Wijaya,naufal.wijaya.932@example.com,M,2024-03-28,Jl. Pemuda No. 139,Samarinda,Kalimantan Timur
CUST00933,Andi Wijaya,andi.wijaya.933@example.com,M,2024-02-08,Jl. Diponegoro No. 75,Yogyakarta,DI Yogyakarta
CUST00934,Farah Anggraini,farah.anggraini.934@example.com,F,2024-12-15,Jl. Veteran No. 21,Samarinda,Kalimantan Timur
CUST00935,Yoga Kurniawan,yoga.kurniawan.935@example.com,M,2024-08-07,Jl. Merdeka No. 85,Pontianak,Kalimantan Barat
CUST00936,Bima Syahputra,bima.syahputra.936@example.com,F,2024-09-29,Jl. Sudirman No. 122,Denpasar,Bali
CUST00937,Adit Kurniawan,adit.kurniawan.937@example.com,F,2024-04-23,Jl. Veteran No. 133,Samarinda,Kalimantan Timur
CUST00938,Rina Syahputra,rina.syahputra.938@example.com,M,2024-02-05,Jl. Merdeka No. 184,Bandung,Jawa Barat
CUST00939,Tiara Syahputra,tiara.syahputra.939@example.com,M,2024-04-02,Jl. Kenanga No. 85,Bantul,DI Yogyakarta
CUST00940,Rina Santoso,rina.santoso.940@example.com,M,2024-09-30,Jl. Diponegoro No. 189,Bogor,Jawa Barat
CUST00941,Rizky Saputra,rizky.saputra.941@example.com,M,2024-03-06,Jl. Melati No. 224,Bogor,Jawa Barat
CUST00942,Nabila Pratama,nabila.pratama.942@example.com,M,2024-09-03,Jl. Melati No. 94,Denpasar,Bali
CUST00943,Bagas Wijaya,bagas.wijaya.943@example.com,M,2024-04-29,Jl. Diponegoro No. 106,Surakarta,Jawa Tengah
CUST00944,Tiara Wijaya,tiara.wijaya.944@example.com,M,2024-12-19,Jl. Kenanga No. 43,Medan,Sumatera Utara
CUST00945,Siti Wulandari,siti.wulandari.945@example.com,M,2024-12-11,Jl. Pemuda No. 228,Malang,Jawa Timur
CUST00946,Ilham Permana,ilham.permana.946@example.com,M,2024-12-09,Jl. Melati No. 43,Samarinda,Kalimantan Timur
CUST00947,Aulia Wulandari,aulia.wulandari.947@example.com,M,2024-07-13,Jl. Veteran No. 29,Jakarta,DKI Jakarta
CUST00948,Raka Anggraini,raka.anggraini.948@example.com,M,2024-06-10,Jl. Merdeka No. 241,Jakarta,DKI Jakarta
CUST00949,Tiara Firmansyah,tiara.firmansyah.949@example.com,M,2024-08-09,Jl. Sudirman No. 236,Malang,Jawa Timur
CUST00950,Ahmad Saputra,ahmad.saputra.950@example.com,F,2024-07-02,Jl. Merdeka No. 45,Semarang,Jawa Tengah
CUST00951,Bayu Rahmawati,bayu.rahmawati.951@example.com,M,2024-03-13,Jl. Pemuda No. 75,Medan,Sumatera Utara
CUST00952,Raka Ramadhan,raka.ramadhan.952@example.com,F,2024-11-03,Jl. Veteran No. 163,Bogor,Jawa Barat
CUST00953,Hendra Wijaya,hendra.wijaya.953@example.com,M,2024-12-30,Jl. Kenanga No. 63,Palembang,Sumatera Selatan
CUST00954,Aisyah Puspitasari,aisyah.puspitasari.954@example.com,F,2024-10-19,Jl. Pemuda No. 56,Malang,Jawa Timur
CUST00955,Fajar Wijaya,fajar.wijaya.955@example.com,M,2024-03-15,Jl. Diponegoro No. 40,Balikpapan,Kalimantan Timur
CUST00956,Andi Hakim,andi.hakim.956@example.com,M,2024-07-12,Jl. Pemuda No. 203,Medan,Sumatera Utara
CUST00957,Rina Anggraini,rina.anggraini.957@example.com,M,2024-12-24,Jl. Kenanga No. 138,Surakarta,Jawa Tengah
CUST00958,Raka Kurniawan,raka.kurniawan.958@example.com,M,2024-12-11,Jl. Melati No. 39,Surakarta,Jawa Tengah
CUST00959,Bima Anggraini,bima.anggraini.959@example.com,F,2024-04-24,Jl. Merdeka No. 169,Depok,Jawa Barat
CUST00960,Aulia Nugroho,aulia.nugroho.960@example.com,M,2024-07-14,Jl. Merdeka No. 128,Pontianak,Kalimantan Barat
CUST00961,Farah Ramadhan,farah.ramadhan.961@example.com,M,2024-12-16,Jl. Diponegoro No. 2,Jakarta,DKI Jakarta
CUST00962,Nadia Puspitasari,nadia.puspitasari.962@example.com,F,2024-02-12,Jl. Kenanga No. 55,Palembang,Sumatera Selatan
CUST00963,Bagas Puspitasari,bagas.puspitasari.963@example.com,F,2024-10-12,Jl. Melati No. 96,Makassar,Sulawesi Selatan
CUST00964,Intan Anggraini,intan.anggraini.964@example.com,M,2024-06-13,Jl. Veteran No. 96,Jakarta,DKI Jakarta
CUST00965,Intan Syahputra,intan.syahputra.965@example.com,F,2024-08-19,Jl. Sudirman No. 184,Malang,Jawa Timur
CUST00966,Farah Rahmawati,farah.rahmawati.966@example.com,F,2024-01-29,Jl. Melati No. 171,Denpasar,Bali
CUST00967,Reza Saputra,reza.saputra.967@example.com,M,2024-11-20,Jl. Gajah Mada No. 205,Yogyakarta,DI Yogyakarta
CUST00968,Yoga Maulana,yoga.maulana.968@example.com,F,2024-04-20,Jl. Sudirman No. 97,Yogyakarta,DI Yogyakarta
CUST00969,Galih Lestari,galih.lestari.969@example.com,M,2024-04-05,Jl. Gajah Mada No. 28,Tangerang,Banten
CUST00970,Aulia Nugroho,aulia.nugroho.970@example.com,M,2024-09-12,Jl. Pemuda No. 137,Bandung,Jawa Barat
CUST00971,Putri Pratama,putri.pratama.971@example.com,M,2024-10-13,Jl. Veteran No. 83,Denpasar,Bali
CUST00972,Bagas Wulandari,bagas.wulandari.972@example.com,M,2024-12-30,Jl. Diponegoro No. 235,Semarang,Jawa Tengah
CUST00973,Aulia Ramadhan,aulia.ramadhan.973@example.com,M,2024-03-11,Jl. Pemuda No. 63,Makassar,Sulawesi Selatan
CUST00974,Ilham Puspitasari,ilham.puspitasari.974@example.com,F,2024-04-27,Jl. Kenanga No. 249,Bantul,DI Yogyakarta
CUST00975,Nadia Nugroho,nadia.nugroho.975@example.com,F,2024-08-19,Jl. Veteran No. 198,Bandung,Jawa Barat
CUST00976,Bima Rahmawati,bima.rahmawati.976@example.com,M,2024-06-11,Jl. Pemuda No. 166,Palembang,Sumatera Selatan
CUST00977,Galih Nugroho,galih.nugroho.977@example.com,F,2024-08-15,Jl. Sudirman No. 169,Makassar,Sulawesi Selatan
CUST00978,Bagas Wulandari,bagas.wulandari.978@example.com,F,2024-05-21,Jl. Melati No. 107,Yogyakarta,DI Yogyakarta
CUST00979,Reza Anggraini,reza.anggraini.979@example.com,M,2024-09-28,Jl. Merdeka No. 243,Semarang,Jawa Tengah
CUST00980,Arif Setiawan,arif.setiawan.980@example.com,M,2024-08-04,Jl. Merdeka No. 7,Palembang,Sumatera Selatan
CUST00981,Putri Kurniawan,putri.kurniawan.981@example.com,F,2024-06-06,Jl. Veteran No. 159,Bantul,DI Yogyakarta
CUST00982,Ahmad Wijaya,ahmad.wijaya.982@example.com,F,2024-02-29,Jl. Melati No. 196,Balikpapan,Kalimantan Timur
CUST00983,Dewi Wijaya,dewi.wijaya.983@example.com,M,2024-07-02,Jl. Kenanga No. 167,Depok,Jawa Barat
CUST00984,Adit Lestari,adit.lestari.984@example.com,F,2024-09-20,Jl. Veteran No. 132,Bogor,Jawa Barat
CUST00985,Farah Wulandari,farah.wulandari.985@example.com,F,2024-08-10,Jl. Melati No. 154,Malang,Jawa Timur
CUST00986,Reza Rahmawati,reza.rahmawati.986@example.com,M,2024-09-17,Jl. Pemuda No. 22,Samarinda,Kalimantan Timur
CUST00987,Tiara Anggraini,tiara.anggraini.987@example.com,M,2024-02-07,Jl. Pemuda No. 122,Bogor,Jawa Barat
CUST00988,Hendra Saputra,hendra.saputra.988@example.com,M,2024-06-17,Jl. Veteran No. 139,Denpasar,Bali
CUST00989,Bayu Setiawan,bayu.setiawan.989@example.com,M,2024-06-06,Jl. Melati No. 111,Bandung,Jawa Barat
CUST00990,Rafi Anggraini,rafi.anggraini.990@example.com,M,2024-08-17,Jl. Melati No. 134,Bandung,Jawa Barat
CUST00991,Hendra Maulana,hendra.maulana.991@example.com,F,2024-01-06,Jl. Melati No. 248,Malang,Jawa Timur
CUST00992,Bima Lestari,bima.lestari.992@example.com,F,2024-06-12,Jl. Diponegoro No. 198,Palembang,Sumatera Selatan
CUST00993,Rafi Hakim,rafi.hakim.993@example.com,M,2024-11-08,Jl. Kenanga No. 26,Balikpapan,Kalimantan Timur
CUST00994,Putri Permana,putri.permana.994@example.com,M,2024-10-13,Jl. Kenanga No. 228,Bantul,DI Yogyakarta
CUST00995,Farah Kurniawan,farah.kurniawan.995@example.com,M,2024-06-30,Jl. Veteran No. 97,Surakarta,Jawa Tengah
CUST00996,Dewi Saputra,dewi.saputra.996@example.com,M,2024-06-15,Jl. Gajah Mada No. 248,Surakarta,Jawa Tengah
CUST00997,Adit Lestari,adit.lestari.997@example.com,M,2024-06-29,Jl. Melati No. 216,Pontianak,Kalimantan Barat
CUST00998,Dewi Lestari,dewi.lestari.998@example.com,M,2024-07-25,Jl. Veteran No. 143,Medan,Sumatera Utara
CUST00999,Ahmad Permana,ahmad.permana.999@example.com,M,2024-11-26,Jl. Pemuda No. 221,Sleman,DI Yogyakarta
CUST01000,Raka Firmansyah,raka.firmansyah.1000@example.com,F,2024-09-11,Jl. Diponegoro No. 246,Surakarta,Jawa Tengah
CUST01001,Rafi Saputra,rafi.saputra.1001@example.com,F,2024-06-11,Jl. Diponegoro No. 60,Malang,Jawa Timur
CUST01002,Bima Puspitasari,bima.puspitasari.1002@example.com,F,2024-05-06,Jl. Sudirman No. 227,Surabaya,Jawa Timur
CUST01003,Bagas Rahmawati,bagas.rahmawati.1003@example.com,M,2024-07-07,Jl. Merdeka No. 101,Yogyakarta,DI Yogyakarta
CUST01004,Maya Hidayat,maya.hidayat.1004@example.com,M,2024-02-15,Jl. Gajah Mada No. 18,Malang,Jawa Timur
CUST01005,Nadia Syahputra,nadia.syahputra.1005@example.com,M,2024-09-29,Jl. Diponegoro No. 40,Palembang,Sumatera Selatan
CUST01006,Rina Syahputra,rina.syahputra.1006@example.com,F,2024-03-07,Jl. Veteran No. 143,Tangerang,Banten
CUST01007,Naufal Ramadhan,naufal.ramadhan.1007@example.com,M,2024-07-04,Jl. Veteran No. 40,Bekasi,Jawa Barat
CUST01008,Reza Pratama,reza.pratama.1008@example.com,F,2024-08-28,Jl. Kenanga No. 169,Makassar,Sulawesi Selatan
CUST01009,Andi Puspitasari,andi.puspitasari.1009@example.com,F,2024-08-28,Jl. Melati No. 15,Pontianak,Kalimantan Barat
CUST01010,Hendra Wulandari,hendra.wulandari.1010@example.com,M,2024-01-03,Jl. Kenanga No. 170,Bandung,Jawa Barat
CUST01011,Maya Kurniawan,maya.kurniawan.1011@example.com,F,2024-09-26,Jl. Sudirman No. 200,Surabaya,Jawa Timur
CUST01012,Bima Kurniawan,bima.kurniawan.1012@example.com,M,2024-09-30,Jl. Veteran No. 229,Surabaya,Jawa Timur
CUST01013,Raka Saputra,raka.saputra.1013@example.com,M,2024-07-26,Jl. Pemuda No. 79,Bogor,Jawa Barat
CUST01014,Aisyah Saputra,aisyah.saputra.1014@example.com,F,2024-04-17,Jl. Pemuda No. 97,Tangerang,Banten
CUST01015,Intan Wulandari,intan.wulandari.1015@example.com,F,2024-07-16,Jl. Diponegoro No. 70,Samarinda,Kalimantan Timur
CUST01016,Bima Kurniawan,bima.kurniawan.1016@example.com,F,2024-03-23,Jl. Pemuda No. 85,Surabaya,Jawa Timur
CUST01017,Putri Wulandari,putri.wulandari.1017@example.com,F,2024-10-25,Jl. Sudirman No. 121,Depok,Jawa Barat
CUST01018,Bagas Firmansyah,bagas.firmansyah.1018@example.com,M,2024-05-01,Jl. Diponegoro No. 86,Pontianak,Kalimantan Barat
CUST01019,Fajar Hidayat,fajar.hidayat.1019@example.com,M,2024-10-12,Jl. Kenanga No. 107,Denpasar,Bali
CUST01020,Dewi Puspitasari,dewi.puspitasari.1020@example.com,F,2024-06-13,Jl. Kenanga No. 187,Samarinda,Kalimantan Timur
CUST01021,Bagas Setiawan,bagas.setiawan.1021@example.com,M,2024-10-29,Jl. Diponegoro No. 220,Denpasar,Bali
CUST01022,Arif Pratama,arif.pratama.1022@example.com,F,2024-10-05,Jl. Merdeka No. 188,Depok,Jawa Barat
CUST01023,Ilham Ramadhan,ilham.ramadhan.1023@example.com,F,2024-08-01,Jl. Pemuda No. 63,Bekasi,Jawa Barat
CUST01024,Nabila Kurniawan,nabila.kurniawan.1024@example.com,M,2024-02-22,Jl. Diponegoro No. 97,Palembang,Sumatera Selatan
CUST01025,Reza Hidayat,reza.hidayat.1025@example.com,M,2024-11-13,Jl. Merdeka No. 153,Tangerang,Banten
CUST01026,Putri Maulana,putri.maulana.1026@example.com,F,2024-05-19,Jl. Melati No. 166,Yogyakarta,DI Yogyakarta
CUST01027,Andi Anggraini,andi.anggraini.1027@example.com,M,2024-09-26,Jl. Merdeka No. 128,Makassar,Sulawesi Selatan
CUST01028,Aulia Setiawan,aulia.setiawan.1028@example.com,F,2024-06-15,Jl. Melati No. 180,Surakarta,Jawa Tengah
CUST01029,Fajar Ramadhan,fajar.ramadhan.1029@example.com,M,2024-08-07,Jl. Melati No. 196,Bekasi,Jawa Barat
CUST01030,Dewi Lestari,dewi.lestari.1030@example.com,M,2024-06-25,Jl. Sudirman No. 18,Semarang,Jawa Tengah
CUST01031,Raka Kurniawan,raka.kurniawan.1031@example.com,M,2024-11-23,Jl. Gajah Mada No. 9,Semarang,Jawa Tengah
CUST01032,Nadia Ramadhan,nadia.ramadhan.1032@example.com,M,2024-01-22,Jl. Gajah Mada No. 216,Bantul,DI Yogyakarta
CUST01033,Tiara Lestari,tiara.lestari.1033@example.com,F,2024-02-15,Jl. Gajah Mada No. 75,Pontianak,Kalimantan Barat
CUST01034,Reza Syahputra,reza.syahputra.1034@example.com,F,2024-08-15,Jl. Merdeka No. 127,Semarang,Jawa Tengah
CUST01035,Rina Nugroho,rina.nugroho.1035@example.com,F,2024-02-16,Jl. Diponegoro No. 89,Bekasi,Jawa Barat
CUST01036,Naufal Hakim,naufal.hakim.1036@example.com,M,2024-09-14,Jl. Gajah Mada No. 184,Palembang,Sumatera Selatan
CUST01037,Rina Syahputra,rina.syahputra.1037@example.com,M,2024-08-28,Jl. Diponegoro No. 239,Tangerang,Banten
CUST01038,Naufal Syahputra,naufal.syahputra.1038@example.com,F,2024-10-06,Jl. Veteran No. 99,Depok,Jawa Barat
CUST01039,Bagas Wijaya,bagas.wijaya.1039@example.com,F,2024-10-24,Jl. Melati No. 185,Semarang,Jawa Tengah
CUST01040,Farah Hidayat,farah.hidayat.1040@example.com,F,2024-09-28,Jl. Merdeka No. 87,Medan,Sumatera Utara
CUST01041,Arif Syahputra,arif.syahputra.1041@example.com,F,2024-08-21,Jl. Veteran No. 21,Jakarta,DKI Jakarta
CUST01042,Dewi Nugroho,dewi.nugroho.1042@example.com,M,2024-06-22,Jl. Pemuda No. 1,Bogor,Jawa Barat
CUST01043,Dewi Puspitasari,dewi.puspitasari.1043@example.com,M,2024-06-26,Jl. Kenanga No. 82,Bogor,Jawa Barat
CUST01044,Dewi Setiawan,dewi.setiawan.1044@example.com,M,2024-06-21,Jl. Merdeka No. 117,Samarinda,Kalimantan Timur
CUST01045,Ilham Santoso,ilham.santoso.1045@example.com,M,2024-01-22,Jl. Pemuda No. 29,Yogyakarta,DI Yogyakarta
CUST01046,Raka Anggraini,raka.anggraini.1046@example.com,F,2024-11-01,Jl. Melati No. 28,Sleman,DI Yogyakarta
CUST01047,Putri Hidayat,putri.hidayat.1047@example.com,M,2024-07-27,Jl. Melati No. 199,Palembang,Sumatera Selatan
CUST01048,Galih Hidayat,galih.hidayat.1048@example.com,M,2024-12-17,Jl. Veteran No. 176,Yogyakarta,DI Yogyakarta
CUST01049,Andi Wijaya,andi.wijaya.1049@example.com,F,2024-12-23,Jl. Melati No. 1,Jakarta,DKI Jakarta
CUST01050,Nabila Wulandari,nabila.wulandari.1050@example.com,F,2024-06-19,Jl. Sudirman No. 27,Bandung,Jawa Barat
CUST01051,Arif Syahputra,arif.syahputra.1051@example.com,F,2024-12-02,Jl. Merdeka No. 176,Surakarta,Jawa Tengah
CUST01052,Maya Permana,maya.permana.1052@example.com,F,2024-12-18,Jl. Kenanga No. 15,Sleman,DI Yogyakarta
CUST01053,Nabila Hidayat,nabila.hidayat.1053@example.com,M,2024-09-26,Jl. Veteran No. 152,Tangerang,Banten
CUST01054,Aulia Pratama,aulia.pratama.1054@example.com,F,2024-05-26,Jl. Kenanga No. 187,Yogyakarta,DI Yogyakarta
CUST01055,Naufal Ramadhan,naufal.ramadhan.1055@example.com,F,2024-10-08,Jl. Melati No. 75,Yogyakarta,DI Yogyakarta
CUST01056,Fajar Permana,fajar.permana.1056@example.com,F,2024-02-10,Jl. Gajah Mada No. 146,Medan,Sumatera Utara
CUST01057,Dimas Setiawan,dimas.setiawan.1057@example.com,M,2024-07-21,Jl. Kenanga No. 222,Medan,Sumatera Utara
CUST01058,Raka Rahmawati,raka.rahmawati.1058@example.com,M,2024-08-03,Jl. Diponegoro No. 229,Semarang,Jawa Tengah
CUST01059,Ahmad Wijaya,ahmad.wijaya.1059@example.com,F,2024-07-01,Jl. Sudirman No. 58,Denpasar,Bali
CUST01060,Ahmad Pratama,ahmad.pratama.1060@example.com,M,2024-07-16,Jl. Kenanga No. 85,Pontianak,Kalimantan Barat
CUST01061,Nabila Wijaya,nabila.wijaya.1061@example.com,M,2024-02-04,Jl. Diponegoro No. 47,Yogyakarta,DI Yogyakarta
CUST01062,Farah Santoso,farah.santoso.1062@example.com,F,2024-10-19,Jl. Pemuda No. 83,Malang,Jawa Timur
CUST01063,Yoga Firmansyah,yoga.firmansyah.1063@example.com,F,2024-09-24,Jl. Diponegoro No. 123,Semarang,Jawa Tengah
CUST01064,Dewi Rahmawati,dewi.rahmawati.1064@example.com,M,2024-10-18,Jl. Diponegoro No. 186,Bogor,Jawa Barat
CUST01065,Fajar Santoso,fajar.santoso.1065@example.com,M,2024-01-24,Jl. Gajah Mada No. 58,Semarang,Jawa Tengah
CUST01066,Ilham Wulandari,ilham.wulandari.1066@example.com,F,2024-05-04,Jl. Veteran No. 183,Pontianak,Kalimantan Barat
CUST01067,Nadia Puspitasari,nadia.puspitasari.1067@example.com,M,2024-04-13,Jl. Sudirman No. 54,Denpasar,Bali
CUST01068,Bagas Maulana,bagas.maulana.1068@example.com,M,2024-04-16,Jl. Veteran No. 188,Denpasar,Bali
CUST01069,Bima Santoso,bima.santoso.1069@example.com,F,2024-09-15,Jl. Veteran No. 143,Jakarta,DKI Jakarta
CUST01070,Andi Kurniawan,andi.kurniawan.1070@example.com,M,2024-10-16,Jl. Kenanga No. 75,Depok,Jawa Barat
CUST01071,Putri Lestari,putri.lestari.1071@example.com,F,2024-08-19,Jl. Gajah Mada No. 140,Bogor,Jawa Barat
CUST01072,Aulia Saputra,aulia.saputra.1072@example.com,M,2024-06-28,Jl. Pemuda No. 142,Yogyakarta,DI Yogyakarta
CUST01073,Tiara Anggraini,tiara.anggraini.1073@example.com,M,2024-07-14,Jl. Sudirman No. 111,Pontianak,Kalimantan Barat
CUST01074,Siti Hidayat,siti.hidayat.1074@example.com,F,2024-09-16,Jl. Diponegoro No. 139,Malang,Jawa Timur
CUST01075,Naufal Wijaya,naufal.wijaya.1075@example.com,F,2024-09-06,Jl. Diponegoro No. 206,Balikpapan,Kalimantan Timur
CUST01076,Farah Santoso,farah.santoso.1076@example.com,F,2024-05-31,Jl. Kenanga No. 226,Bogor,Jawa Barat
CUST01077,Aulia Wijaya,aulia.wijaya.1077@example.com,M,2024-10-09,Jl. Veteran No. 190,Denpasar,Bali
CUST01078,Bagas Puspitasari,bagas.puspitasari.1078@example.com,M,2024-11-09,Jl. Pemuda No. 208,Pontianak,Kalimantan Barat
CUST01079,Hendra Puspitasari,hendra.puspitasari.1079@example.com,F,2024-04-09,Jl. Sudirman No. 110,Depok,Jawa Barat
CUST01080,Andi Firmansyah,andi.firmansyah.1080@example.com,M,2024-05-26,Jl. Sudirman No. 40,Pontianak,Kalimantan Barat
CUST01081,Rizky Hakim,rizky.hakim.1081@example.com,F,2024-02-28,Jl. Veteran No. 65,Jakarta,DKI Jakarta
CUST01082,Yoga Utami,yoga.utami.1082@example.com,M,2024-01-16,Jl. Sudirman No. 11,Semarang,Jawa Tengah
CUST01083,Siti Firmansyah,siti.firmansyah.1083@example.com,F,2024-01-15,Jl. Gajah Mada No. 12,Surabaya,Jawa Timur
CUST01084,Fajar Santoso,fajar.santoso.1084@example.com,M,2024-09-04,Jl. Kenanga No. 48,Semarang,Jawa Tengah
CUST01085,Farah Santoso,farah.santoso.1085@example.com,F,2024-12-09,Jl. Diponegoro No. 110,Denpasar,Bali
CUST01086,Maya Maulana,maya.maulana.1086@example.com,F,2024-06-22,Jl. Kenanga No. 186,Makassar,Sulawesi Selatan
CUST01087,Putri Firmansyah,putri.firmansyah.1087@example.com,M,2024-07-20,Jl. Veteran No. 132,Bekasi,Jawa Barat
CUST01088,Rafi Utami,rafi.utami.1088@example.com,M,2024-04-16,Jl. Pemuda No. 95,Samarinda,Kalimantan Timur
CUST01089,Siti Nugroho,siti.nugroho.1089@example.com,M,2024-12-27,Jl. Pemuda No. 160,Medan,Sumatera Utara
CUST01090,Hendra Wulandari,hendra.wulandari.1090@example.com,M,2024-05-15,Jl. Sudirman No. 162,Bogor,Jawa Barat
CUST01091,Tiara Maulana,tiara.maulana.1091@example.com,M,2024-02-17,Jl. Pemuda No. 138,Bandung,Jawa Barat
CUST01092,Ilham Puspitasari,ilham.puspitasari.1092@example.com,F,2024-04-03,Jl. Diponegoro No. 204,Surabaya,Jawa Timur
CUST01093,Naufal Firmansyah,naufal.firmansyah.1093@example.com,F,2024-03-23,Jl. Diponegoro No. 196,Surabaya,Jawa Timur
CUST01094,Rina Wulandari,rina.wulandari.1094@example.com,F,2024-09-10,Jl. Melati No. 134,Surabaya,Jawa Timur
CUST01095,Aulia Hakim,aulia.hakim.1095@example.com,M,2024-05-08,Jl. Veteran No. 166,Surakarta,Jawa Tengah
CUST01096,Dimas Anggraini,dimas.anggraini.1096@example.com,M,2024-11-21,Jl. Melati No. 140,Surabaya,Jawa Timur
CUST01097,Reza Wijaya,reza.wijaya.1097@example.com,M,2024-07-14,Jl. Melati No. 80,Bogor,Jawa Barat
CUST01098,Arif Saputra,arif.saputra.1098@example.com,M,2024-11-27,Jl. Diponegoro No. 89,Samarinda,Kalimantan Timur
CUST01099,Adit Kurniawan,adit.kurniawan.1099@example.com,M,2024-07-18,Jl. Diponegoro No. 219,Yogyakarta,DI Yogyakarta
CUST01100,Arif Firmansyah,arif.firmansyah.1100@example.com,M,2024-05-27,Jl. Kenanga No. 94,Bandung,Jawa Barat
CUST01101,Intan Pratama,intan.pratama.1101@example.com,F,2024-12-05,Jl. Veteran No. 93,Semarang,Jawa Tengah
CUST01102,Raka Pratama,raka.pratama.1102@example.com,M,2024-10-21,Jl. Veteran No. 77,Yogyakarta,DI Yogyakarta
CUST01103,Yoga Syahputra,yoga.syahputra.1103@example.com,F,2024-03-20,Jl. Pemuda No. 113,Bogor,Jawa Barat
CUST01104,Intan Permana,intan.permana.1104@example.com,F,2024-09-01,Jl. Gajah Mada No. 48,Bekasi,Jawa Barat
CUST01105,Siti Santoso,siti.santoso.1105@example.com,F,2024-11-07,Jl. Kenanga No. 141,Malang,Jawa Timur
CUST01106,Dimas Hidayat,dimas.hidayat.1106@example.com,F,2024-12-08,Jl. Kenanga No. 156,Bantul,DI Yogyakarta
CUST01107,Galih Pratama,galih.pratama.1107@example.com,F,2024-03-12,Jl. Gajah Mada No. 198,Samarinda,Kalimantan Timur
CUST01108,Naufal Pratama,naufal.pratama.1108@example.com,M,2024-07-21,Jl. Pemuda No. 96,Jakarta,DKI Jakarta
CUST01109,Bagas Nugroho,bagas.nugroho.1109@example.com,F,2024-02-29,Jl. Sudirman No. 195,Bekasi,Jawa Barat
CUST01110,Bayu Firmansyah,bayu.firmansyah.1110@example.com,F,2024-06-23,Jl. Gajah Mada No. 136,Sleman,DI Yogyakarta
CUST01111,Reza Nugroho,reza.nugroho.1111@example.com,M,2024-07-15,Jl. Kenanga No. 141,Jakarta,DKI Jakarta
CUST01112,Adit Utami,adit.utami.1112@example.com,M,2024-06-07,Jl. Kenanga No. 218,Medan,Sumatera Utara
CUST01113,Galih Kurniawan,galih.kurniawan.1113@example.com,F,2024-04-19,Jl. Diponegoro No. 92,Jakarta,DKI Jakarta
CUST01114,Yoga Maulana,yoga.maulana.1114@example.com,M,2024-04-04,Jl. Veteran No. 7,Pontianak,Kalimantan Barat
CUST01115,Siti Rahmawati,siti.rahmawati.1115@example.com,M,2024-12-12,Jl. Gajah Mada No. 65,Makassar,Sulawesi Selatan
CUST01116,Nadia Anggraini,nadia.anggraini.1116@example.com,F,2024-06-26,Jl. Merdeka No. 47,Bogor,Jawa Barat
CUST01117,Bima Hidayat,bima.hidayat.1117@example.com,M,2024-02-19,Jl. Kenanga No. 18,Medan,Sumatera Utara
CUST01118,Rina Setiawan,rina.setiawan.1118@example.com,M,2024-06-19,Jl. Merdeka No. 50,Bandung,Jawa Barat
CUST01119,Ilham Firmansyah,ilham.firmansyah.1119@example.com,F,2024-10-24,Jl. Melati No. 215,Medan,Sumatera Utara
CUST01120,Dewi Puspitasari,dewi.puspitasari.1120@example.com,M,2024-02-09,Jl. Gajah Mada No. 108,Bantul,DI Yogyakarta
CUST01121,Nadia Hidayat,nadia.hidayat.1121@example.com,M,2024-02-08,Jl. Kenanga No. 1,Sleman,DI Yogyakarta
CUST01122,Bima Setiawan,bima.setiawan.1122@example.com,M,2024-06-22,Jl. Gajah Mada No. 249,Pontianak,Kalimantan Barat
CUST01123,Andi Lestari,andi.lestari.1123@example.com,M,2024-10-26,Jl. Kenanga No. 171,Tangerang,Banten
CUST01124,Dimas Hidayat,dimas.hidayat.1124@example.com,F,2024-11-08,Jl. Kenanga No. 169,Surabaya,Jawa Timur
CUST01125,Ahmad Santoso,ahmad.santoso.1125@example.com,F,2024-08-16,Jl. Gajah Mada No. 85,Sleman,DI Yogyakarta
CUST01126,Nabila Anggraini,nabila.anggraini.1126@example.com,F,2024-04-15,Jl. Merdeka No. 11,Jakarta,DKI Jakarta
CUST01127,Naufal Ramadhan,naufal.ramadhan.1127@example.com,F,2024-10-16,Jl. Pemuda No. 109,Makassar,Sulawesi Selatan
CUST01128,Bayu Santoso,bayu.santoso.1128@example.com,F,2024-03-16,Jl. Kenanga No. 208,Samarinda,Kalimantan Timur
CUST01129,Nadia Setiawan,nadia.setiawan.1129@example.com,M,2024-09-27,Jl. Sudirman No. 158,Medan,Sumatera Utara
CUST01130,Aisyah Pratama,aisyah.pratama.1130@example.com,M,2024-10-24,Jl. Pemuda No. 111,Jakarta,DKI Jakarta
CUST01131,Aulia Permana,aulia.permana.1131@example.com,M,2024-12-23,Jl. Pemuda No. 32,Semarang,Jawa Tengah
CUST01132,Tiara Wulandari,tiara.wulandari.1132@example.com,M,2024-09-11,Jl. Veteran No. 132,Bandung,Jawa Barat
CUST01133,Galih Permana,galih.permana.1133@example.com,F,2024-08-19,Jl. Merdeka No. 82,Bantul,DI Yogyakarta
CUST01134,Aulia Nugroho,aulia.nugroho.1134@example.com,M,2024-07-26,Jl. Pemuda No. 165,Palembang,Sumatera Selatan
CUST01135,Raka Lestari,raka.lestari.1135@example.com,M,2024-08-20,Jl. Diponegoro No. 163,Sleman,DI Yogyakarta
CUST01136,Bagas Hakim,bagas.hakim.1136@example.com,M,2024-12-15,Jl. Merdeka No. 124,Palembang,Sumatera Selatan
CUST01137,Intan Ramadhan,intan.ramadhan.1137@example.com,F,2024-07-23,Jl. Sudirman No. 106,Yogyakarta,DI Yogyakarta
CUST01138,Ahmad Santoso,ahmad.santoso.1138@example.com,F,2024-10-05,Jl. Kenanga No. 161,Bekasi,Jawa Barat
CUST01139,Nadia Hidayat,nadia.hidayat.1139@example.com,F,2024-07-08,Jl. Diponegoro No. 230,Malang,Jawa Timur
CUST01140,Yoga Wulandari,yoga.wulandari.1140@example.com,M,2024-05-03,Jl. Sudirman No. 75,Denpasar,Bali
CUST01141,Bagas Saputra,bagas.saputra.1141@example.com,F,2024-12-22,Jl. Sudirman No. 188,Jakarta,DKI Jakarta
CUST01142,Hendra Puspitasari,hendra.puspitasari.1142@example.com,M,2024-04-21,Jl. Kenanga No. 124,Surakarta,Jawa Tengah
CUST01143,Naufal Nugroho,naufal.nugroho.1143@example.com,M,2024-08-07,Jl. Diponegoro No. 150,Samarinda,Kalimantan Timur
CUST01144,Maya Permana,maya.permana.1144@example.com,F,2024-02-12,Jl. Veteran No. 115,Bogor,Jawa Barat
CUST01145,Farah Anggraini,farah.anggraini.1145@example.com,M,2024-10-10,Jl. Diponegoro No. 37,Bekasi,Jawa Barat
CUST01146,Nadia Ramadhan,nadia.ramadhan.1146@example.com,M,2024-08-15,Jl. Diponegoro No. 60,Bantul,DI Yogyakarta
CUST01147,Intan Utami,intan.utami.1147@example.com,F,2024-10-31,Jl. Sudirman No. 209,Depok,Jawa Barat
CUST01148,Intan Permana,intan.permana.1148@example.com,F,2024-03-14,Jl. Kenanga No. 243,Makassar,Sulawesi Selatan
CUST01149,Bima Kurniawan,bima.kurniawan.1149@example.com,F,2024-04-16,Jl. Sudirman No. 81,Yogyakarta,DI Yogyakarta
CUST01150,Aisyah Ramadhan,aisyah.ramadhan.1150@example.com,M,2024-11-15,Jl. Merdeka No. 160,Semarang,Jawa Tengah
CUST01151,Nabila Saputra,nabila.saputra.1151@example.com,M,2024-03-03,Jl. Merdeka No. 128,Samarinda,Kalimantan Timur
CUST01152,Bima Firmansyah,bima.firmansyah.1152@example.com,F,2024-01-25,Jl. Diponegoro No. 25,Samarinda,Kalimantan Timur
CUST01153,Rafi Rahmawati,rafi.rahmawati.1153@example.com,M,2024-10-05,Jl. Kenanga No. 206,Bogor,Jawa Barat
CUST01154,Nadia Maulana,nadia.maulana.1154@example.com,F,2024-02-16,Jl. Gajah Mada No. 74,Makassar,Sulawesi Selatan
CUST01155,Nabila Anggraini,nabila.anggraini.1155@example.com,F,2024-04-09,Jl. Kenanga No. 94,Bantul,DI Yogyakarta
CUST01156,Bagas Hakim,bagas.hakim.1156@example.com,M,2024-09-24,Jl. Melati No. 141,Surakarta,Jawa Tengah
CUST01157,Bima Utami,bima.utami.1157@example.com,F,2024-06-15,Jl. Gajah Mada No. 82,Surakarta,Jawa Tengah
CUST01158,Adit Anggraini,adit.anggraini.1158@example.com,F,2024-07-13,Jl. Veteran No. 112,Bantul,DI Yogyakarta
CUST01159,Naufal Santoso,naufal.santoso.1159@example.com,M,2024-07-18,Jl. Sudirman No. 93,Surakarta,Jawa Tengah
CUST01160,Ahmad Hidayat,ahmad.hidayat.1160@example.com,F,2024-12-06,Jl. Gajah Mada No. 221,Surakarta,Jawa Tengah
CUST01161,Arif Permana,arif.permana.1161@example.com,F,2024-07-19,Jl. Sudirman No. 239,Depok,Jawa Barat
CUST01162,Aisyah Ramadhan,aisyah.ramadhan.1162@example.com,F,2024-08-30,Jl. Kenanga No. 29,Tangerang,Banten
CUST01163,Putri Maulana,putri.maulana.1163@example.com,F,2024-10-16,Jl. Sudirman No. 199,Sleman,DI Yogyakarta
CUST01164,Intan Anggraini,intan.anggraini.1164@example.com,F,2024-03-28,Jl. Diponegoro No. 228,Pontianak,Kalimantan Barat
CUST01165,Rina Pratama,rina.pratama.1165@example.com,M,2024-04-12,Jl. Pemuda No. 34,Jakarta,DKI Jakarta
CUST01166,Aisyah Setiawan,aisyah.setiawan.1166@example.com,F,2024-08-21,Jl. Pemuda No. 43,Malang,Jawa Timur
CUST01167,Bagas Saputra,bagas.saputra.1167@example.com,M,2024-10-06,Jl. Merdeka No. 6,Medan,Sumatera Utara
CUST01168,Rina Puspitasari,rina.puspitasari.1168@example.com,M,2024-07-25,Jl. Merdeka No. 226,Medan,Sumatera Utara
CUST01169,Dewi Permana,dewi.permana.1169@example.com,M,2024-05-12,Jl. Melati No. 113,Bogor,Jawa Barat
CUST01170,Aisyah Santoso,aisyah.santoso.1170@example.com,M,2024-12-14,Jl. Veteran No. 65,Pontianak,Kalimantan Barat
CUST01171,Dewi Permana,dewi.permana.1171@example.com,F,2024-04-30,Jl. Melati No. 224,Makassar,Sulawesi Selatan
CUST01172,Farah Santoso,farah.santoso.1172@example.com,F,2024-12-02,Jl. Sudirman No. 206,Bandung,Jawa Barat
CUST01173,Raka Puspitasari,raka.puspitasari.1173@example.com,M,2024-01-10,Jl. Sudirman No. 199,Malang,Jawa Timur
CUST01174,Bima Anggraini,bima.anggraini.1174@example.com,M,2024-01-21,Jl. Gajah Mada No. 158,Tangerang,Banten
CUST01175,Siti Nugroho,siti.nugroho.1175@example.com,F,2024-09-02,Jl. Pemuda No. 43,Sleman,DI Yogyakarta
CUST01176,Maya Rahmawati,maya.rahmawati.1176@example.com,M,2024-11-04,Jl. Pemuda No. 229,Balikpapan,Kalimantan Timur
CUST01177,Maya Maulana,maya.maulana.1177@example.com,M,2024-05-31,Jl. Merdeka No. 17,Balikpapan,Kalimantan Timur
CUST01178,Naufal Utami,naufal.utami.1178@example.com,M,2024-03-24,Jl. Veteran No. 234,Balikpapan,Kalimantan Timur
CUST01179,Raka Syahputra,raka.syahputra.1179@example.com,F,2024-05-09,Jl. Diponegoro No. 92,Malang,Jawa Timur
CUST01180,Intan Puspitasari,intan.puspitasari.1180@example.com,F,2024-08-27,Jl. Diponegoro No. 107,Jakarta,DKI Jakarta
CUST01181,Maya Wijaya,maya.wijaya.1181@example.com,M,2024-05-29,Jl. Pemuda No. 77,Bekasi,Jawa Barat
CUST01182,Bagas Puspitasari,bagas.puspitasari.1182@example.com,M,2024-04-11,Jl. Veteran No. 23,Jakarta,DKI Jakarta
CUST01183,Nabila Nugroho,nabila.nugroho.1183@example.com,M,2024-01-21,Jl. Veteran No. 156,Yogyakarta,DI Yogyakarta
CUST01184,Intan Wulandari,intan.wulandari.1184@example.com,F,2024-04-30,Jl. Sudirman No. 83,Makassar,Sulawesi Selatan
CUST01185,Aulia Santoso,aulia.santoso.1185@example.com,F,2024-12-28,Jl. Melati No. 205,Jakarta,DKI Jakarta
CUST01186,Naufal Hidayat,naufal.hidayat.1186@example.com,F,2024-03-07,Jl. Pemuda No. 160,Depok,Jawa Barat
CUST01187,Aulia Wijaya,aulia.wijaya.1187@example.com,F,2024-10-24,Jl. Merdeka No. 214,Malang,Jawa Timur
CUST01188,Bagas Wijaya,bagas.wijaya.1188@example.com,M,2024-04-13,Jl. Melati No. 45,Semarang,Jawa Tengah
CUST01189,Bagas Ramadhan,bagas.ramadhan.1189@example.com,M,2024-01-04,Jl. Merdeka No. 247,Semarang,Jawa Tengah
CUST01190,Andi Firmansyah,andi.firmansyah.1190@example.com,M,2024-04-15,Jl. Kenanga No. 161,Balikpapan,Kalimantan Timur
CUST01191,Rina Wijaya,rina.wijaya.1191@example.com,F,2024-07-05,Jl. Veteran No. 74,Jakarta,DKI Jakarta
CUST01192,Farah Hakim,farah.hakim.1192@example.com,M,2024-05-12,Jl. Veteran No. 147,Depok,Jawa Barat
CUST01193,Ilham Kurniawan,ilham.kurniawan.1193@example.com,F,2024-06-25,Jl. Melati No. 2,Samarinda,Kalimantan Timur
CUST01194,Bima Santoso,bima.santoso.1194@example.com,M,2024-01-11,Jl. Diponegoro No. 171,Makassar,Sulawesi Selatan
CUST01195,Yoga Permana,yoga.permana.1195@example.com,M,2024-03-03,Jl. Pemuda No. 94,Depok,Jawa Barat
CUST01196,Aisyah Hakim,aisyah.hakim.1196@example.com,F,2024-07-27,Jl. Kenanga No. 148,Surakarta,Jawa Tengah
CUST01197,Aulia Syahputra,aulia.syahputra.1197@example.com,M,2024-01-29,Jl. Kenanga No. 178,Surakarta,Jawa Tengah
CUST01198,Galih Lestari,galih.lestari.1198@example.com,F,2024-01-01,Jl. Pemuda No. 57,Malang,Jawa Timur
CUST01199,Rizky Firmansyah,rizky.firmansyah.1199@example.com,F,2024-05-13,Jl. Veteran No. 163,Pontianak,Kalimantan Barat
CUST01200,Rina Pratama,rina.pratama.1200@example.com,F,2024-01-01,Jl. Veteran No. 202,Surabaya,Jawa Timur
CUST01201,Rina Santoso,rina.santoso.1201@example.com,M,2024-12-02,Jl. Gajah Mada No. 24,Malang,Jawa Timur
CUST01202,Rizky Wulandari,rizky.wulandari.1202@example.com,F,2024-08-24,Jl. Sudirman No. 202,Malang,Jawa Timur
CUST01203,Raka Pratama,raka.pratama.1203@example.com,M,2024-10-18,Jl. Veteran No. 150,Medan,Sumatera Utara
CUST01204,Siti Puspitasari,siti.puspitasari.1204@example.com,M,2024-08-16,Jl. Sudirman No. 249,Malang,Jawa Timur
CUST01205,Hendra Syahputra,hendra.syahputra.1205@example.com,M,2024-01-01,Jl. Merdeka No. 204,Surakarta,Jawa Tengah
CUST01206,Bayu Permana,bayu.permana.1206@example.com,M,2024-12-17,Jl. Merdeka No. 116,Malang,Jawa Timur
CUST01207,Andi Firmansyah,andi.firmansyah.1207@example.com,F,2024-10-21,Jl. Kenanga No. 232,Sleman,DI Yogyakarta
CUST01208,Hendra Maulana,hendra.maulana.1208@example.com,M,2024-08-31,Jl. Merdeka No. 169,Tangerang,Banten
CUST01209,Intan Santoso,intan.santoso.1209@example.com,F,2024-10-11,Jl. Melati No. 81,Malang,Jawa Timur
CUST01210,Naufal Kurniawan,naufal.kurniawan.1210@example.com,M,2024-10-27,Jl. Gajah Mada No. 88,Surabaya,Jawa Timur
CUST01211,Adit Syahputra,adit.syahputra.1211@example.com,F,2024-07-28,Jl. Melati No. 112,Bantul,DI Yogyakarta
CUST01212,Tiara Puspitasari,tiara.puspitasari.1212@example.com,F,2024-01-23,Jl. Sudirman No. 181,Surakarta,Jawa Tengah
CUST01213,Reza Anggraini,reza.anggraini.1213@example.com,F,2024-05-26,Jl. Merdeka No. 173,Pontianak,Kalimantan Barat
CUST01214,Raka Rahmawati,raka.rahmawati.1214@example.com,M,2024-05-21,Jl. Veteran No. 189,Malang,Jawa Timur
CUST01215,Siti Wulandari,siti.wulandari.1215@example.com,F,2024-01-08,Jl. Gajah Mada No. 203,Surakarta,Jawa Tengah
CUST01216,Hendra Setiawan,hendra.setiawan.1216@example.com,M,2024-03-14,Jl. Merdeka No. 156,Bantul,DI Yogyakarta
CUST01217,Ahmad Rahmawati,ahmad.rahmawati.1217@example.com,M,2024-10-13,Jl. Kenanga No. 54,Sleman,DI Yogyakarta
CUST01218,Bayu Kurniawan,bayu.kurniawan.1218@example.com,F,2024-10-02,Jl. Pemuda No. 203,Tangerang,Banten
CUST01219,Aisyah Ramadhan,aisyah.ramadhan.1219@example.com,F,2024-12-26,Jl. Melati No. 75,Surakarta,Jawa Tengah
CUST01220,Ilham Kurniawan,ilham.kurniawan.1220@example.com,F,2024-12-08,Jl. Veteran No. 12,Pontianak,Kalimantan Barat
CUST01221,Reza Utami,reza.utami.1221@example.com,F,2024-04-19,Jl. Pemuda No. 156,Pontianak,Kalimantan Barat
CUST01222,Raka Wulandari,raka.wulandari.1222@example.com,M,2024-05-23,Jl. Sudirman No. 195,Sleman,DI Yogyakarta
CUST01223,Dewi Wulandari,dewi.wulandari.1223@example.com,F,2024-09-19,Jl. Veteran No. 161,Surabaya,Jawa Timur
CUST01224,Nabila Lestari,nabila.lestari.1224@example.com,F,2024-03-18,Jl. Merdeka No. 61,Surakarta,Jawa Tengah
CUST01225,Putri Setiawan,putri.setiawan.1225@example.com,F,2024-07-13,Jl. Sudirman No. 188,Semarang,Jawa Tengah
CUST01226,Dewi Puspitasari,dewi.puspitasari.1226@example.com,F,2024-08-25,Jl. Sudirman No. 159,Bekasi,Jawa Barat
CUST01227,Rizky Hakim,rizky.hakim.1227@example.com,F,2024-09-29,Jl. Sudirman No. 158,Tangerang,Banten
CUST01228,Rizky Hakim,rizky.hakim.1228@example.com,F,2024-10-21,Jl. Diponegoro No. 88,Jakarta,DKI Jakarta
CUST01229,Nadia Pratama,nadia.pratama.1229@example.com,M,2024-09-20,Jl. Gajah Mada No. 174,Surakarta,Jawa Tengah
CUST01230,Aisyah Rahmawati,aisyah.rahmawati.1230@example.com,M,2024-06-25,Jl. Veteran No. 233,Surakarta,Jawa Tengah
CUST01231,Bagas Permana,bagas.permana.1231@example.com,F,2024-03-19,Jl. Veteran No. 22,Makassar,Sulawesi Selatan
CUST01232,Raka Syahputra,raka.syahputra.1232@example.com,M,2024-04-03,Jl. Sudirman No. 225,Medan,Sumatera Utara
CUST01233,Tiara Puspitasari,tiara.puspitasari.1233@example.com,F,2024-12-26,Jl. Kenanga No. 100,Bekasi,Jawa Barat
CUST01234,Arif Nugroho,arif.nugroho.1234@example.com,F,2024-12-03,Jl. Melati No. 62,Tangerang,Banten
CUST01235,Arif Utami,arif.utami.1235@example.com,M,2024-04-11,Jl. Gajah Mada No. 122,Surabaya,Jawa Timur
CUST01236,Maya Ramadhan,maya.ramadhan.1236@example.com,M,2024-05-09,Jl. Sudirman No. 134,Bantul,DI Yogyakarta
CUST01237,Rina Maulana,rina.maulana.1237@example.com,F,2024-04-28,Jl. Gajah Mada No. 220,Surabaya,Jawa Timur
CUST01238,Maya Santoso,maya.santoso.1238@example.com,F,2024-01-16,Jl. Sudirman No. 58,Surabaya,Jawa Timur
CUST01239,Rina Kurniawan,rina.kurniawan.1239@example.com,F,2024-06-02,Jl. Pemuda No. 136,Samarinda,Kalimantan Timur
CUST01240,Ahmad Wijaya,ahmad.wijaya.1240@example.com,M,2024-09-15,Jl. Melati No. 63,Semarang,Jawa Tengah
CUST01241,Ahmad Santoso,ahmad.santoso.1241@example.com,M,2024-08-04,Jl. Diponegoro No. 178,Surakarta,Jawa Tengah
CUST01242,Rafi Puspitasari,rafi.puspitasari.1242@example.com,M,2024-09-18,Jl. Veteran No. 3,Makassar,Sulawesi Selatan
CUST01243,Nabila Setiawan,nabila.setiawan.1243@example.com,M,2024-12-10,Jl. Sudirman No. 52,Surabaya,Jawa Timur
CUST01244,Bima Puspitasari,bima.puspitasari.1244@example.com,F,2024-07-19,Jl. Veteran No. 197,Tangerang,Banten
CUST01245,Arif Pratama,arif.pratama.1245@example.com,M,2024-09-22,Jl. Veteran No. 100,Samarinda,Kalimantan Timur
CUST01246,Farah Kurniawan,farah.kurniawan.1246@example.com,F,2024-11-29,Jl. Diponegoro No. 7,Makassar,Sulawesi Selatan
CUST01247,Bagas Wijaya,bagas.wijaya.1247@example.com,M,2024-09-02,Jl. Diponegoro No. 203,Semarang,Jawa Tengah
CUST01248,Andi Wijaya,andi.wijaya.1248@example.com,M,2024-01-02,Jl. Diponegoro No. 61,Semarang,Jawa Tengah
CUST01249,Aulia Lestari,aulia.lestari.1249@example.com,M,2024-01-29,Jl. Kenanga No. 15,Palembang,Sumatera Selatan
CUST01250,Reza Pratama,reza.pratama.1250@example.com,M,2024-07-01,Jl. Sudirman No. 201,Pontianak,Kalimantan Barat
CUST01251,Andi Santoso,andi.santoso.1251@example.com,M,2024-03-10,Jl. Merdeka No. 105,Bandung,Jawa Barat
CUST01252,Galih Wijaya,galih.wijaya.1252@example.com,M,2024-10-22,Jl. Melati No. 117,Tangerang,Banten
CUST01253,Adit Pratama,adit.pratama.1253@example.com,F,2024-07-07,Jl. Sudirman No. 78,Bekasi,Jawa Barat
CUST01254,Siti Utami,siti.utami.1254@example.com,M,2024-04-05,Jl. Merdeka No. 160,Sleman,DI Yogyakarta
CUST01255,Reza Kurniawan,reza.kurniawan.1255@example.com,M,2024-06-27,Jl. Kenanga No. 129,Medan,Sumatera Utara
CUST01256,Aulia Wulandari,aulia.wulandari.1256@example.com,M,2024-04-14,Jl. Kenanga No. 33,Pontianak,Kalimantan Barat
CUST01257,Aulia Hidayat,aulia.hidayat.1257@example.com,M,2024-01-21,Jl. Diponegoro No. 45,Medan,Sumatera Utara
CUST01258,Raka Maulana,raka.maulana.1258@example.com,F,2024-02-04,Jl. Merdeka No. 186,Semarang,Jawa Tengah
CUST01259,Nadia Wijaya,nadia.wijaya.1259@example.com,F,2024-03-28,Jl. Kenanga No. 23,Sleman,DI Yogyakarta
CUST01260,Nadia Wijaya,nadia.wijaya.1260@example.com,M,2024-03-14,Jl. Diponegoro No. 242,Medan,Sumatera Utara
CUST01261,Farah Firmansyah,farah.firmansyah.1261@example.com,F,2024-08-30,Jl. Diponegoro No. 226,Bantul,DI Yogyakarta
CUST01262,Putri Rahmawati,putri.rahmawati.1262@example.com,M,2024-12-19,Jl. Melati No. 55,Surabaya,Jawa Timur
CUST01263,Raka Permana,raka.permana.1263@example.com,F,2024-05-26,Jl. Melati No. 248,Makassar,Sulawesi Selatan
CUST01264,Rizky Wijaya,rizky.wijaya.1264@example.com,F,2024-08-08,Jl. Melati No. 131,Denpasar,Bali
CUST01265,Andi Wulandari,andi.wulandari.1265@example.com,F,2024-02-19,Jl. Veteran No. 22,Surakarta,Jawa Tengah
CUST01266,Bayu Lestari,bayu.lestari.1266@example.com,F,2024-02-06,Jl. Merdeka No. 24,Palembang,Sumatera Selatan
CUST01267,Tiara Syahputra,tiara.syahputra.1267@example.com,M,2024-06-09,Jl. Pemuda No. 66,Jakarta,DKI Jakarta
CUST01268,Bayu Wijaya,bayu.wijaya.1268@example.com,F,2024-10-21,Jl. Kenanga No. 98,Jakarta,DKI Jakarta
CUST01269,Dewi Maulana,dewi.maulana.1269@example.com,F,2024-06-22,Jl. Pemuda No. 142,Denpasar,Bali
CUST01270,Adit Ramadhan,adit.ramadhan.1270@example.com,M,2024-06-23,Jl. Pemuda No. 231,Depok,Jawa Barat
CUST01271,Naufal Wulandari,naufal.wulandari.1271@example.com,M,2024-12-17,Jl. Pemuda No. 54,Tangerang,Banten
CUST01272,Bayu Santoso,bayu.santoso.1272@example.com,F,2024-04-10,Jl. Melati No. 157,Jakarta,DKI Jakarta
CUST01273,Dimas Firmansyah,dimas.firmansyah.1273@example.com,M,2024-01-08,Jl. Diponegoro No. 163,Yogyakarta,DI Yogyakarta
CUST01274,Andi Hakim,andi.hakim.1274@example.com,M,2024-11-25,Jl. Sudirman No. 28,Denpasar,Bali
CUST01275,Bayu Hakim,bayu.hakim.1275@example.com,M,2024-09-14,Jl. Melati No. 31,Surabaya,Jawa Timur
CUST01276,Nabila Syahputra,nabila.syahputra.1276@example.com,F,2024-02-20,Jl. Melati No. 222,Samarinda,Kalimantan Timur
CUST01277,Dimas Pratama,dimas.pratama.1277@example.com,M,2024-07-27,Jl. Kenanga No. 31,Bantul,DI Yogyakarta
CUST01278,Tiara Saputra,tiara.saputra.1278@example.com,F,2024-01-15,Jl. Veteran No. 130,Makassar,Sulawesi Selatan
CUST01279,Dewi Rahmawati,dewi.rahmawati.1279@example.com,M,2024-03-18,Jl. Diponegoro No. 8,Medan,Sumatera Utara
CUST01280,Naufal Saputra,naufal.saputra.1280@example.com,M,2024-09-16,Jl. Sudirman No. 108,Makassar,Sulawesi Selatan
CUST01281,Dewi Pratama,dewi.pratama.1281@example.com,F,2024-07-25,Jl. Merdeka No. 72,Yogyakarta,DI Yogyakarta
CUST01282,Maya Ramadhan,maya.ramadhan.1282@example.com,F,2024-04-16,Jl. Kenanga No. 76,Denpasar,Bali
CUST01283,Hendra Hidayat,hendra.hidayat.1283@example.com,M,2024-05-27,Jl. Sudirman No. 13,Denpasar,Bali
CUST01284,Fajar Utami,fajar.utami.1284@example.com,F,2024-08-02,Jl. Gajah Mada No. 216,Surakarta,Jawa Tengah
CUST01285,Aulia Nugroho,aulia.nugroho.1285@example.com,F,2024-03-16,Jl. Pemuda No. 240,Bogor,Jawa Barat
CUST01286,Naufal Hidayat,naufal.hidayat.1286@example.com,F,2024-11-11,Jl. Melati No. 93,Bandung,Jawa Barat
CUST01287,Rizky Permana,rizky.permana.1287@example.com,M,2024-05-05,Jl. Merdeka No. 155,Makassar,Sulawesi Selatan
CUST01288,Maya Ramadhan,maya.ramadhan.1288@example.com,F,2024-08-31,Jl. Diponegoro No. 149,Samarinda,Kalimantan Timur
CUST01289,Tiara Permana,tiara.permana.1289@example.com,M,2024-02-26,Jl. Pemuda No. 204,Surakarta,Jawa Tengah
CUST01290,Rafi Pratama,rafi.pratama.1290@example.com,F,2024-11-21,Jl. Pemuda No. 145,Medan,Sumatera Utara
CUST01291,Naufal Puspitasari,naufal.puspitasari.1291@example.com,F,2024-12-17,Jl. Diponegoro No. 74,Malang,Jawa Timur
CUST01292,Ilham Rahmawati,ilham.rahmawati.1292@example.com,M,2024-12-07,Jl. Diponegoro No. 231,Sleman,DI Yogyakarta
CUST01293,Andi Syahputra,andi.syahputra.1293@example.com,F,2024-12-01,Jl. Kenanga No. 5,Makassar,Sulawesi Selatan
CUST01294,Nadia Nugroho,nadia.nugroho.1294@example.com,F,2024-11-16,Jl. Melati No. 235,Denpasar,Bali
CUST01295,Reza Kurniawan,reza.kurniawan.1295@example.com,F,2024-04-04,Jl. Merdeka No. 132,Bogor,Jawa Barat
CUST01296,Nabila Hidayat,nabila.hidayat.1296@example.com,M,2024-06-07,Jl. Pemuda No. 79,Denpasar,Bali
CUST01297,Rafi Permana,rafi.permana.1297@example.com,M,2024-10-26,Jl. Pemuda No. 68,Denpasar,Bali
CUST01298,Putri Utami,putri.utami.1298@example.com,F,2024-08-15,Jl. Merdeka No. 8,Bekasi,Jawa Barat
CUST01299,Aisyah Hakim,aisyah.hakim.1299@example.com,M,2024-09-04,Jl. Merdeka No. 156,Samarinda,Kalimantan Timur
CUST01300,Aisyah Setiawan,aisyah.setiawan.1300@example.com,M,2024-07-06,Jl. Sudirman No. 56,Depok,Jawa Barat
CUST01301,Rina Permana,rina.permana.1301@example.com,M,2024-03-26,Jl. Kenanga No. 93,Medan,Sumatera Utara
CUST01302,Rafi Hidayat,rafi.hidayat.1302@example.com,F,2024-04-09,Jl. Kenanga No. 33,Yogyakarta,DI Yogyakarta
CUST01303,Bagas Hakim,bagas.hakim.1303@example.com,M,2024-10-01,Jl. Merdeka No. 104,Bandung,Jawa Barat
CUST01304,Yoga Anggraini,yoga.anggraini.1304@example.com,M,2024-08-12,Jl. Pemuda No. 71,Surakarta,Jawa Tengah
CUST01305,Bima Permana,bima.permana.1305@example.com,M,2024-06-15,Jl. Gajah Mada No. 226,Malang,Jawa Timur
CUST01306,Nabila Saputra,nabila.saputra.1306@example.com,M,2024-02-11,Jl. Diponegoro No. 164,Samarinda,Kalimantan Timur
CUST01307,Siti Ramadhan,siti.ramadhan.1307@example.com,M,2024-11-02,Jl. Melati No. 64,Bandung,Jawa Barat
CUST01308,Ahmad Lestari,ahmad.lestari.1308@example.com,M,2024-10-16,Jl. Melati No. 80,Samarinda,Kalimantan Timur
CUST01309,Rizky Saputra,rizky.saputra.1309@example.com,M,2024-11-30,Jl. Merdeka No. 39,Surakarta,Jawa Tengah
CUST01310,Andi Anggraini,andi.anggraini.1310@example.com,F,2024-02-05,Jl. Gajah Mada No. 146,Sleman,DI Yogyakarta
CUST01311,Maya Lestari,maya.lestari.1311@example.com,F,2024-02-01,Jl. Melati No. 117,Tangerang,Banten
CUST01312,Fajar Rahmawati,fajar.rahmawati.1312@example.com,F,2024-01-30,Jl. Sudirman No. 83,Depok,Jawa Barat
CUST01313,Aisyah Firmansyah,aisyah.firmansyah.1313@example.com,M,2024-07-20,Jl. Gajah Mada No. 89,Tangerang,Banten
CUST01314,Bagas Nugroho,bagas.nugroho.1314@example.com,M,2024-05-15,Jl. Gajah Mada No. 188,Pontianak,Kalimantan Barat
CUST01315,Farah Firmansyah,farah.firmansyah.1315@example.com,F,2024-06-26,Jl. Kenanga No. 59,Makassar,Sulawesi Selatan
CUST01316,Bayu Hidayat,bayu.hidayat.1316@example.com,F,2024-11-15,Jl. Veteran No. 43,Medan,Sumatera Utara
CUST01317,Bagas Wijaya,bagas.wijaya.1317@example.com,F,2024-12-06,Jl. Melati No. 130,Medan,Sumatera Utara
CUST01318,Dimas Santoso,dimas.santoso.1318@example.com,F,2024-01-12,Jl. Merdeka No. 208,Malang,Jawa Timur
CUST01319,Arif Utami,arif.utami.1319@example.com,F,2024-09-14,Jl. Merdeka No. 168,Bantul,DI Yogyakarta
CUST01320,Bima Pratama,bima.pratama.1320@example.com,F,2024-08-10,Jl. Merdeka No. 87,Bogor,Jawa Barat
CUST01321,Dewi Maulana,dewi.maulana.1321@example.com,M,2024-01-06,Jl. Pemuda No. 30,Palembang,Sumatera Selatan
CUST01322,Ahmad Santoso,ahmad.santoso.1322@example.com,F,2024-04-30,Jl. Kenanga No. 130,Semarang,Jawa Tengah
CUST01323,Bagas Pratama,bagas.pratama.1323@example.com,F,2024-12-30,Jl. Merdeka No. 177,Surakarta,Jawa Tengah
CUST01324,Aisyah Setiawan,aisyah.setiawan.1324@example.com,F,2024-08-18,Jl. Sudirman No. 233,Sleman,DI Yogyakarta
CUST01325,Rafi Kurniawan,rafi.kurniawan.1325@example.com,F,2024-12-07,Jl. Melati No. 100,Bogor,Jawa Barat
CUST01326,Dimas Puspitasari,dimas.puspitasari.1326@example.com,F,2024-08-30,Jl. Merdeka No. 35,Makassar,Sulawesi Selatan
CUST01327,Bima Hidayat,bima.hidayat.1327@example.com,M,2024-06-12,Jl. Gajah Mada No. 233,Tangerang,Banten
CUST01328,Farah Utami,farah.utami.1328@example.com,F,2024-05-22,Jl. Melati No. 160,Depok,Jawa Barat
CUST01329,Putri Utami,putri.utami.1329@example.com,F,2024-11-10,Jl. Sudirman No. 103,Depok,Jawa Barat
CUST01330,Hendra Rahmawati,hendra.rahmawati.1330@example.com,F,2024-10-29,Jl. Sudirman No. 37,Yogyakarta,DI Yogyakarta
CUST01331,Raka Hakim,raka.hakim.1331@example.com,M,2024-08-18,Jl. Pemuda No. 169,Denpasar,Bali
CUST01332,Siti Santoso,siti.santoso.1332@example.com,F,2024-07-25,Jl. Kenanga No. 221,Bantul,DI Yogyakarta
CUST01333,Bima Rahmawati,bima.rahmawati.1333@example.com,M,2024-11-28,Jl. Kenanga No. 62,Bekasi,Jawa Barat
CUST01334,Tiara Santoso,tiara.santoso.1334@example.com,M,2024-04-20,Jl. Merdeka No. 102,Surabaya,Jawa Timur
CUST01335,Galih Rahmawati,galih.rahmawati.1335@example.com,M,2024-03-25,Jl. Diponegoro No. 76,Jakarta,DKI Jakarta
CUST01336,Nadia Maulana,nadia.maulana.1336@example.com,F,2024-08-06,Jl. Veteran No. 221,Sleman,DI Yogyakarta
CUST01337,Bayu Kurniawan,bayu.kurniawan.1337@example.com,F,2024-01-25,Jl. Kenanga No. 105,Bekasi,Jawa Barat
CUST01338,Siti Kurniawan,siti.kurniawan.1338@example.com,M,2024-08-20,Jl. Pemuda No. 180,Semarang,Jawa Tengah
CUST01339,Putri Permana,putri.permana.1339@example.com,F,2024-08-05,Jl. Veteran No. 131,Surabaya,Jawa Timur
CUST01340,Naufal Setiawan,naufal.setiawan.1340@example.com,F,2024-07-05,Jl. Pemuda No. 83,Balikpapan,Kalimantan Timur
CUST01341,Nabila Hidayat,nabila.hidayat.1341@example.com,F,2024-12-18,Jl. Diponegoro No. 19,Palembang,Sumatera Selatan
CUST01342,Adit Kurniawan,adit.kurniawan.1342@example.com,M,2024-12-23,Jl. Diponegoro No. 43,Samarinda,Kalimantan Timur
CUST01343,Bagas Firmansyah,bagas.firmansyah.1343@example.com,M,2024-03-11,Jl. Gajah Mada No. 108,Surakarta,Jawa Tengah
CUST01344,Intan Syahputra,intan.syahputra.1344@example.com,M,2024-06-11,Jl. Pemuda No. 87,Denpasar,Bali
CUST01345,Naufal Permana,naufal.permana.1345@example.com,F,2024-02-25,Jl. Merdeka No. 187,Samarinda,Kalimantan Timur
CUST01346,Aisyah Setiawan,aisyah.setiawan.1346@example.com,F,2024-11-25,Jl. Veteran No. 205,Medan,Sumatera Utara
CUST01347,Ilham Santoso,ilham.santoso.1347@example.com,M,2024-08-17,Jl. Gajah Mada No. 130,Samarinda,Kalimantan Timur
CUST01348,Bayu Hidayat,bayu.hidayat.1348@example.com,M,2024-03-02,Jl. Gajah Mada No. 210,Makassar,Sulawesi Selatan
CUST01349,Rizky Maulana,rizky.maulana.1349@example.com,F,2024-07-19,Jl. Pemuda No. 105,Medan,Sumatera Utara
CUST01350,Siti Setiawan,siti.setiawan.1350@example.com,F,2024-10-18,Jl. Pemuda No. 88,Palembang,Sumatera Selatan
CUST01351,Rizky Kurniawan,rizky.kurniawan.1351@example.com,M,2024-06-09,Jl. Diponegoro No. 27,Sleman,DI Yogyakarta
CUST01352,Bima Santoso,bima.santoso.1352@example.com,M,2024-08-07,Jl. Diponegoro No. 68,Medan,Sumatera Utara
CUST01353,Ilham Puspitasari,ilham.puspitasari.1353@example.com,F,2024-02-05,Jl. Diponegoro No. 6,Surabaya,Jawa Timur
CUST01354,Aulia Pratama,aulia.pratama.1354@example.com,F,2024-01-25,Jl. Merdeka No. 246,Medan,Sumatera Utara
CUST01355,Yoga Lestari,yoga.lestari.1355@example.com,M,2024-12-29,Jl. Gajah Mada No. 75,Surakarta,Jawa Tengah
CUST01356,Ilham Firmansyah,ilham.firmansyah.1356@example.com,M,2024-04-02,Jl. Melati No. 59,Yogyakarta,DI Yogyakarta
CUST01357,Aisyah Firmansyah,aisyah.firmansyah.1357@example.com,M,2024-09-01,Jl. Pemuda No. 1,Denpasar,Bali
CUST01358,Adit Rahmawati,adit.rahmawati.1358@example.com,F,2024-08-11,Jl. Pemuda No. 48,Samarinda,Kalimantan Timur
CUST01359,Maya Maulana,maya.maulana.1359@example.com,F,2024-09-06,Jl. Kenanga No. 155,Yogyakarta,DI Yogyakarta
CUST01360,Aulia Saputra,aulia.saputra.1360@example.com,M,2024-12-22,Jl. Veteran No. 132,Malang,Jawa Timur
CUST01361,Dimas Wijaya,dimas.wijaya.1361@example.com,M,2024-02-23,Jl. Kenanga No. 148,Surakarta,Jawa Tengah
CUST01362,Fajar Hakim,fajar.hakim.1362@example.com,F,2024-06-29,Jl. Pemuda No. 165,Samarinda,Kalimantan Timur
CUST01363,Adit Wijaya,adit.wijaya.1363@example.com,F,2024-12-26,Jl. Melati No. 157,Medan,Sumatera Utara
CUST01364,Nabila Firmansyah,nabila.firmansyah.1364@example.com,F,2024-10-18,Jl. Pemuda No. 176,Yogyakarta,DI Yogyakarta
CUST01365,Bayu Santoso,bayu.santoso.1365@example.com,F,2024-10-27,Jl. Sudirman No. 178,Bekasi,Jawa Barat
CUST01366,Raka Hakim,raka.hakim.1366@example.com,F,2024-02-05,Jl. Merdeka No. 135,Pontianak,Kalimantan Barat
CUST01367,Andi Rahmawati,andi.rahmawati.1367@example.com,M,2024-10-20,Jl. Pemuda No. 140,Palembang,Sumatera Selatan
CUST01368,Rafi Pratama,rafi.pratama.1368@example.com,F,2024-10-09,Jl. Veteran No. 203,Makassar,Sulawesi Selatan
CUST01369,Aisyah Kurniawan,aisyah.kurniawan.1369@example.com,M,2024-08-17,Jl. Gajah Mada No. 126,Samarinda,Kalimantan Timur
CUST01370,Maya Firmansyah,maya.firmansyah.1370@example.com,M,2024-01-18,Jl. Diponegoro No. 141,Bandung,Jawa Barat
CUST01371,Nadia Wijaya,nadia.wijaya.1371@example.com,F,2024-09-16,Jl. Veteran No. 41,Bekasi,Jawa Barat
CUST01372,Raka Lestari,raka.lestari.1372@example.com,M,2024-03-26,Jl. Kenanga No. 193,Bantul,DI Yogyakarta
CUST01373,Intan Hakim,intan.hakim.1373@example.com,F,2024-06-01,Jl. Diponegoro No. 113,Bantul,DI Yogyakarta
CUST01374,Intan Permana,intan.permana.1374@example.com,M,2024-05-07,Jl. Merdeka No. 191,Semarang,Jawa Tengah
CUST01375,Aisyah Ramadhan,aisyah.ramadhan.1375@example.com,F,2024-12-16,Jl. Pemuda No. 108,Balikpapan,Kalimantan Timur
CUST01376,Farah Hidayat,farah.hidayat.1376@example.com,F,2024-06-06,Jl. Veteran No. 16,Bogor,Jawa Barat
CUST01377,Hendra Syahputra,hendra.syahputra.1377@example.com,M,2024-10-05,Jl. Veteran No. 44,Palembang,Sumatera Selatan
CUST01378,Adit Hakim,adit.hakim.1378@example.com,F,2025-01-01,Jl. Gajah Mada No. 136,Bekasi,Jawa Barat
CUST01379,Farah Setiawan,farah.setiawan.1379@example.com,M,2024-12-07,Jl. Melati No. 43,Sleman,DI Yogyakarta
CUST01380,Ahmad Lestari,ahmad.lestari.1380@example.com,M,2024-10-17,Jl. Sudirman No. 118,Makassar,Sulawesi Selatan
CUST01381,Ahmad Wulandari,ahmad.wulandari.1381@example.com,M,2024-02-12,Jl. Diponegoro No. 40,Yogyakarta,DI Yogyakarta
CUST01382,Farah Anggraini,farah.anggraini.1382@example.com,M,2024-01-02,Jl. Pemuda No. 123,Bantul,DI Yogyakarta
CUST01383,Aulia Wijaya,aulia.wijaya.1383@example.com,F,2024-04-17,Jl. Merdeka No. 43,Denpasar,Bali
CUST01384,Fajar Wijaya,fajar.wijaya.1384@example.com,F,2024-07-16,Jl. Merdeka No. 167,Surabaya,Jawa Timur
CUST01385,Intan Hakim,intan.hakim.1385@example.com,M,2024-05-01,Jl. Merdeka No. 44,Bogor,Jawa Barat
CUST01386,Rizky Pratama,rizky.pratama.1386@example.com,M,2024-03-04,Jl. Pemuda No. 19,Pontianak,Kalimantan Barat
CUST01387,Rizky Setiawan,rizky.setiawan.1387@example.com,F,2024-05-22,Jl. Veteran No. 239,Jakarta,DKI Jakarta
CUST01388,Galih Syahputra,galih.syahputra.1388@example.com,F,2024-04-19,Jl. Gajah Mada No. 162,Surabaya,Jawa Timur
CUST01389,Reza Lestari,reza.lestari.1389@example.com,M,2024-11-18,Jl. Gajah Mada No. 88,Malang,Jawa Timur
CUST01390,Bima Saputra,bima.saputra.1390@example.com,M,2024-08-31,Jl. Gajah Mada No. 184,Semarang,Jawa Tengah
CUST01391,Bayu Utami,bayu.utami.1391@example.com,M,2024-06-30,Jl. Melati No. 79,Bekasi,Jawa Barat
CUST01392,Naufal Rahmawati,naufal.rahmawati.1392@example.com,F,2024-08-05,Jl. Kenanga No. 142,Samarinda,Kalimantan Timur
CUST01393,Fajar Syahputra,fajar.syahputra.1393@example.com,M,2024-05-05,Jl. Gajah Mada No. 155,Palembang,Sumatera Selatan
CUST01394,Hendra Setiawan,hendra.setiawan.1394@example.com,M,2024-06-03,Jl. Pemuda No. 40,Makassar,Sulawesi Selatan
CUST01395,Dimas Permana,dimas.permana.1395@example.com,M,2024-05-20,Jl. Pemuda No. 24,Bandung,Jawa Barat
CUST01396,Aisyah Pratama,aisyah.pratama.1396@example.com,F,2024-10-03,Jl. Merdeka No. 193,Surakarta,Jawa Tengah
CUST01397,Andi Firmansyah,andi.firmansyah.1397@example.com,M,2024-02-26,Jl. Merdeka No. 64,Yogyakarta,DI Yogyakarta
CUST01398,Farah Hakim,farah.hakim.1398@example.com,M,2024-11-11,Jl. Veteran No. 97,Medan,Sumatera Utara
CUST01399,Galih Maulana,galih.maulana.1399@example.com,F,2024-09-26,Jl. Kenanga No. 109,Palembang,Sumatera Selatan
CUST01400,Adit Saputra,adit.saputra.1400@example.com,M,2024-07-11,Jl. Merdeka No. 187,Jakarta,DKI Jakarta
CUST01401,Farah Rahmawati,farah.rahmawati.1401@example.com,M,2024-01-07,Jl. Sudirman No. 134,Bantul,DI Yogyakarta
CUST01402,Rina Kurniawan,rina.kurniawan.1402@example.com,M,2024-05-14,Jl. Veteran No. 211,Medan,Sumatera Utara
CUST01403,Yoga Setiawan,yoga.setiawan.1403@example.com,F,2024-05-17,Jl. Veteran No. 34,Bekasi,Jawa Barat
CUST01404,Nadia Santoso,nadia.santoso.1404@example.com,F,2024-06-25,Jl. Pemuda No. 63,Tangerang,Banten
CUST01405,Bayu Kurniawan,bayu.kurniawan.1405@example.com,M,2024-04-15,Jl. Kenanga No. 129,Surabaya,Jawa Timur
CUST01406,Dewi Lestari,dewi.lestari.1406@example.com,F,2024-05-23,Jl. Kenanga No. 208,Medan,Sumatera Utara
CUST01407,Yoga Maulana,yoga.maulana.1407@example.com,F,2024-07-12,Jl. Veteran No. 182,Tangerang,Banten
CUST01408,Naufal Hidayat,naufal.hidayat.1408@example.com,F,2024-04-03,Jl. Melati No. 238,Denpasar,Bali
CUST01409,Ahmad Syahputra,ahmad.syahputra.1409@example.com,M,2024-11-08,Jl. Veteran No. 138,Palembang,Sumatera Selatan
CUST01410,Rafi Nugroho,rafi.nugroho.1410@example.com,F,2024-12-19,Jl. Gajah Mada No. 173,Samarinda,Kalimantan Timur
CUST01411,Reza Syahputra,reza.syahputra.1411@example.com,F,2024-01-22,Jl. Melati No. 32,Yogyakarta,DI Yogyakarta
CUST01412,Andi Puspitasari,andi.puspitasari.1412@example.com,F,2024-06-25,Jl. Pemuda No. 177,Balikpapan,Kalimantan Timur
CUST01413,Aulia Ramadhan,aulia.ramadhan.1413@example.com,F,2024-08-11,Jl. Pemuda No. 195,Bantul,DI Yogyakarta
CUST01414,Fajar Lestari,fajar.lestari.1414@example.com,F,2024-07-07,Jl. Diponegoro No. 137,Balikpapan,Kalimantan Timur
CUST01415,Hendra Saputra,hendra.saputra.1415@example.com,F,2024-09-10,Jl. Merdeka No. 191,Surabaya,Jawa Timur
CUST01416,Reza Santoso,reza.santoso.1416@example.com,F,2024-09-25,Jl. Merdeka No. 201,Bogor,Jawa Barat
CUST01417,Maya Puspitasari,maya.puspitasari.1417@example.com,F,2024-08-17,Jl. Veteran No. 244,Samarinda,Kalimantan Timur
CUST01418,Putri Setiawan,putri.setiawan.1418@example.com,F,2024-02-24,Jl. Merdeka No. 201,Jakarta,DKI Jakarta
CUST01419,Dewi Hidayat,dewi.hidayat.1419@example.com,M,2024-06-10,Jl. Veteran No. 171,Tangerang,Banten
CUST01420,Galih Permana,galih.permana.1420@example.com,F,2024-09-25,Jl. Pemuda No. 176,Bandung,Jawa Barat
CUST01421,Bayu Firmansyah,bayu.firmansyah.1421@example.com,F,2024-06-04,Jl. Pemuda No. 134,Denpasar,Bali
CUST01422,Aulia Ramadhan,aulia.ramadhan.1422@example.com,F,2024-01-20,Jl. Gajah Mada No. 140,Samarinda,Kalimantan Timur
CUST01423,Andi Utami,andi.utami.1423@example.com,M,2024-04-18,Jl. Pemuda No. 29,Tangerang,Banten
CUST01424,Andi Santoso,andi.santoso.1424@example.com,M,2024-08-15,Jl. Sudirman No. 3,Semarang,Jawa Tengah
CUST01425,Nadia Permana,nadia.permana.1425@example.com,M,2024-06-24,Jl. Merdeka No. 247,Yogyakarta,DI Yogyakarta
CUST01426,Adit Saputra,adit.saputra.1426@example.com,M,2024-09-26,Jl. Kenanga No. 153,Balikpapan,Kalimantan Timur
CUST01427,Dimas Utami,dimas.utami.1427@example.com,F,2024-06-06,Jl. Melati No. 241,Surakarta,Jawa Tengah
CUST01428,Siti Ramadhan,siti.ramadhan.1428@example.com,M,2024-01-18,Jl. Gajah Mada No. 208,Palembang,Sumatera Selatan
CUST01429,Ilham Permana,ilham.permana.1429@example.com,M,2024-10-01,Jl. Melati No. 12,Semarang,Jawa Tengah
CUST01430,Naufal Utami,naufal.utami.1430@example.com,F,2024-11-09,Jl. Pemuda No. 134,Palembang,Sumatera Selatan
CUST01431,Raka Maulana,raka.maulana.1431@example.com,F,2024-11-12,Jl. Gajah Mada No. 137,Surakarta,Jawa Tengah
CUST01432,Ilham Firmansyah,ilham.firmansyah.1432@example.com,M,2024-08-16,Jl. Diponegoro No. 62,Bogor,Jawa Barat
CUST01433,Arif Nugroho,arif.nugroho.1433@example.com,M,2024-03-03,Jl. Sudirman No. 211,Sleman,DI Yogyakarta
CUST01434,Fajar Santoso,fajar.santoso.1434@example.com,F,2024-04-17,Jl. Diponegoro No. 235,Semarang,Jawa Tengah
CUST01435,Maya Wulandari,maya.wulandari.1435@example.com,M,2024-06-25,Jl. Diponegoro No. 212,Pontianak,Kalimantan Barat
CUST01436,Andi Utami,andi.utami.1436@example.com,M,2024-12-19,Jl. Veteran No. 151,Bantul,DI Yogyakarta
CUST01437,Aulia Lestari,aulia.lestari.1437@example.com,F,2024-06-18,Jl. Pemuda No. 200,Yogyakarta,DI Yogyakarta
CUST01438,Farah Nugroho,farah.nugroho.1438@example.com,M,2024-11-23,Jl. Gajah Mada No. 243,Bekasi,Jawa Barat
CUST01439,Tiara Puspitasari,tiara.puspitasari.1439@example.com,F,2024-07-06,Jl. Merdeka No. 112,Yogyakarta,DI Yogyakarta
CUST01440,Putri Nugroho,putri.nugroho.1440@example.com,M,2024-06-20,Jl. Kenanga No. 109,Medan,Sumatera Utara
CUST01441,Dimas Anggraini,dimas.anggraini.1441@example.com,F,2024-09-05,Jl. Diponegoro No. 64,Makassar,Sulawesi Selatan
CUST01442,Rizky Hidayat,rizky.hidayat.1442@example.com,F,2024-10-17,Jl. Gajah Mada No. 110,Denpasar,Bali
CUST01443,Dewi Wijaya,dewi.wijaya.1443@example.com,M,2024-01-17,Jl. Sudirman No. 48,Depok,Jawa Barat
CUST01444,Farah Wijaya,farah.wijaya.1444@example.com,F,2024-08-03,Jl. Pemuda No. 131,Depok,Jawa Barat
CUST01445,Reza Pratama,reza.pratama.1445@example.com,M,2024-11-05,Jl. Gajah Mada No. 56,Semarang,Jawa Tengah
CUST01446,Rafi Santoso,rafi.santoso.1446@example.com,M,2024-05-25,Jl. Merdeka No. 89,Samarinda,Kalimantan Timur
CUST01447,Farah Wijaya,farah.wijaya.1447@example.com,M,2024-12-28,Jl. Merdeka No. 145,Samarinda,Kalimantan Timur
CUST01448,Rizky Wulandari,rizky.wulandari.1448@example.com,M,2024-03-28,Jl. Veteran No. 237,Pontianak,Kalimantan Barat
CUST01449,Fajar Anggraini,fajar.anggraini.1449@example.com,M,2024-04-07,Jl. Melati No. 41,Depok,Jawa Barat
CUST01450,Adit Puspitasari,adit.puspitasari.1450@example.com,M,2024-08-21,Jl. Gajah Mada No. 239,Pontianak,Kalimantan Barat
CUST01451,Rafi Rahmawati,rafi.rahmawati.1451@example.com,F,2024-02-24,Jl. Kenanga No. 142,Tangerang,Banten
CUST01452,Bima Hidayat,bima.hidayat.1452@example.com,F,2024-03-16,Jl. Diponegoro No. 231,Palembang,Sumatera Selatan
CUST01453,Aulia Wulandari,aulia.wulandari.1453@example.com,F,2024-07-09,Jl. Diponegoro No. 31,Balikpapan,Kalimantan Timur
CUST01454,Ahmad Santoso,ahmad.santoso.1454@example.com,F,2024-12-03,Jl. Sudirman No. 222,Samarinda,Kalimantan Timur
CUST01455,Hendra Pratama,hendra.pratama.1455@example.com,F,2024-12-30,Jl. Pemuda No. 47,Surabaya,Jawa Timur
CUST01456,Intan Firmansyah,intan.firmansyah.1456@example.com,F,2024-12-01,Jl. Merdeka No. 211,Surabaya,Jawa Timur
CUST01457,Rafi Anggraini,rafi.anggraini.1457@example.com,F,2024-08-22,Jl. Pemuda No. 76,Malang,Jawa Timur
CUST01458,Hendra Ramadhan,hendra.ramadhan.1458@example.com,F,2024-12-23,Jl. Gajah Mada No. 65,Samarinda,Kalimantan Timur
CUST01459,Aulia Syahputra,aulia.syahputra.1459@example.com,F,2024-07-30,Jl. Gajah Mada No. 195,Depok,Jawa Barat
CUST01460,Yoga Puspitasari,yoga.puspitasari.1460@example.com,F,2024-06-06,Jl. Diponegoro No. 102,Tangerang,Banten
CUST01461,Nadia Syahputra,nadia.syahputra.1461@example.com,M,2024-09-24,Jl. Kenanga No. 32,Bandung,Jawa Barat
CUST01462,Adit Pratama,adit.pratama.1462@example.com,F,2024-06-11,Jl. Gajah Mada No. 225,Balikpapan,Kalimantan Timur
CUST01463,Andi Firmansyah,andi.firmansyah.1463@example.com,F,2024-04-03,Jl. Sudirman No. 159,Depok,Jawa Barat
CUST01464,Siti Saputra,siti.saputra.1464@example.com,F,2024-05-26,Jl. Diponegoro No. 87,Samarinda,Kalimantan Timur
CUST01465,Galih Lestari,galih.lestari.1465@example.com,M,2024-12-30,Jl. Veteran No. 193,Bandung,Jawa Barat
CUST01466,Nadia Ramadhan,nadia.ramadhan.1466@example.com,M,2024-10-11,Jl. Sudirman No. 144,Sleman,DI Yogyakarta
CUST01467,Yoga Wijaya,yoga.wijaya.1467@example.com,F,2024-12-26,Jl. Veteran No. 245,Balikpapan,Kalimantan Timur
CUST01468,Aisyah Anggraini,aisyah.anggraini.1468@example.com,M,2024-11-23,Jl. Veteran No. 117,Tangerang,Banten
CUST01469,Naufal Hakim,naufal.hakim.1469@example.com,M,2024-04-05,Jl. Melati No. 140,Bogor,Jawa Barat
CUST01470,Bayu Hakim,bayu.hakim.1470@example.com,F,2024-03-12,Jl. Pemuda No. 91,Surakarta,Jawa Tengah
CUST01471,Hendra Saputra,hendra.saputra.1471@example.com,M,2024-06-10,Jl. Melati No. 40,Bogor,Jawa Barat
CUST01472,Reza Syahputra,reza.syahputra.1472@example.com,M,2024-09-21,Jl. Pemuda No. 139,Balikpapan,Kalimantan Timur
CUST01473,Rizky Utami,rizky.utami.1473@example.com,F,2024-10-24,Jl. Sudirman No. 167,Pontianak,Kalimantan Barat
CUST01474,Fajar Santoso,fajar.santoso.1474@example.com,F,2024-04-06,Jl. Merdeka No. 150,Medan,Sumatera Utara
CUST01475,Dewi Saputra,dewi.saputra.1475@example.com,F,2024-07-24,Jl. Melati No. 240,Pontianak,Kalimantan Barat
CUST01476,Siti Maulana,siti.maulana.1476@example.com,M,2024-05-07,Jl. Pemuda No. 198,Yogyakarta,DI Yogyakarta
CUST01477,Bagas Lestari,bagas.lestari.1477@example.com,M,2024-04-07,Jl. Melati No. 51,Sleman,DI Yogyakarta
CUST01478,Raka Setiawan,raka.setiawan.1478@example.com,F,2024-07-07,Jl. Gajah Mada No. 158,Makassar,Sulawesi Selatan
CUST01479,Aisyah Ramadhan,aisyah.ramadhan.1479@example.com,F,2024-05-19,Jl. Merdeka No. 14,Medan,Sumatera Utara
CUST01480,Dewi Wulandari,dewi.wulandari.1480@example.com,F,2024-06-04,Jl. Veteran No. 89,Pontianak,Kalimantan Barat
CUST01481,Ilham Utami,ilham.utami.1481@example.com,M,2024-08-25,Jl. Kenanga No. 250,Denpasar,Bali
CUST01482,Rafi Syahputra,rafi.syahputra.1482@example.com,F,2024-03-09,Jl. Diponegoro No. 149,Balikpapan,Kalimantan Timur
CUST01483,Fajar Rahmawati,fajar.rahmawati.1483@example.com,M,2024-12-15,Jl. Veteran No. 100,Denpasar,Bali
CUST01484,Farah Firmansyah,farah.firmansyah.1484@example.com,M,2024-04-12,Jl. Merdeka No. 66,Bantul,DI Yogyakarta
CUST01485,Fajar Permana,fajar.permana.1485@example.com,M,2024-06-23,Jl. Diponegoro No. 86,Sleman,DI Yogyakarta
CUST01486,Aulia Wijaya,aulia.wijaya.1486@example.com,F,2024-05-06,Jl. Pemuda No. 45,Samarinda,Kalimantan Timur
CUST01487,Rafi Ramadhan,rafi.ramadhan.1487@example.com,M,2024-08-14,Jl. Sudirman No. 212,Denpasar,Bali
CUST01488,Bayu Rahmawati,bayu.rahmawati.1488@example.com,F,2024-10-09,Jl. Melati No. 167,Malang,Jawa Timur
CUST01489,Hendra Permana,hendra.permana.1489@example.com,F,2024-05-06,Jl. Melati No. 117,Jakarta,DKI Jakarta
CUST01490,Fajar Puspitasari,fajar.puspitasari.1490@example.com,M,2024-01-06,Jl. Veteran No. 213,Malang,Jawa Timur
CUST01491,Dewi Hidayat,dewi.hidayat.1491@example.com,M,2024-02-12,Jl. Veteran No. 154,Medan,Sumatera Utara
CUST01492,Arif Firmansyah,arif.firmansyah.1492@example.com,F,2024-07-20,Jl. Melati No. 157,Makassar,Sulawesi Selatan
CUST01493,Rina Rahmawati,rina.rahmawati.1493@example.com,M,2024-05-10,Jl. Diponegoro No. 164,Surabaya,Jawa Timur
CUST01494,Nabila Syahputra,nabila.syahputra.1494@example.com,M,2024-08-26,Jl. Gajah Mada No. 192,Denpasar,Bali
CUST01495,Nabila Lestari,nabila.lestari.1495@example.com,F,2024-09-17,Jl. Pemuda No. 23,Sleman,DI Yogyakarta
CUST01496,Nadia Ramadhan,nadia.ramadhan.1496@example.com,F,2024-04-12,Jl. Sudirman No. 36,Balikpapan,Kalimantan Timur
CUST01497,Bayu Permana,bayu.permana.1497@example.com,F,2024-09-17,Jl. Sudirman No. 40,Pontianak,Kalimantan Barat
CUST01498,Galih Lestari,galih.lestari.1498@example.com,F,2024-02-09,Jl. Veteran No. 204,Depok,Jawa Barat
CUST01499,Raka Syahputra,raka.syahputra.1499@example.com,M,2024-11-23,Jl. Diponegoro No. 212,Sleman,DI Yogyakarta
CUST01500,Arif Anggraini,arif.anggraini.1500@example.com,M,2024-04-18,Jl. Merdeka No. 128,Yogyakarta,DI Yogyakarta
CUST01501,Putri Wulandari,putri.wulandari.1501@example.com,M,2024-09-23,Jl. Gajah Mada No. 13,Denpasar,Bali
CUST01502,Raka Utami,raka.utami.1502@example.com,M,2024-09-30,Jl. Gajah Mada No. 4,Bogor,Jawa Barat
CUST01503,Fajar Santoso,fajar.santoso.1503@example.com,M,2024-09-19,Jl. Gajah Mada No. 229,Makassar,Sulawesi Selatan
CUST01504,Ahmad Puspitasari,ahmad.puspitasari.1504@example.com,M,2024-02-15,Jl. Merdeka No. 32,Yogyakarta,DI Yogyakarta
CUST01505,Rafi Hidayat,rafi.hidayat.1505@example.com,M,2024-02-03,Jl. Diponegoro No. 241,Tangerang,Banten
CUST01506,Arif Saputra,arif.saputra.1506@example.com,F,2024-09-27,Jl. Diponegoro No. 178,Balikpapan,Kalimantan Timur
CUST01507,Dewi Setiawan,dewi.setiawan.1507@example.com,M,2024-02-06,Jl. Melati No. 118,Palembang,Sumatera Selatan
CUST01508,Andi Utami,andi.utami.1508@example.com,F,2024-01-04,Jl. Merdeka No. 73,Sleman,DI Yogyakarta
CUST01509,Farah Firmansyah,farah.firmansyah.1509@example.com,M,2024-06-07,Jl. Sudirman No. 67,Bekasi,Jawa Barat
CUST01510,Ahmad Santoso,ahmad.santoso.1510@example.com,F,2024-01-08,Jl. Diponegoro No. 70,Bogor,Jawa Barat
CUST01511,Nabila Pratama,nabila.pratama.1511@example.com,M,2024-10-13,Jl. Pemuda No. 70,Depok,Jawa Barat
CUST01512,Galih Maulana,galih.maulana.1512@example.com,F,2024-10-03,Jl. Pemuda No. 36,Medan,Sumatera Utara
CUST01513,Bayu Firmansyah,bayu.firmansyah.1513@example.com,M,2024-03-26,Jl. Melati No. 235,Denpasar,Bali
CUST01514,Bayu Lestari,bayu.lestari.1514@example.com,M,2024-10-28,Jl. Melati No. 245,Denpasar,Bali
CUST01515,Naufal Saputra,naufal.saputra.1515@example.com,F,2024-02-03,Jl. Gajah Mada No. 159,Denpasar,Bali
CUST01516,Raka Pratama,raka.pratama.1516@example.com,F,2024-02-04,Jl. Gajah Mada No. 87,Palembang,Sumatera Selatan
CUST01517,Adit Wijaya,adit.wijaya.1517@example.com,M,2024-08-23,Jl. Diponegoro No. 49,Tangerang,Banten
CUST01518,Adit Ramadhan,adit.ramadhan.1518@example.com,F,2024-04-15,Jl. Melati No. 102,Medan,Sumatera Utara
CUST01519,Siti Ramadhan,siti.ramadhan.1519@example.com,F,2024-04-25,Jl. Gajah Mada No. 181,Pontianak,Kalimantan Barat
CUST01520,Bima Setiawan,bima.setiawan.1520@example.com,F,2024-10-31,Jl. Merdeka No. 141,Depok,Jawa Barat
CUST01521,Dimas Pratama,dimas.pratama.1521@example.com,M,2024-03-09,Jl. Gajah Mada No. 87,Yogyakarta,DI Yogyakarta
CUST01522,Adit Ramadhan,adit.ramadhan.1522@example.com,M,2024-02-06,Jl. Sudirman No. 39,Palembang,Sumatera Selatan
CUST01523,Reza Anggraini,reza.anggraini.1523@example.com,M,2024-11-19,Jl. Sudirman No. 88,Surabaya,Jawa Timur
CUST01524,Raka Utami,raka.utami.1524@example.com,F,2024-08-07,Jl. Gajah Mada No. 116,Makassar,Sulawesi Selatan
CUST01525,Rafi Wijaya,rafi.wijaya.1525@example.com,M,2024-06-07,Jl. Melati No. 88,Bogor,Jawa Barat
CUST01526,Dimas Ramadhan,dimas.ramadhan.1526@example.com,M,2024-03-15,Jl. Veteran No. 43,Samarinda,Kalimantan Timur
CUST01527,Ilham Puspitasari,ilham.puspitasari.1527@example.com,M,2024-05-08,Jl. Gajah Mada No. 170,Malang,Jawa Timur
CUST01528,Rina Syahputra,rina.syahputra.1528@example.com,F,2024-04-23,Jl. Gajah Mada No. 83,Denpasar,Bali
CUST01529,Farah Hakim,farah.hakim.1529@example.com,M,2024-10-08,Jl. Pemuda No. 16,Bandung,Jawa Barat
CUST01530,Dewi Saputra,dewi.saputra.1530@example.com,F,2024-10-29,Jl. Sudirman No. 5,Pontianak,Kalimantan Barat
CUST01531,Arif Maulana,arif.maulana.1531@example.com,F,2024-06-27,Jl. Merdeka No. 72,Yogyakarta,DI Yogyakarta
CUST01532,Rafi Maulana,rafi.maulana.1532@example.com,M,2024-12-27,Jl. Merdeka No. 187,Medan,Sumatera Utara
CUST01533,Adit Utami,adit.utami.1533@example.com,F,2024-01-23,Jl. Diponegoro No. 28,Makassar,Sulawesi Selatan
CUST01534,Fajar Setiawan,fajar.setiawan.1534@example.com,F,2024-01-18,Jl. Pemuda No. 194,Semarang,Jawa Tengah
CUST01535,Dimas Syahputra,dimas.syahputra.1535@example.com,F,2024-03-16,Jl. Kenanga No. 135,Palembang,Sumatera Selatan
CUST01536,Nadia Ramadhan,nadia.ramadhan.1536@example.com,M,2024-04-22,Jl. Pemuda No. 133,Bekasi,Jawa Barat
CUST01537,Arif Saputra,arif.saputra.1537@example.com,F,2024-04-27,Jl. Gajah Mada No. 149,Surakarta,Jawa Tengah
CUST01538,Siti Rahmawati,siti.rahmawati.1538@example.com,F,2024-12-24,Jl. Pemuda No. 214,Sleman,DI Yogyakarta
CUST01539,Yoga Syahputra,yoga.syahputra.1539@example.com,F,2024-08-19,Jl. Gajah Mada No. 103,Surabaya,Jawa Timur
CUST01540,Andi Anggraini,andi.anggraini.1540@example.com,M,2024-06-04,Jl. Merdeka No. 62,Surakarta,Jawa Tengah
CUST01541,Yoga Hakim,yoga.hakim.1541@example.com,M,2024-07-15,Jl. Pemuda No. 28,Bogor,Jawa Barat
CUST01542,Bayu Hidayat,bayu.hidayat.1542@example.com,M,2024-05-04,Jl. Kenanga No. 190,Makassar,Sulawesi Selatan
CUST01543,Fajar Hidayat,fajar.hidayat.1543@example.com,F,2024-08-29,Jl. Kenanga No. 164,Makassar,Sulawesi Selatan
CUST01544,Rizky Hakim,rizky.hakim.1544@example.com,F,2024-08-08,Jl. Sudirman No. 125,Surabaya,Jawa Timur
CUST01545,Maya Saputra,maya.saputra.1545@example.com,M,2024-05-20,Jl. Pemuda No. 12,Denpasar,Bali
CUST01546,Raka Permana,raka.permana.1546@example.com,F,2024-03-02,Jl. Merdeka No. 211,Pontianak,Kalimantan Barat
CUST01547,Naufal Hidayat,naufal.hidayat.1547@example.com,F,2024-10-27,Jl. Sudirman No. 166,Sleman,DI Yogyakarta
CUST01548,Dimas Ramadhan,dimas.ramadhan.1548@example.com,F,2024-09-10,Jl. Veteran No. 38,Bantul,DI Yogyakarta
CUST01549,Nabila Santoso,nabila.santoso.1549@example.com,F,2024-12-03,Jl. Veteran No. 9,Samarinda,Kalimantan Timur
CUST01550,Dewi Nugroho,dewi.nugroho.1550@example.com,M,2024-07-12,Jl. Kenanga No. 217,Bantul,DI Yogyakarta
CUST01551,Bima Utami,bima.utami.1551@example.com,F,2024-01-11,Jl. Pemuda No. 237,Surakarta,Jawa Tengah
CUST01552,Raka Nugroho,raka.nugroho.1552@example.com,F,2024-04-27,Jl. Gajah Mada No. 115,Tangerang,Banten
CUST01553,Adit Anggraini,adit.anggraini.1553@example.com,M,2024-12-29,Jl. Melati No. 172,Denpasar,Bali
CUST01554,Dimas Maulana,dimas.maulana.1554@example.com,M,2024-06-04,Jl. Gajah Mada No. 244,Medan,Sumatera Utara
CUST01555,Rafi Rahmawati,rafi.rahmawati.1555@example.com,F,2024-01-02,Jl. Melati No. 43,Sleman,DI Yogyakarta
CUST01556,Aulia Ramadhan,aulia.ramadhan.1556@example.com,M,2024-04-30,Jl. Veteran No. 23,Medan,Sumatera Utara
CUST01557,Adit Syahputra,adit.syahputra.1557@example.com,F,2024-12-17,Jl. Gajah Mada No. 147,Bogor,Jawa Barat
CUST01558,Naufal Santoso,naufal.santoso.1558@example.com,M,2024-09-14,Jl. Diponegoro No. 222,Jakarta,DKI Jakarta
CUST01559,Putri Rahmawati,putri.rahmawati.1559@example.com,M,2024-02-29,Jl. Sudirman No. 27,Pontianak,Kalimantan Barat
CUST01560,Aisyah Ramadhan,aisyah.ramadhan.1560@example.com,M,2024-08-04,Jl. Kenanga No. 203,Denpasar,Bali
CUST01561,Rina Ramadhan,rina.ramadhan.1561@example.com,F,2024-10-29,Jl. Gajah Mada No. 3,Yogyakarta,DI Yogyakarta
CUST01562,Putri Kurniawan,putri.kurniawan.1562@example.com,M,2024-08-06,Jl. Veteran No. 243,Tangerang,Banten
CUST01563,Dimas Ramadhan,dimas.ramadhan.1563@example.com,F,2024-03-19,Jl. Sudirman No. 156,Bekasi,Jawa Barat
CUST01564,Bima Maulana,bima.maulana.1564@example.com,M,2024-03-16,Jl. Melati No. 114,Samarinda,Kalimantan Timur
CUST01565,Intan Lestari,intan.lestari.1565@example.com,M,2024-01-15,Jl. Merdeka No. 95,Pontianak,Kalimantan Barat
CUST01566,Rafi Wijaya,rafi.wijaya.1566@example.com,M,2024-05-03,Jl. Diponegoro No. 80,Malang,Jawa Timur
CUST01567,Bayu Puspitasari,bayu.puspitasari.1567@example.com,M,2024-02-10,Jl. Diponegoro No. 79,Samarinda,Kalimantan Timur
CUST01568,Maya Firmansyah,maya.firmansyah.1568@example.com,M,2024-01-04,Jl. Sudirman No. 3,Palembang,Sumatera Selatan
CUST01569,Aisyah Wulandari,aisyah.wulandari.1569@example.com,M,2024-11-16,Jl. Melati No. 29,Yogyakarta,DI Yogyakarta
CUST01570,Rina Saputra,rina.saputra.1570@example.com,M,2024-11-29,Jl. Merdeka No. 217,Bantul,DI Yogyakarta
CUST01571,Rizky Permana,rizky.permana.1571@example.com,M,2024-02-16,Jl. Gajah Mada No. 181,Palembang,Sumatera Selatan
CUST01572,Nadia Hakim,nadia.hakim.1572@example.com,M,2024-08-17,Jl. Diponegoro No. 6,Makassar,Sulawesi Selatan
CUST01573,Tiara Utami,tiara.utami.1573@example.com,F,2024-01-30,Jl. Kenanga No. 132,Tangerang,Banten
CUST01574,Maya Hakim,maya.hakim.1574@example.com,M,2024-12-18,Jl. Sudirman No. 241,Depok,Jawa Barat
CUST01575,Tiara Wijaya,tiara.wijaya.1575@example.com,M,2024-07-29,Jl. Veteran No. 203,Makassar,Sulawesi Selatan
CUST01576,Dimas Puspitasari,dimas.puspitasari.1576@example.com,F,2024-04-26,Jl. Veteran No. 104,Semarang,Jawa Tengah
CUST01577,Nabila Santoso,nabila.santoso.1577@example.com,F,2024-02-10,Jl. Veteran No. 204,Bekasi,Jawa Barat
CUST01578,Naufal Kurniawan,naufal.kurniawan.1578@example.com,M,2024-05-16,Jl. Gajah Mada No. 133,Pontianak,Kalimantan Barat
CUST01579,Raka Syahputra,raka.syahputra.1579@example.com,F,2024-05-13,Jl. Veteran No. 172,Samarinda,Kalimantan Timur
CUST01580,Yoga Rahmawati,yoga.rahmawati.1580@example.com,F,2024-03-24,Jl. Merdeka No. 63,Denpasar,Bali
CUST01581,Nadia Firmansyah,nadia.firmansyah.1581@example.com,M,2024-10-01,Jl. Pemuda No. 90,Jakarta,DKI Jakarta
CUST01582,Reza Utami,reza.utami.1582@example.com,M,2024-06-26,Jl. Diponegoro No. 159,Semarang,Jawa Tengah
CUST01583,Andi Setiawan,andi.setiawan.1583@example.com,F,2024-10-09,Jl. Kenanga No. 10,Makassar,Sulawesi Selatan
CUST01584,Dimas Pratama,dimas.pratama.1584@example.com,F,2024-04-27,Jl. Diponegoro No. 117,Bogor,Jawa Barat
CUST01585,Farah Firmansyah,farah.firmansyah.1585@example.com,F,2024-11-03,Jl. Veteran No. 18,Bogor,Jawa Barat
CUST01586,Hendra Firmansyah,hendra.firmansyah.1586@example.com,F,2024-12-21,Jl. Melati No. 72,Medan,Sumatera Utara
CUST01587,Arif Ramadhan,arif.ramadhan.1587@example.com,F,2024-10-19,Jl. Kenanga No. 175,Palembang,Sumatera Selatan
CUST01588,Andi Permana,andi.permana.1588@example.com,M,2024-10-09,Jl. Merdeka No. 11,Surakarta,Jawa Tengah
CUST01589,Aisyah Setiawan,aisyah.setiawan.1589@example.com,F,2024-08-21,Jl. Diponegoro No. 208,Tangerang,Banten
CUST01590,Yoga Wijaya,yoga.wijaya.1590@example.com,F,2024-05-04,Jl. Gajah Mada No. 20,Balikpapan,Kalimantan Timur
CUST01591,Dimas Hakim,dimas.hakim.1591@example.com,F,2024-06-14,Jl. Pemuda No. 250,Bandung,Jawa Barat
CUST01592,Ilham Ramadhan,ilham.ramadhan.1592@example.com,F,2024-10-30,Jl. Kenanga No. 36,Yogyakarta,DI Yogyakarta
CUST01593,Rafi Pratama,rafi.pratama.1593@example.com,M,2024-10-19,Jl. Diponegoro No. 236,Yogyakarta,DI Yogyakarta
CUST01594,Naufal Wijaya,naufal.wijaya.1594@example.com,F,2024-06-10,Jl. Kenanga No. 16,Sleman,DI Yogyakarta
CUST01595,Naufal Wulandari,naufal.wulandari.1595@example.com,M,2024-05-11,Jl. Sudirman No. 98,Surakarta,Jawa Tengah
CUST01596,Intan Wijaya,intan.wijaya.1596@example.com,M,2024-01-07,Jl. Diponegoro No. 208,Tangerang,Banten
CUST01597,Intan Puspitasari,intan.puspitasari.1597@example.com,F,2024-09-02,Jl. Merdeka No. 104,Bekasi,Jawa Barat
CUST01598,Rizky Rahmawati,rizky.rahmawati.1598@example.com,F,2024-05-30,Jl. Melati No. 209,Balikpapan,Kalimantan Timur
CUST01599,Rina Lestari,rina.lestari.1599@example.com,F,2024-07-11,Jl. Melati No. 159,Jakarta,DKI Jakarta
CUST01600,Hendra Anggraini,hendra.anggraini.1600@example.com,F,2024-03-27,Jl. Melati No. 71,Makassar,Sulawesi Selatan
CUST01601,Intan Setiawan,intan.setiawan.1601@example.com,F,2024-12-04,Jl. Kenanga No. 85,Palembang,Sumatera Selatan
CUST01602,Nabila Wijaya,nabila.wijaya.1602@example.com,M,2024-12-29,Jl. Sudirman No. 213,Surabaya,Jawa Timur
CUST01603,Farah Wijaya,farah.wijaya.1603@example.com,M,2024-02-15,Jl. Diponegoro No. 90,Sleman,DI Yogyakarta
CUST01604,Galih Saputra,galih.saputra.1604@example.com,M,2024-11-06,Jl. Gajah Mada No. 238,Makassar,Sulawesi Selatan
CUST01605,Dewi Firmansyah,dewi.firmansyah.1605@example.com,F,2024-05-03,Jl. Melati No. 143,Semarang,Jawa Tengah
CUST01606,Farah Setiawan,farah.setiawan.1606@example.com,M,2024-07-19,Jl. Kenanga No. 233,Pontianak,Kalimantan Barat
CUST01607,Farah Setiawan,farah.setiawan.1607@example.com,F,2024-06-27,Jl. Sudirman No. 221,Pontianak,Kalimantan Barat
CUST01608,Bima Santoso,bima.santoso.1608@example.com,M,2024-02-08,Jl. Melati No. 203,Tangerang,Banten
CUST01609,Hendra Anggraini,hendra.anggraini.1609@example.com,F,2024-11-07,Jl. Merdeka No. 140,Semarang,Jawa Tengah
CUST01610,Nadia Setiawan,nadia.setiawan.1610@example.com,M,2024-07-14,Jl. Merdeka No. 136,Depok,Jawa Barat
CUST01611,Bayu Permana,bayu.permana.1611@example.com,F,2024-02-23,Jl. Diponegoro No. 200,Samarinda,Kalimantan Timur
CUST01612,Maya Wulandari,maya.wulandari.1612@example.com,F,2024-07-21,Jl. Pemuda No. 206,Depok,Jawa Barat
CUST01613,Arif Ramadhan,arif.ramadhan.1613@example.com,F,2024-08-29,Jl. Diponegoro No. 29,Surakarta,Jawa Tengah
CUST01614,Andi Syahputra,andi.syahputra.1614@example.com,M,2024-03-24,Jl. Sudirman No. 134,Bantul,DI Yogyakarta
CUST01615,Reza Hakim,reza.hakim.1615@example.com,M,2024-05-15,Jl. Pemuda No. 23,Makassar,Sulawesi Selatan
CUST01616,Andi Lestari,andi.lestari.1616@example.com,F,2024-06-13,Jl. Pemuda No. 145,Makassar,Sulawesi Selatan
CUST01617,Ahmad Maulana,ahmad.maulana.1617@example.com,F,2024-06-26,Jl. Veteran No. 113,Bandung,Jawa Barat
CUST01618,Putri Kurniawan,putri.kurniawan.1618@example.com,M,2024-07-06,Jl. Kenanga No. 212,Pontianak,Kalimantan Barat
CUST01619,Aisyah Firmansyah,aisyah.firmansyah.1619@example.com,M,2024-10-07,Jl. Gajah Mada No. 48,Palembang,Sumatera Selatan
CUST01620,Yoga Ramadhan,yoga.ramadhan.1620@example.com,F,2024-10-03,Jl. Melati No. 41,Palembang,Sumatera Selatan
CUST01621,Dewi Anggraini,dewi.anggraini.1621@example.com,M,2024-02-26,Jl. Pemuda No. 50,Bekasi,Jawa Barat
CUST01622,Rina Syahputra,rina.syahputra.1622@example.com,M,2024-09-28,Jl. Melati No. 9,Bantul,DI Yogyakarta
CUST01623,Arif Pratama,arif.pratama.1623@example.com,M,2024-02-15,Jl. Kenanga No. 201,Semarang,Jawa Tengah
CUST01624,Dimas Hakim,dimas.hakim.1624@example.com,M,2024-05-12,Jl. Sudirman No. 56,Surakarta,Jawa Tengah
CUST01625,Naufal Santoso,naufal.santoso.1625@example.com,F,2024-09-18,Jl. Veteran No. 216,Pontianak,Kalimantan Barat
CUST01626,Tiara Ramadhan,tiara.ramadhan.1626@example.com,F,2024-07-07,Jl. Pemuda No. 202,Malang,Jawa Timur
CUST01627,Bima Saputra,bima.saputra.1627@example.com,M,2024-09-28,Jl. Diponegoro No. 212,Denpasar,Bali
CUST01628,Bagas Rahmawati,bagas.rahmawati.1628@example.com,F,2024-04-28,Jl. Gajah Mada No. 176,Surabaya,Jawa Timur
CUST01629,Naufal Utami,naufal.utami.1629@example.com,M,2024-01-02,Jl. Gajah Mada No. 171,Palembang,Sumatera Selatan
CUST01630,Dimas Firmansyah,dimas.firmansyah.1630@example.com,F,2024-08-10,Jl. Sudirman No. 169,Pontianak,Kalimantan Barat
CUST01631,Fajar Pratama,fajar.pratama.1631@example.com,M,2024-07-30,Jl. Veteran No. 85,Tangerang,Banten
CUST01632,Rafi Wulandari,rafi.wulandari.1632@example.com,F,2024-09-30,Jl. Pemuda No. 55,Depok,Jawa Barat
CUST01633,Nabila Setiawan,nabila.setiawan.1633@example.com,F,2024-02-13,Jl. Pemuda No. 93,Makassar,Sulawesi Selatan
CUST01634,Bayu Maulana,bayu.maulana.1634@example.com,M,2024-11-06,Jl. Sudirman No. 236,Makassar,Sulawesi Selatan
CUST01635,Rina Ramadhan,rina.ramadhan.1635@example.com,M,2024-11-19,Jl. Sudirman No. 6,Yogyakarta,DI Yogyakarta
CUST01636,Bima Firmansyah,bima.firmansyah.1636@example.com,M,2024-01-05,Jl. Kenanga No. 64,Depok,Jawa Barat
CUST01637,Bayu Wijaya,bayu.wijaya.1637@example.com,M,2024-12-22,Jl. Sudirman No. 16,Balikpapan,Kalimantan Timur
CUST01638,Hendra Anggraini,hendra.anggraini.1638@example.com,F,2024-01-19,Jl. Merdeka No. 201,Depok,Jawa Barat
CUST01639,Intan Wijaya,intan.wijaya.1639@example.com,F,2024-07-24,Jl. Kenanga No. 199,Balikpapan,Kalimantan Timur
CUST01640,Galih Hidayat,galih.hidayat.1640@example.com,M,2024-03-11,Jl. Diponegoro No. 60,Jakarta,DKI Jakarta
CUST01641,Galih Puspitasari,galih.puspitasari.1641@example.com,F,2024-01-18,Jl. Diponegoro No. 121,Semarang,Jawa Tengah
CUST01642,Bayu Lestari,bayu.lestari.1642@example.com,F,2024-09-06,Jl. Pemuda No. 141,Sleman,DI Yogyakarta
CUST01643,Bima Hidayat,bima.hidayat.1643@example.com,F,2024-12-02,Jl. Veteran No. 13,Yogyakarta,DI Yogyakarta
CUST01644,Ilham Syahputra,ilham.syahputra.1644@example.com,M,2024-12-19,Jl. Veteran No. 3,Malang,Jawa Timur
CUST01645,Ahmad Santoso,ahmad.santoso.1645@example.com,F,2024-05-11,Jl. Sudirman No. 105,Balikpapan,Kalimantan Timur
CUST01646,Fajar Hidayat,fajar.hidayat.1646@example.com,F,2024-11-17,Jl. Merdeka No. 35,Malang,Jawa Timur
CUST01647,Ahmad Permana,ahmad.permana.1647@example.com,M,2024-01-11,Jl. Kenanga No. 43,Semarang,Jawa Tengah
CUST01648,Bayu Ramadhan,bayu.ramadhan.1648@example.com,F,2024-05-27,Jl. Gajah Mada No. 139,Surabaya,Jawa Timur
CUST01649,Bima Syahputra,bima.syahputra.1649@example.com,M,2024-11-02,Jl. Diponegoro No. 102,Bandung,Jawa Barat
CUST01650,Bayu Wulandari,bayu.wulandari.1650@example.com,F,2024-04-27,Jl. Sudirman No. 155,Bandung,Jawa Barat
CUST01651,Bagas Santoso,bagas.santoso.1651@example.com,F,2024-08-21,Jl. Pemuda No. 137,Malang,Jawa Timur
CUST01652,Ilham Setiawan,ilham.setiawan.1652@example.com,M,2024-03-01,Jl. Gajah Mada No. 210,Makassar,Sulawesi Selatan
CUST01653,Ilham Permana,ilham.permana.1653@example.com,M,2024-02-09,Jl. Merdeka No. 48,Samarinda,Kalimantan Timur
CUST01654,Raka Rahmawati,raka.rahmawati.1654@example.com,F,2024-05-27,Jl. Gajah Mada No. 91,Jakarta,DKI Jakarta
CUST01655,Bagas Ramadhan,bagas.ramadhan.1655@example.com,F,2024-01-10,Jl. Pemuda No. 170,Bogor,Jawa Barat
CUST01656,Rizky Santoso,rizky.santoso.1656@example.com,M,2024-07-16,Jl. Sudirman No. 171,Depok,Jawa Barat
CUST01657,Dimas Hidayat,dimas.hidayat.1657@example.com,F,2024-10-03,Jl. Merdeka No. 122,Yogyakarta,DI Yogyakarta
CUST01658,Putri Firmansyah,putri.firmansyah.1658@example.com,M,2024-12-12,Jl. Sudirman No. 133,Sleman,DI Yogyakarta
CUST01659,Rina Ramadhan,rina.ramadhan.1659@example.com,F,2024-02-20,Jl. Veteran No. 202,Depok,Jawa Barat
CUST01660,Raka Kurniawan,raka.kurniawan.1660@example.com,M,2024-04-18,Jl. Diponegoro No. 130,Palembang,Sumatera Selatan
CUST01661,Nabila Utami,nabila.utami.1661@example.com,F,2024-12-01,Jl. Gajah Mada No. 29,Jakarta,DKI Jakarta
CUST01662,Reza Lestari,reza.lestari.1662@example.com,F,2024-07-14,Jl. Melati No. 28,Semarang,Jawa Tengah
CUST01663,Naufal Ramadhan,naufal.ramadhan.1663@example.com,F,2024-01-04,Jl. Melati No. 109,Bandung,Jawa Barat
CUST01664,Bayu Permana,bayu.permana.1664@example.com,M,2024-05-10,Jl. Pemuda No. 179,Bantul,DI Yogyakarta
CUST01665,Yoga Setiawan,yoga.setiawan.1665@example.com,F,2024-07-15,Jl. Gajah Mada No. 147,Semarang,Jawa Tengah
CUST01666,Arif Syahputra,arif.syahputra.1666@example.com,F,2024-07-03,Jl. Gajah Mada No. 250,Pontianak,Kalimantan Barat
CUST01667,Reza Syahputra,reza.syahputra.1667@example.com,F,2024-04-25,Jl. Melati No. 102,Tangerang,Banten
CUST01668,Arif Wulandari,arif.wulandari.1668@example.com,M,2024-08-29,Jl. Diponegoro No. 74,Bandung,Jawa Barat
CUST01669,Rafi Pratama,rafi.pratama.1669@example.com,F,2024-11-24,Jl. Gajah Mada No. 61,Bantul,DI Yogyakarta
CUST01670,Raka Lestari,raka.lestari.1670@example.com,M,2024-08-02,Jl. Diponegoro No. 249,Samarinda,Kalimantan Timur
CUST01671,Hendra Pratama,hendra.pratama.1671@example.com,F,2024-02-08,Jl. Veteran No. 146,Palembang,Sumatera Selatan
CUST01672,Andi Hakim,andi.hakim.1672@example.com,M,2024-12-26,Jl. Diponegoro No. 134,Samarinda,Kalimantan Timur
CUST01673,Bagas Maulana,bagas.maulana.1673@example.com,M,2024-08-17,Jl. Veteran No. 239,Tangerang,Banten
CUST01674,Galih Firmansyah,galih.firmansyah.1674@example.com,M,2024-04-25,Jl. Veteran No. 94,Balikpapan,Kalimantan Timur
CUST01675,Nadia Hidayat,nadia.hidayat.1675@example.com,F,2024-03-30,Jl. Melati No. 150,Sleman,DI Yogyakarta
CUST01676,Hendra Hidayat,hendra.hidayat.1676@example.com,M,2024-12-30,Jl. Melati No. 69,Sleman,DI Yogyakarta
CUST01677,Bima Utami,bima.utami.1677@example.com,M,2024-04-03,Jl. Pemuda No. 66,Sleman,DI Yogyakarta
CUST01678,Tiara Nugroho,tiara.nugroho.1678@example.com,M,2024-02-12,Jl. Merdeka No. 184,Bantul,DI Yogyakarta
CUST01679,Galih Nugroho,galih.nugroho.1679@example.com,F,2024-12-16,Jl. Melati No. 10,Samarinda,Kalimantan Timur
CUST01680,Bayu Ramadhan,bayu.ramadhan.1680@example.com,M,2024-12-09,Jl. Diponegoro No. 34,Makassar,Sulawesi Selatan
CUST01681,Rafi Santoso,rafi.santoso.1681@example.com,M,2024-02-21,Jl. Kenanga No. 206,Semarang,Jawa Tengah
CUST01682,Farah Puspitasari,farah.puspitasari.1682@example.com,F,2024-12-16,Jl. Gajah Mada No. 191,Surabaya,Jawa Timur
CUST01683,Putri Ramadhan,putri.ramadhan.1683@example.com,M,2024-09-21,Jl. Kenanga No. 113,Depok,Jawa Barat
CUST01684,Hendra Lestari,hendra.lestari.1684@example.com,F,2024-05-17,Jl. Pemuda No. 235,Makassar,Sulawesi Selatan
CUST01685,Galih Hidayat,galih.hidayat.1685@example.com,M,2024-02-26,Jl. Melati No. 29,Bekasi,Jawa Barat
CUST01686,Aisyah Puspitasari,aisyah.puspitasari.1686@example.com,M,2024-03-11,Jl. Merdeka No. 245,Makassar,Sulawesi Selatan
CUST01687,Dimas Ramadhan,dimas.ramadhan.1687@example.com,F,2024-02-10,Jl. Melati No. 9,Yogyakarta,DI Yogyakarta
CUST01688,Bima Saputra,bima.saputra.1688@example.com,M,2024-12-09,Jl. Sudirman No. 150,Bantul,DI Yogyakarta
CUST01689,Tiara Utami,tiara.utami.1689@example.com,M,2024-11-04,Jl. Gajah Mada No. 45,Bantul,DI Yogyakarta
CUST01690,Galih Syahputra,galih.syahputra.1690@example.com,M,2024-09-04,Jl. Sudirman No. 99,Makassar,Sulawesi Selatan
CUST01691,Andi Kurniawan,andi.kurniawan.1691@example.com,M,2024-08-24,Jl. Kenanga No. 79,Sleman,DI Yogyakarta
CUST01692,Aulia Maulana,aulia.maulana.1692@example.com,F,2024-08-24,Jl. Pemuda No. 111,Makassar,Sulawesi Selatan
CUST01693,Nadia Wulandari,nadia.wulandari.1693@example.com,M,2024-06-24,Jl. Kenanga No. 199,Denpasar,Bali
CUST01694,Naufal Santoso,naufal.santoso.1694@example.com,F,2024-02-14,Jl. Gajah Mada No. 37,Medan,Sumatera Utara
CUST01695,Hendra Permana,hendra.permana.1695@example.com,F,2024-02-26,Jl. Merdeka No. 185,Denpasar,Bali
CUST01696,Dimas Wijaya,dimas.wijaya.1696@example.com,M,2024-07-05,Jl. Diponegoro No. 148,Jakarta,DKI Jakarta
CUST01697,Maya Permana,maya.permana.1697@example.com,M,2024-10-04,Jl. Pemuda No. 5,Sleman,DI Yogyakarta
CUST01698,Andi Anggraini,andi.anggraini.1698@example.com,F,2024-11-22,Jl. Merdeka No. 132,Sleman,DI Yogyakarta
CUST01699,Ahmad Lestari,ahmad.lestari.1699@example.com,M,2024-12-07,Jl. Pemuda No. 13,Sleman,DI Yogyakarta
CUST01700,Tiara Permana,tiara.permana.1700@example.com,M,2024-03-21,Jl. Sudirman No. 5,Denpasar,Bali
CUST01701,Yoga Syahputra,yoga.syahputra.1701@example.com,F,2024-09-14,Jl. Diponegoro No. 146,Jakarta,DKI Jakarta
CUST01702,Fajar Firmansyah,fajar.firmansyah.1702@example.com,F,2024-06-08,Jl. Merdeka No. 113,Malang,Jawa Timur
CUST01703,Maya Rahmawati,maya.rahmawati.1703@example.com,F,2024-12-20,Jl. Merdeka No. 15,Tangerang,Banten
CUST01704,Ilham Syahputra,ilham.syahputra.1704@example.com,F,2024-03-23,Jl. Pemuda No. 36,Makassar,Sulawesi Selatan
CUST01705,Fajar Kurniawan,fajar.kurniawan.1705@example.com,F,2024-02-06,Jl. Gajah Mada No. 11,Surabaya,Jawa Timur
CUST01706,Yoga Permana,yoga.permana.1706@example.com,F,2024-02-21,Jl. Diponegoro No. 198,Bekasi,Jawa Barat
CUST01707,Rina Kurniawan,rina.kurniawan.1707@example.com,F,2024-06-06,Jl. Merdeka No. 11,Semarang,Jawa Tengah
CUST01708,Aisyah Puspitasari,aisyah.puspitasari.1708@example.com,M,2024-06-14,Jl. Melati No. 85,Surakarta,Jawa Tengah
CUST01709,Bagas Utami,bagas.utami.1709@example.com,F,2024-12-10,Jl. Merdeka No. 31,Bantul,DI Yogyakarta
CUST01710,Reza Wijaya,reza.wijaya.1710@example.com,M,2024-07-13,Jl. Melati No. 97,Surabaya,Jawa Timur
CUST01711,Ilham Rahmawati,ilham.rahmawati.1711@example.com,F,2024-02-23,Jl. Pemuda No. 92,Sleman,DI Yogyakarta
CUST01712,Intan Syahputra,intan.syahputra.1712@example.com,F,2024-08-31,Jl. Kenanga No. 68,Samarinda,Kalimantan Timur
CUST01713,Bagas Rahmawati,bagas.rahmawati.1713@example.com,F,2024-12-02,Jl. Merdeka No. 180,Tangerang,Banten
CUST01714,Nadia Lestari,nadia.lestari.1714@example.com,F,2024-03-26,Jl. Kenanga No. 217,Bogor,Jawa Barat
CUST01715,Yoga Santoso,yoga.santoso.1715@example.com,M,2024-11-24,Jl. Diponegoro No. 22,Bantul,DI Yogyakarta
CUST01716,Tiara Santoso,tiara.santoso.1716@example.com,M,2024-01-28,Jl. Melati No. 79,Sleman,DI Yogyakarta
CUST01717,Galih Firmansyah,galih.firmansyah.1717@example.com,M,2024-11-18,Jl. Veteran No. 241,Denpasar,Bali
CUST01718,Nadia Ramadhan,nadia.ramadhan.1718@example.com,F,2024-03-05,Jl. Sudirman No. 210,Bekasi,Jawa Barat
CUST01719,Hendra Ramadhan,hendra.ramadhan.1719@example.com,M,2024-09-08,Jl. Veteran No. 121,Malang,Jawa Timur
CUST01720,Maya Hidayat,maya.hidayat.1720@example.com,F,2024-05-28,Jl. Pemuda No. 187,Sleman,DI Yogyakarta
CUST01721,Aulia Firmansyah,aulia.firmansyah.1721@example.com,M,2024-11-29,Jl. Merdeka No. 195,Malang,Jawa Timur
CUST01722,Rina Hakim,rina.hakim.1722@example.com,F,2024-12-08,Jl. Sudirman No. 200,Bogor,Jawa Barat
CUST01723,Rizky Ramadhan,rizky.ramadhan.1723@example.com,M,2024-01-15,Jl. Sudirman No. 231,Surabaya,Jawa Timur
CUST01724,Dewi Puspitasari,dewi.puspitasari.1724@example.com,F,2024-11-03,Jl. Pemuda No. 249,Tangerang,Banten
CUST01725,Bima Syahputra,bima.syahputra.1725@example.com,F,2024-07-17,Jl. Melati No. 116,Bantul,DI Yogyakarta
CUST01726,Farah Permana,farah.permana.1726@example.com,M,2024-04-19,Jl. Merdeka No. 160,Pontianak,Kalimantan Barat
CUST01727,Ahmad Permana,ahmad.permana.1727@example.com,F,2024-05-03,Jl. Pemuda No. 175,Surakarta,Jawa Tengah
CUST01728,Aisyah Syahputra,aisyah.syahputra.1728@example.com,F,2024-01-07,Jl. Veteran No. 185,Tangerang,Banten
CUST01729,Rafi Anggraini,rafi.anggraini.1729@example.com,F,2024-03-29,Jl. Melati No. 89,Yogyakarta,DI Yogyakarta
CUST01730,Andi Ramadhan,andi.ramadhan.1730@example.com,M,2024-05-09,Jl. Pemuda No. 90,Sleman,DI Yogyakarta
CUST01731,Ilham Kurniawan,ilham.kurniawan.1731@example.com,F,2024-06-17,Jl. Merdeka No. 184,Bekasi,Jawa Barat
CUST01732,Bima Hakim,bima.hakim.1732@example.com,F,2024-05-08,Jl. Diponegoro No. 196,Denpasar,Bali
CUST01733,Tiara Kurniawan,tiara.kurniawan.1733@example.com,M,2024-08-31,Jl. Diponegoro No. 43,Surakarta,Jawa Tengah
CUST01734,Reza Permana,reza.permana.1734@example.com,F,2024-03-09,Jl. Melati No. 143,Jakarta,DKI Jakarta
CUST01735,Galih Kurniawan,galih.kurniawan.1735@example.com,F,2024-09-13,Jl. Melati No. 173,Medan,Sumatera Utara
CUST01736,Rizky Hidayat,rizky.hidayat.1736@example.com,F,2024-03-06,Jl. Veteran No. 169,Sleman,DI Yogyakarta
CUST01737,Rafi Kurniawan,rafi.kurniawan.1737@example.com,F,2024-02-07,Jl. Pemuda No. 40,Sleman,DI Yogyakarta
CUST01738,Yoga Anggraini,yoga.anggraini.1738@example.com,M,2024-10-13,Jl. Sudirman No. 143,Samarinda,Kalimantan Timur
CUST01739,Reza Hidayat,reza.hidayat.1739@example.com,F,2024-02-23,Jl. Gajah Mada No. 124,Yogyakarta,DI Yogyakarta
CUST01740,Intan Wijaya,intan.wijaya.1740@example.com,M,2024-01-14,Jl. Merdeka No. 154,Jakarta,DKI Jakarta
CUST01741,Intan Setiawan,intan.setiawan.1741@example.com,M,2024-11-24,Jl. Kenanga No. 238,Surabaya,Jawa Timur
CUST01742,Farah Hidayat,farah.hidayat.1742@example.com,F,2024-06-01,Jl. Melati No. 43,Makassar,Sulawesi Selatan
CUST01743,Yoga Permana,yoga.permana.1743@example.com,M,2024-11-22,Jl. Diponegoro No. 205,Malang,Jawa Timur
CUST01744,Aulia Firmansyah,aulia.firmansyah.1744@example.com,F,2024-02-23,Jl. Diponegoro No. 194,Bekasi,Jawa Barat
CUST01745,Siti Kurniawan,siti.kurniawan.1745@example.com,F,2024-08-30,Jl. Pemuda No. 235,Bogor,Jawa Barat
CUST01746,Farah Hidayat,farah.hidayat.1746@example.com,F,2024-03-14,Jl. Pemuda No. 243,Palembang,Sumatera Selatan
CUST01747,Aisyah Setiawan,aisyah.setiawan.1747@example.com,M,2024-08-09,Jl. Melati No. 214,Makassar,Sulawesi Selatan
CUST01748,Ahmad Kurniawan,ahmad.kurniawan.1748@example.com,F,2024-05-10,Jl. Veteran No. 111,Bantul,DI Yogyakarta
CUST01749,Arif Setiawan,arif.setiawan.1749@example.com,M,2024-09-06,Jl. Veteran No. 236,Bekasi,Jawa Barat
CUST01750,Dimas Saputra,dimas.saputra.1750@example.com,F,2024-01-21,Jl. Diponegoro No. 13,Palembang,Sumatera Selatan
CUST01751,Rizky Hakim,rizky.hakim.1751@example.com,F,2024-12-19,Jl. Pemuda No. 167,Balikpapan,Kalimantan Timur
CUST01752,Bagas Saputra,bagas.saputra.1752@example.com,M,2024-04-07,Jl. Veteran No. 207,Semarang,Jawa Tengah
CUST01753,Fajar Wijaya,fajar.wijaya.1753@example.com,M,2024-06-21,Jl. Kenanga No. 99,Palembang,Sumatera Selatan
CUST01754,Naufal Kurniawan,naufal.kurniawan.1754@example.com,F,2024-03-19,Jl. Melati No. 198,Surabaya,Jawa Timur
CUST01755,Rafi Setiawan,rafi.setiawan.1755@example.com,M,2024-03-25,Jl. Sudirman No. 93,Surabaya,Jawa Timur
CUST01756,Yoga Setiawan,yoga.setiawan.1756@example.com,F,2024-10-04,Jl. Merdeka No. 224,Malang,Jawa Timur
CUST01757,Dewi Kurniawan,dewi.kurniawan.1757@example.com,M,2024-08-10,Jl. Merdeka No. 117,Tangerang,Banten
CUST01758,Maya Syahputra,maya.syahputra.1758@example.com,F,2024-12-25,Jl. Pemuda No. 90,Semarang,Jawa Tengah
CUST01759,Naufal Santoso,naufal.santoso.1759@example.com,F,2024-11-08,Jl. Gajah Mada No. 42,Surakarta,Jawa Tengah
CUST01760,Dimas Nugroho,dimas.nugroho.1760@example.com,M,2024-09-06,Jl. Kenanga No. 172,Sleman,DI Yogyakarta
CUST01761,Bayu Pratama,bayu.pratama.1761@example.com,F,2024-05-21,Jl. Merdeka No. 5,Bogor,Jawa Barat
CUST01762,Aulia Wulandari,aulia.wulandari.1762@example.com,F,2024-02-27,Jl. Melati No. 17,Makassar,Sulawesi Selatan
CUST01763,Dewi Saputra,dewi.saputra.1763@example.com,F,2024-08-18,Jl. Diponegoro No. 38,Balikpapan,Kalimantan Timur
CUST01764,Rafi Wijaya,rafi.wijaya.1764@example.com,M,2024-12-31,Jl. Sudirman No. 34,Bekasi,Jawa Barat
CUST01765,Ilham Maulana,ilham.maulana.1765@example.com,M,2024-05-31,Jl. Gajah Mada No. 99,Medan,Sumatera Utara
CUST01766,Bagas Utami,bagas.utami.1766@example.com,M,2024-03-26,Jl. Veteran No. 184,Denpasar,Bali
CUST01767,Bima Ramadhan,bima.ramadhan.1767@example.com,F,2024-03-05,Jl. Merdeka No. 142,Malang,Jawa Timur
CUST01768,Hendra Setiawan,hendra.setiawan.1768@example.com,M,2024-06-07,Jl. Gajah Mada No. 74,Samarinda,Kalimantan Timur
CUST01769,Nabila Ramadhan,nabila.ramadhan.1769@example.com,M,2024-08-21,Jl. Kenanga No. 167,Bantul,DI Yogyakarta
CUST01770,Tiara Anggraini,tiara.anggraini.1770@example.com,F,2024-05-11,Jl. Veteran No. 41,Semarang,Jawa Tengah
CUST01771,Dewi Saputra,dewi.saputra.1771@example.com,F,2024-03-05,Jl. Merdeka No. 114,Tangerang,Banten
CUST01772,Rafi Maulana,rafi.maulana.1772@example.com,M,2024-04-18,Jl. Merdeka No. 79,Samarinda,Kalimantan Timur
CUST01773,Raka Setiawan,raka.setiawan.1773@example.com,F,2024-03-19,Jl. Kenanga No. 177,Bekasi,Jawa Barat
CUST01774,Adit Kurniawan,adit.kurniawan.1774@example.com,M,2024-09-18,Jl. Diponegoro No. 76,Malang,Jawa Timur
CUST01775,Intan Utami,intan.utami.1775@example.com,M,2024-11-10,Jl. Merdeka No. 2,Samarinda,Kalimantan Timur
CUST01776,Adit Rahmawati,adit.rahmawati.1776@example.com,M,2024-08-01,Jl. Pemuda No. 63,Denpasar,Bali
CUST01777,Farah Maulana,farah.maulana.1777@example.com,F,2024-09-05,Jl. Merdeka No. 188,Samarinda,Kalimantan Timur
CUST01778,Hendra Setiawan,hendra.setiawan.1778@example.com,M,2024-11-05,Jl. Melati No. 218,Jakarta,DKI Jakarta
CUST01779,Dimas Rahmawati,dimas.rahmawati.1779@example.com,F,2024-05-03,Jl. Diponegoro No. 197,Balikpapan,Kalimantan Timur
CUST01780,Nadia Santoso,nadia.santoso.1780@example.com,M,2024-04-27,Jl. Sudirman No. 129,Medan,Sumatera Utara
CUST01781,Rafi Ramadhan,rafi.ramadhan.1781@example.com,M,2024-07-16,Jl. Merdeka No. 54,Semarang,Jawa Tengah
CUST01782,Ilham Rahmawati,ilham.rahmawati.1782@example.com,F,2024-04-06,Jl. Pemuda No. 244,Depok,Jawa Barat
CUST01783,Bima Firmansyah,bima.firmansyah.1783@example.com,M,2024-02-04,Jl. Pemuda No. 162,Bekasi,Jawa Barat
CUST01784,Raka Kurniawan,raka.kurniawan.1784@example.com,M,2024-02-25,Jl. Sudirman No. 54,Samarinda,Kalimantan Timur
CUST01785,Hendra Firmansyah,hendra.firmansyah.1785@example.com,M,2024-07-28,Jl. Pemuda No. 35,Tangerang,Banten
CUST01786,Dimas Maulana,dimas.maulana.1786@example.com,F,2024-04-12,Jl. Pemuda No. 83,Surakarta,Jawa Tengah
CUST01787,Farah Puspitasari,farah.puspitasari.1787@example.com,M,2024-07-20,Jl. Diponegoro No. 137,Bogor,Jawa Barat
CUST01788,Raka Hakim,raka.hakim.1788@example.com,M,2024-02-03,Jl. Veteran No. 189,Bogor,Jawa Barat
CUST01789,Aulia Rahmawati,aulia.rahmawati.1789@example.com,F,2024-05-04,Jl. Sudirman No. 146,Medan,Sumatera Utara
CUST01790,Arif Hakim,arif.hakim.1790@example.com,F,2024-05-23,Jl. Gajah Mada No. 186,Balikpapan,Kalimantan Timur
CUST01791,Hendra Pratama,hendra.pratama.1791@example.com,F,2024-02-17,Jl. Pemuda No. 118,Bogor,Jawa Barat
CUST01792,Ahmad Setiawan,ahmad.setiawan.1792@example.com,F,2024-01-17,Jl. Merdeka No. 139,Bandung,Jawa Barat
CUST01793,Farah Firmansyah,farah.firmansyah.1793@example.com,M,2024-07-30,Jl. Diponegoro No. 83,Jakarta,DKI Jakarta
CUST01794,Intan Hidayat,intan.hidayat.1794@example.com,M,2024-12-12,Jl. Melati No. 13,Balikpapan,Kalimantan Timur
CUST01795,Rafi Puspitasari,rafi.puspitasari.1795@example.com,F,2024-02-18,Jl. Merdeka No. 239,Balikpapan,Kalimantan Timur
CUST01796,Putri Ramadhan,putri.ramadhan.1796@example.com,F,2024-04-08,Jl. Pemuda No. 52,Bantul,DI Yogyakarta
CUST01797,Aisyah Permana,aisyah.permana.1797@example.com,F,2024-01-28,Jl. Melati No. 180,Jakarta,DKI Jakarta
CUST01798,Dewi Pratama,dewi.pratama.1798@example.com,M,2024-12-21,Jl. Melati No. 239,Depok,Jawa Barat
CUST01799,Reza Saputra,reza.saputra.1799@example.com,M,2024-12-27,Jl. Diponegoro No. 50,Bogor,Jawa Barat
CUST01800,Siti Firmansyah,siti.firmansyah.1800@example.com,M,2024-06-30,Jl. Gajah Mada No. 229,Sleman,DI Yogyakarta
CUST01801,Nadia Lestari,nadia.lestari.1801@example.com,M,2024-07-10,Jl. Veteran No. 114,Sleman,DI Yogyakarta
CUST01802,Galih Kurniawan,galih.kurniawan.1802@example.com,F,2024-06-24,Jl. Diponegoro No. 47,Surakarta,Jawa Tengah
CUST01803,Dewi Permana,dewi.permana.1803@example.com,M,2024-05-30,Jl. Kenanga No. 45,Tangerang,Banten
CUST01804,Hendra Utami,hendra.utami.1804@example.com,F,2024-04-08,Jl. Melati No. 169,Jakarta,DKI Jakarta
CUST01805,Bayu Saputra,bayu.saputra.1805@example.com,F,2024-01-06,Jl. Pemuda No. 225,Surabaya,Jawa Timur
CUST01806,Farah Santoso,farah.santoso.1806@example.com,M,2024-06-20,Jl. Veteran No. 92,Medan,Sumatera Utara
CUST01807,Dewi Syahputra,dewi.syahputra.1807@example.com,F,2024-06-20,Jl. Diponegoro No. 174,Makassar,Sulawesi Selatan
CUST01808,Bagas Nugroho,bagas.nugroho.1808@example.com,F,2024-10-04,Jl. Kenanga No. 115,Depok,Jawa Barat
CUST01809,Bima Wulandari,bima.wulandari.1809@example.com,M,2024-11-20,Jl. Diponegoro No. 90,Denpasar,Bali
CUST01810,Bima Kurniawan,bima.kurniawan.1810@example.com,M,2024-01-22,Jl. Veteran No. 162,Bantul,DI Yogyakarta
CUST01811,Reza Wijaya,reza.wijaya.1811@example.com,F,2024-12-09,Jl. Diponegoro No. 225,Malang,Jawa Timur
CUST01812,Rina Hakim,rina.hakim.1812@example.com,M,2024-03-30,Jl. Sudirman No. 90,Tangerang,Banten
CUST01813,Putri Permana,putri.permana.1813@example.com,M,2024-09-19,Jl. Veteran No. 166,Bekasi,Jawa Barat
CUST01814,Putri Hakim,putri.hakim.1814@example.com,M,2024-11-02,Jl. Merdeka No. 33,Makassar,Sulawesi Selatan
CUST01815,Ilham Rahmawati,ilham.rahmawati.1815@example.com,M,2024-07-04,Jl. Veteran No. 208,Jakarta,DKI Jakarta
CUST01816,Andi Firmansyah,andi.firmansyah.1816@example.com,F,2024-03-27,Jl. Pemuda No. 172,Jakarta,DKI Jakarta
CUST01817,Adit Kurniawan,adit.kurniawan.1817@example.com,M,2024-11-20,Jl. Pemuda No. 103,Palembang,Sumatera Selatan
CUST01818,Rizky Santoso,rizky.santoso.1818@example.com,M,2024-04-21,Jl. Diponegoro No. 24,Pontianak,Kalimantan Barat
CUST01819,Dewi Syahputra,dewi.syahputra.1819@example.com,M,2024-07-21,Jl. Pemuda No. 75,Medan,Sumatera Utara
CUST01820,Nadia Hidayat,nadia.hidayat.1820@example.com,F,2024-11-03,Jl. Merdeka No. 158,Bekasi,Jawa Barat
CUST01821,Aulia Kurniawan,aulia.kurniawan.1821@example.com,F,2024-01-20,Jl. Kenanga No. 174,Bekasi,Jawa Barat
CUST01822,Rina Permana,rina.permana.1822@example.com,M,2024-11-24,Jl. Veteran No. 17,Balikpapan,Kalimantan Timur
CUST01823,Dimas Ramadhan,dimas.ramadhan.1823@example.com,F,2024-01-10,Jl. Sudirman No. 2,Balikpapan,Kalimantan Timur
CUST01824,Tiara Ramadhan,tiara.ramadhan.1824@example.com,F,2024-03-12,Jl. Gajah Mada No. 91,Yogyakarta,DI Yogyakarta
CUST01825,Hendra Rahmawati,hendra.rahmawati.1825@example.com,F,2024-10-08,Jl. Pemuda No. 212,Samarinda,Kalimantan Timur
CUST01826,Dimas Setiawan,dimas.setiawan.1826@example.com,F,2024-05-25,Jl. Melati No. 191,Makassar,Sulawesi Selatan
CUST01827,Fajar Setiawan,fajar.setiawan.1827@example.com,M,2024-05-15,Jl. Diponegoro No. 11,Sleman,DI Yogyakarta
CUST01828,Hendra Pratama,hendra.pratama.1828@example.com,M,2024-05-19,Jl. Veteran No. 105,Surakarta,Jawa Tengah
CUST01829,Dewi Saputra,dewi.saputra.1829@example.com,M,2024-03-03,Jl. Pemuda No. 209,Tangerang,Banten
CUST01830,Rina Wulandari,rina.wulandari.1830@example.com,F,2024-09-06,Jl. Gajah Mada No. 82,Tangerang,Banten
CUST01831,Tiara Permana,tiara.permana.1831@example.com,M,2024-08-06,Jl. Diponegoro No. 47,Bandung,Jawa Barat
CUST01832,Farah Wijaya,farah.wijaya.1832@example.com,F,2024-09-07,Jl. Kenanga No. 68,Tangerang,Banten
CUST01833,Andi Kurniawan,andi.kurniawan.1833@example.com,F,2024-09-12,Jl. Kenanga No. 236,Tangerang,Banten
CUST01834,Nabila Pratama,nabila.pratama.1834@example.com,F,2024-10-20,Jl. Gajah Mada No. 210,Surakarta,Jawa Tengah
CUST01835,Reza Wijaya,reza.wijaya.1835@example.com,F,2024-06-28,Jl. Sudirman No. 90,Sleman,DI Yogyakarta
CUST01836,Reza Rahmawati,reza.rahmawati.1836@example.com,M,2024-12-01,Jl. Gajah Mada No. 165,Surakarta,Jawa Tengah
CUST01837,Ahmad Wijaya,ahmad.wijaya.1837@example.com,M,2024-04-22,Jl. Veteran No. 226,Depok,Jawa Barat
CUST01838,Bagas Lestari,bagas.lestari.1838@example.com,M,2024-05-25,Jl. Gajah Mada No. 10,Surakarta,Jawa Tengah
CUST01839,Reza Hakim,reza.hakim.1839@example.com,F,2024-04-07,Jl. Melati No. 151,Pontianak,Kalimantan Barat
CUST01840,Aulia Wijaya,aulia.wijaya.1840@example.com,M,2024-01-26,Jl. Kenanga No. 195,Bekasi,Jawa Barat
CUST01841,Ilham Puspitasari,ilham.puspitasari.1841@example.com,F,2024-06-18,Jl. Pemuda No. 96,Surakarta,Jawa Tengah
CUST01842,Naufal Ramadhan,naufal.ramadhan.1842@example.com,M,2024-04-25,Jl. Diponegoro No. 204,Bekasi,Jawa Barat
CUST01843,Bayu Hidayat,bayu.hidayat.1843@example.com,M,2024-07-07,Jl. Merdeka No. 76,Medan,Sumatera Utara
CUST01844,Intan Anggraini,intan.anggraini.1844@example.com,M,2024-05-09,Jl. Gajah Mada No. 220,Bogor,Jawa Barat
CUST01845,Aisyah Lestari,aisyah.lestari.1845@example.com,F,2024-05-30,Jl. Diponegoro No. 92,Surakarta,Jawa Tengah
CUST01846,Dimas Ramadhan,dimas.ramadhan.1846@example.com,M,2024-07-04,Jl. Pemuda No. 131,Makassar,Sulawesi Selatan
CUST01847,Arif Lestari,arif.lestari.1847@example.com,M,2024-05-19,Jl. Kenanga No. 116,Tangerang,Banten
CUST01848,Dimas Syahputra,dimas.syahputra.1848@example.com,M,2024-03-11,Jl. Sudirman No. 117,Balikpapan,Kalimantan Timur
CUST01849,Reza Syahputra,reza.syahputra.1849@example.com,M,2024-01-05,Jl. Melati No. 61,Sleman,DI Yogyakarta
CUST01850,Dimas Puspitasari,dimas.puspitasari.1850@example.com,F,2024-10-30,Jl. Gajah Mada No. 2,Malang,Jawa Timur
CUST01851,Rizky Maulana,rizky.maulana.1851@example.com,F,2024-05-15,Jl. Pemuda No. 132,Palembang,Sumatera Selatan
CUST01852,Fajar Hidayat,fajar.hidayat.1852@example.com,F,2024-04-28,Jl. Kenanga No. 143,Balikpapan,Kalimantan Timur
CUST01853,Bagas Ramadhan,bagas.ramadhan.1853@example.com,M,2024-03-22,Jl. Veteran No. 5,Surakarta,Jawa Tengah
CUST01854,Naufal Permana,naufal.permana.1854@example.com,M,2024-04-24,Jl. Melati No. 111,Balikpapan,Kalimantan Timur
CUST01855,Naufal Kurniawan,naufal.kurniawan.1855@example.com,F,2024-12-26,Jl. Veteran No. 32,Semarang,Jawa Tengah
CUST01856,Reza Santoso,reza.santoso.1856@example.com,M,2024-10-02,Jl. Kenanga No. 213,Sleman,DI Yogyakarta
CUST01857,Siti Firmansyah,siti.firmansyah.1857@example.com,M,2024-08-24,Jl. Pemuda No. 158,Bekasi,Jawa Barat
CUST01858,Hendra Hakim,hendra.hakim.1858@example.com,M,2024-03-05,Jl. Merdeka No. 21,Jakarta,DKI Jakarta
CUST01859,Siti Santoso,siti.santoso.1859@example.com,M,2024-12-23,Jl. Melati No. 123,Depok,Jawa Barat
CUST01860,Nadia Puspitasari,nadia.puspitasari.1860@example.com,F,2024-07-04,Jl. Kenanga No. 75,Bekasi,Jawa Barat
CUST01861,Dewi Ramadhan,dewi.ramadhan.1861@example.com,F,2024-04-13,Jl. Merdeka No. 67,Makassar,Sulawesi Selatan
CUST01862,Andi Pratama,andi.pratama.1862@example.com,M,2024-05-14,Jl. Melati No. 241,Palembang,Sumatera Selatan
CUST01863,Ilham Saputra,ilham.saputra.1863@example.com,F,2024-05-16,Jl. Sudirman No. 68,Bantul,DI Yogyakarta
CUST01864,Bima Puspitasari,bima.puspitasari.1864@example.com,M,2024-07-16,Jl. Sudirman No. 98,Depok,Jawa Barat
CUST01865,Arif Santoso,arif.santoso.1865@example.com,M,2024-08-24,Jl. Diponegoro No. 138,Bandung,Jawa Barat
CUST01866,Raka Wijaya,raka.wijaya.1866@example.com,F,2024-08-25,Jl. Merdeka No. 244,Samarinda,Kalimantan Timur
CUST01867,Aisyah Saputra,aisyah.saputra.1867@example.com,M,2024-06-10,Jl. Gajah Mada No. 125,Yogyakarta,DI Yogyakarta
CUST01868,Rizky Lestari,rizky.lestari.1868@example.com,M,2024-09-11,Jl. Gajah Mada No. 195,Balikpapan,Kalimantan Timur
CUST01869,Adit Santoso,adit.santoso.1869@example.com,M,2024-10-17,Jl. Kenanga No. 46,Semarang,Jawa Tengah
CUST01870,Maya Maulana,maya.maulana.1870@example.com,F,2024-05-12,Jl. Sudirman No. 143,Medan,Sumatera Utara
CUST01871,Maya Maulana,maya.maulana.1871@example.com,F,2024-09-17,Jl. Diponegoro No. 248,Semarang,Jawa Tengah
CUST01872,Putri Saputra,putri.saputra.1872@example.com,F,2024-05-27,Jl. Gajah Mada No. 184,Pontianak,Kalimantan Barat
CUST01873,Nabila Maulana,nabila.maulana.1873@example.com,F,2024-01-03,Jl. Pemuda No. 80,Pontianak,Kalimantan Barat
CUST01874,Galih Setiawan,galih.setiawan.1874@example.com,M,2024-11-06,Jl. Melati No. 163,Malang,Jawa Timur
CUST01875,Galih Utami,galih.utami.1875@example.com,M,2024-09-17,Jl. Kenanga No. 86,Tangerang,Banten
CUST01876,Farah Puspitasari,farah.puspitasari.1876@example.com,F,2024-09-19,Jl. Kenanga No. 59,Semarang,Jawa Tengah
CUST01877,Aulia Hidayat,aulia.hidayat.1877@example.com,F,2024-04-10,Jl. Sudirman No. 11,Medan,Sumatera Utara
CUST01878,Ilham Maulana,ilham.maulana.1878@example.com,M,2024-02-28,Jl. Sudirman No. 88,Makassar,Sulawesi Selatan
CUST01879,Rizky Setiawan,rizky.setiawan.1879@example.com,M,2024-10-25,Jl. Kenanga No. 201,Jakarta,DKI Jakarta
CUST01880,Ahmad Utami,ahmad.utami.1880@example.com,F,2024-06-26,Jl. Pemuda No. 93,Palembang,Sumatera Selatan
CUST01881,Adit Nugroho,adit.nugroho.1881@example.com,F,2024-10-14,Jl. Merdeka No. 211,Bantul,DI Yogyakarta
CUST01882,Bagas Ramadhan,bagas.ramadhan.1882@example.com,M,2024-02-28,Jl. Merdeka No. 8,Semarang,Jawa Tengah
CUST01883,Raka Kurniawan,raka.kurniawan.1883@example.com,F,2024-12-17,Jl. Merdeka No. 34,Malang,Jawa Timur
CUST01884,Raka Anggraini,raka.anggraini.1884@example.com,M,2024-02-18,Jl. Merdeka No. 165,Samarinda,Kalimantan Timur
CUST01885,Intan Wulandari,intan.wulandari.1885@example.com,M,2024-04-15,Jl. Kenanga No. 41,Bogor,Jawa Barat
CUST01886,Putri Utami,putri.utami.1886@example.com,M,2024-02-22,Jl. Diponegoro No. 229,Samarinda,Kalimantan Timur
CUST01887,Aulia Anggraini,aulia.anggraini.1887@example.com,F,2024-07-23,Jl. Merdeka No. 96,Samarinda,Kalimantan Timur
CUST01888,Raka Setiawan,raka.setiawan.1888@example.com,M,2024-02-18,Jl. Melati No. 191,Samarinda,Kalimantan Timur
CUST01889,Aisyah Firmansyah,aisyah.firmansyah.1889@example.com,M,2024-07-11,Jl. Pemuda No. 34,Semarang,Jawa Tengah
CUST01890,Nabila Kurniawan,nabila.kurniawan.1890@example.com,F,2024-12-09,Jl. Pemuda No. 147,Makassar,Sulawesi Selatan
CUST01891,Rafi Wulandari,rafi.wulandari.1891@example.com,M,2024-10-14,Jl. Gajah Mada No. 17,Medan,Sumatera Utara
CUST01892,Intan Nugroho,intan.nugroho.1892@example.com,F,2024-07-23,Jl. Merdeka No. 82,Pontianak,Kalimantan Barat
CUST01893,Bayu Permana,bayu.permana.1893@example.com,M,2024-04-28,Jl. Sudirman No. 177,Bandung,Jawa Barat
CUST01894,Siti Santoso,siti.santoso.1894@example.com,M,2024-01-02,Jl. Kenanga No. 45,Tangerang,Banten
CUST01895,Reza Puspitasari,reza.puspitasari.1895@example.com,M,2024-08-05,Jl. Diponegoro No. 229,Bandung,Jawa Barat
CUST01896,Adit Wulandari,adit.wulandari.1896@example.com,M,2024-03-19,Jl. Veteran No. 8,Denpasar,Bali
CUST01897,Galih Pratama,galih.pratama.1897@example.com,F,2024-03-12,Jl. Melati No. 168,Depok,Jawa Barat
CUST01898,Bayu Hidayat,bayu.hidayat.1898@example.com,F,2024-10-29,Jl. Sudirman No. 78,Jakarta,DKI Jakarta
CUST01899,Ahmad Lestari,ahmad.lestari.1899@example.com,F,2024-06-15,Jl. Pemuda No. 218,Yogyakarta,DI Yogyakarta
CUST01900,Nabila Firmansyah,nabila.firmansyah.1900@example.com,M,2024-10-07,Jl. Melati No. 45,Medan,Sumatera Utara
CUST01901,Rafi Santoso,rafi.santoso.1901@example.com,F,2024-05-06,Jl. Sudirman No. 205,Tangerang,Banten
CUST01902,Naufal Wulandari,naufal.wulandari.1902@example.com,M,2024-02-11,Jl. Kenanga No. 96,Surakarta,Jawa Tengah
CUST01903,Rina Maulana,rina.maulana.1903@example.com,F,2024-11-17,Jl. Diponegoro No. 212,Sleman,DI Yogyakarta
CUST01904,Siti Hidayat,siti.hidayat.1904@example.com,M,2024-06-17,Jl. Melati No. 111,Jakarta,DKI Jakarta
CUST01905,Raka Hidayat,raka.hidayat.1905@example.com,M,2024-09-12,Jl. Sudirman No. 152,Depok,Jawa Barat
CUST01906,Yoga Nugroho,yoga.nugroho.1906@example.com,M,2024-08-07,Jl. Gajah Mada No. 76,Semarang,Jawa Tengah
CUST01907,Arif Santoso,arif.santoso.1907@example.com,M,2024-02-27,Jl. Veteran No. 94,Bekasi,Jawa Barat
CUST01908,Nabila Ramadhan,nabila.ramadhan.1908@example.com,M,2024-04-12,Jl. Sudirman No. 188,Semarang,Jawa Tengah
CUST01909,Siti Rahmawati,siti.rahmawati.1909@example.com,M,2024-12-15,Jl. Pemuda No. 14,Surabaya,Jawa Timur
CUST01910,Nadia Setiawan,nadia.setiawan.1910@example.com,M,2024-07-15,Jl. Sudirman No. 138,Tangerang,Banten
CUST01911,Bayu Wulandari,bayu.wulandari.1911@example.com,M,2024-12-06,Jl. Veteran No. 171,Bantul,DI Yogyakarta
CUST01912,Rizky Puspitasari,rizky.puspitasari.1912@example.com,M,2024-08-02,Jl. Diponegoro No. 239,Malang,Jawa Timur
CUST01913,Reza Rahmawati,reza.rahmawati.1913@example.com,M,2024-02-12,Jl. Melati No. 125,Tangerang,Banten
CUST01914,Rina Hidayat,rina.hidayat.1914@example.com,M,2024-08-06,Jl. Merdeka No. 179,Yogyakarta,DI Yogyakarta
CUST01915,Naufal Puspitasari,naufal.puspitasari.1915@example.com,F,2024-08-27,Jl. Sudirman No. 137,Bekasi,Jawa Barat
CUST01916,Hendra Nugroho,hendra.nugroho.1916@example.com,F,2024-09-25,Jl. Pemuda No. 192,Pontianak,Kalimantan Barat
CUST01917,Arif Anggraini,arif.anggraini.1917@example.com,F,2024-11-17,Jl. Gajah Mada No. 240,Denpasar,Bali
CUST01918,Dewi Lestari,dewi.lestari.1918@example.com,M,2024-06-22,Jl. Pemuda No. 58,Sleman,DI Yogyakarta
CUST01919,Yoga Ramadhan,yoga.ramadhan.1919@example.com,F,2024-09-11,Jl. Gajah Mada No. 94,Pontianak,Kalimantan Barat
CUST01920,Bagas Hakim,bagas.hakim.1920@example.com,M,2024-04-11,Jl. Veteran No. 9,Balikpapan,Kalimantan Timur
CUST01921,Raka Hidayat,raka.hidayat.1921@example.com,M,2024-12-19,Jl. Diponegoro No. 225,Balikpapan,Kalimantan Timur
CUST01922,Raka Santoso,raka.santoso.1922@example.com,F,2024-03-23,Jl. Sudirman No. 208,Sleman,DI Yogyakarta
CUST01923,Galih Lestari,galih.lestari.1923@example.com,F,2024-08-12,Jl. Melati No. 166,Malang,Jawa Timur
CUST01924,Hendra Saputra,hendra.saputra.1924@example.com,M,2024-06-24,Jl. Diponegoro No. 143,Pontianak,Kalimantan Barat
CUST01925,Adit Firmansyah,adit.firmansyah.1925@example.com,M,2024-07-04,Jl. Pemuda No. 35,Tangerang,Banten
CUST01926,Nabila Santoso,nabila.santoso.1926@example.com,F,2024-09-22,Jl. Merdeka No. 194,Semarang,Jawa Tengah
CUST01927,Andi Permana,andi.permana.1927@example.com,F,2024-10-02,Jl. Kenanga No. 35,Bantul,DI Yogyakarta
CUST01928,Naufal Santoso,naufal.santoso.1928@example.com,M,2024-07-29,Jl. Melati No. 184,Surakarta,Jawa Tengah
CUST01929,Siti Utami,siti.utami.1929@example.com,M,2024-01-28,Jl. Diponegoro No. 24,Balikpapan,Kalimantan Timur
CUST01930,Hendra Hidayat,hendra.hidayat.1930@example.com,F,2024-01-12,Jl. Sudirman No. 50,Malang,Jawa Timur
CUST01931,Bima Wulandari,bima.wulandari.1931@example.com,M,2024-08-24,Jl. Sudirman No. 178,Denpasar,Bali
CUST01932,Galih Santoso,galih.santoso.1932@example.com,M,2024-09-10,Jl. Merdeka No. 215,Tangerang,Banten
CUST01933,Farah Firmansyah,farah.firmansyah.1933@example.com,F,2024-02-23,Jl. Kenanga No. 208,Surabaya,Jawa Timur
CUST01934,Galih Setiawan,galih.setiawan.1934@example.com,F,2024-07-22,Jl. Diponegoro No. 188,Pontianak,Kalimantan Barat
CUST01935,Rafi Utami,rafi.utami.1935@example.com,F,2024-06-21,Jl. Pemuda No. 182,Bekasi,Jawa Barat
CUST01936,Rizky Syahputra,rizky.syahputra.1936@example.com,F,2024-11-27,Jl. Veteran No. 145,Bantul,DI Yogyakarta
CUST01937,Maya Wijaya,maya.wijaya.1937@example.com,F,2024-12-17,Jl. Gajah Mada No. 37,Bogor,Jawa Barat
CUST01938,Raka Firmansyah,raka.firmansyah.1938@example.com,M,2024-10-22,Jl. Diponegoro No. 24,Samarinda,Kalimantan Timur
CUST01939,Naufal Hakim,naufal.hakim.1939@example.com,M,2024-06-24,Jl. Sudirman No. 114,Surabaya,Jawa Timur
CUST01940,Dimas Puspitasari,dimas.puspitasari.1940@example.com,F,2024-11-12,Jl. Kenanga No. 37,Depok,Jawa Barat
CUST01941,Bima Ramadhan,bima.ramadhan.1941@example.com,M,2024-07-01,Jl. Melati No. 143,Jakarta,DKI Jakarta
CUST01942,Farah Utami,farah.utami.1942@example.com,M,2024-02-14,Jl. Gajah Mada No. 109,Malang,Jawa Timur
CUST01943,Ahmad Saputra,ahmad.saputra.1943@example.com,M,2024-09-27,Jl. Gajah Mada No. 221,Bogor,Jawa Barat
CUST01944,Putri Wulandari,putri.wulandari.1944@example.com,M,2024-08-12,Jl. Sudirman No. 150,Malang,Jawa Timur
CUST01945,Aisyah Rahmawati,aisyah.rahmawati.1945@example.com,M,2024-12-01,Jl. Merdeka No. 43,Makassar,Sulawesi Selatan
CUST01946,Aulia Saputra,aulia.saputra.1946@example.com,F,2024-08-06,Jl. Kenanga No. 44,Tangerang,Banten
CUST01947,Naufal Saputra,naufal.saputra.1947@example.com,M,2024-02-28,Jl. Diponegoro No. 8,Semarang,Jawa Tengah
CUST01948,Arif Santoso,arif.santoso.1948@example.com,M,2024-08-24,Jl. Gajah Mada No. 49,Palembang,Sumatera Selatan
CUST01949,Andi Setiawan,andi.setiawan.1949@example.com,M,2024-07-23,Jl. Veteran No. 43,Tangerang,Banten
CUST01950,Rafi Utami,rafi.utami.1950@example.com,M,2024-02-21,Jl. Melati No. 114,Pontianak,Kalimantan Barat
CUST01951,Naufal Kurniawan,naufal.kurniawan.1951@example.com,F,2024-06-25,Jl. Gajah Mada No. 75,Pontianak,Kalimantan Barat
CUST01952,Naufal Anggraini,naufal.anggraini.1952@example.com,M,2024-03-17,Jl. Sudirman No. 78,Jakarta,DKI Jakarta
CUST01953,Arif Puspitasari,arif.puspitasari.1953@example.com,F,2024-04-13,Jl. Veteran No. 153,Surakarta,Jawa Tengah
CUST01954,Ilham Nugroho,ilham.nugroho.1954@example.com,M,2024-04-12,Jl. Merdeka No. 245,Surakarta,Jawa Tengah
CUST01955,Rina Santoso,rina.santoso.1955@example.com,F,2024-12-19,Jl. Sudirman No. 221,Makassar,Sulawesi Selatan
CUST01956,Tiara Syahputra,tiara.syahputra.1956@example.com,F,2024-04-08,Jl. Melati No. 221,Balikpapan,Kalimantan Timur
CUST01957,Rina Firmansyah,rina.firmansyah.1957@example.com,F,2024-01-03,Jl. Pemuda No. 7,Sleman,DI Yogyakarta
CUST01958,Aisyah Setiawan,aisyah.setiawan.1958@example.com,F,2024-05-10,Jl. Gajah Mada No. 54,Surabaya,Jawa Timur
CUST01959,Bayu Hidayat,bayu.hidayat.1959@example.com,F,2024-05-05,Jl. Gajah Mada No. 50,Makassar,Sulawesi Selatan
CUST01960,Rafi Ramadhan,rafi.ramadhan.1960@example.com,F,2024-07-14,Jl. Gajah Mada No. 224,Semarang,Jawa Tengah
CUST01961,Putri Permana,putri.permana.1961@example.com,M,2024-12-27,Jl. Diponegoro No. 145,Samarinda,Kalimantan Timur
CUST01962,Adit Santoso,adit.santoso.1962@example.com,M,2024-02-28,Jl. Pemuda No. 59,Surabaya,Jawa Timur
CUST01963,Galih Rahmawati,galih.rahmawati.1963@example.com,M,2024-10-29,Jl. Pemuda No. 27,Medan,Sumatera Utara
CUST01964,Dewi Firmansyah,dewi.firmansyah.1964@example.com,M,2024-01-21,Jl. Veteran No. 100,Malang,Jawa Timur
CUST01965,Maya Pratama,maya.pratama.1965@example.com,F,2024-01-23,Jl. Gajah Mada No. 195,Samarinda,Kalimantan Timur
CUST01966,Adit Wulandari,adit.wulandari.1966@example.com,F,2024-09-17,Jl. Kenanga No. 184,Bogor,Jawa Barat
CUST01967,Aulia Hidayat,aulia.hidayat.1967@example.com,F,2024-06-09,Jl. Kenanga No. 57,Malang,Jawa Timur
CUST01968,Bagas Pratama,bagas.pratama.1968@example.com,M,2024-09-10,Jl. Pemuda No. 186,Samarinda,Kalimantan Timur
CUST01969,Rafi Permana,rafi.permana.1969@example.com,M,2024-11-25,Jl. Pemuda No. 14,Semarang,Jawa Tengah
CUST01970,Maya Hidayat,maya.hidayat.1970@example.com,F,2024-09-23,Jl. Gajah Mada No. 85,Palembang,Sumatera Selatan
CUST01971,Nabila Nugroho,nabila.nugroho.1971@example.com,F,2024-05-03,Jl. Diponegoro No. 191,Medan,Sumatera Utara
CUST01972,Putri Wijaya,putri.wijaya.1972@example.com,M,2024-02-20,Jl. Kenanga No. 63,Denpasar,Bali
CUST01973,Ilham Rahmawati,ilham.rahmawati.1973@example.com,M,2024-04-15,Jl. Kenanga No. 140,Pontianak,Kalimantan Barat
CUST01974,Nabila Permana,nabila.permana.1974@example.com,F,2024-02-29,Jl. Pemuda No. 148,Yogyakarta,DI Yogyakarta
CUST01975,Dewi Wijaya,dewi.wijaya.1975@example.com,M,2024-05-01,Jl. Veteran No. 71,Bantul,DI Yogyakarta
CUST01976,Naufal Hakim,naufal.hakim.1976@example.com,F,2024-03-01,Jl. Veteran No. 16,Depok,Jawa Barat
CUST01977,Rafi Ramadhan,rafi.ramadhan.1977@example.com,F,2024-11-02,Jl. Gajah Mada No. 134,Surakarta,Jawa Tengah
CUST01978,Nadia Anggraini,nadia.anggraini.1978@example.com,F,2024-04-08,Jl. Veteran No. 58,Samarinda,Kalimantan Timur
CUST01979,Farah Firmansyah,farah.firmansyah.1979@example.com,F,2024-06-01,Jl. Merdeka No. 43,Denpasar,Bali
CUST01980,Bayu Kurniawan,bayu.kurniawan.1980@example.com,M,2024-12-29,Jl. Kenanga No. 54,Makassar,Sulawesi Selatan
CUST01981,Bagas Santoso,bagas.santoso.1981@example.com,M,2024-06-15,Jl. Melati No. 16,Yogyakarta,DI Yogyakarta
CUST01982,Bayu Permana,bayu.permana.1982@example.com,M,2024-06-08,Jl. Veteran No. 230,Makassar,Sulawesi Selatan
CUST01983,Bayu Wijaya,bayu.wijaya.1983@example.com,M,2024-07-11,Jl. Kenanga No. 74,Balikpapan,Kalimantan Timur
CUST01984,Nabila Rahmawati,nabila.rahmawati.1984@example.com,M,2024-12-19,Jl. Gajah Mada No. 55,Samarinda,Kalimantan Timur
CUST01985,Maya Pratama,maya.pratama.1985@example.com,M,2024-02-02,Jl. Gajah Mada No. 52,Bandung,Jawa Barat
CUST01986,Galih Setiawan,galih.setiawan.1986@example.com,M,2024-09-18,Jl. Gajah Mada No. 171,Bogor,Jawa Barat
CUST01987,Rina Hidayat,rina.hidayat.1987@example.com,M,2024-05-09,Jl. Kenanga No. 238,Denpasar,Bali
CUST01988,Dimas Permana,dimas.permana.1988@example.com,M,2024-01-28,Jl. Merdeka No. 232,Tangerang,Banten
CUST01989,Ahmad Utami,ahmad.utami.1989@example.com,F,2024-11-19,Jl. Pemuda No. 219,Palembang,Sumatera Selatan
CUST01990,Aulia Permana,aulia.permana.1990@example.com,F,2024-11-19,Jl. Merdeka No. 250,Medan,Sumatera Utara
CUST01991,Nabila Lestari,nabila.lestari.1991@example.com,F,2024-07-19,Jl. Melati No. 115,Denpasar,Bali
CUST01992,Farah Utami,farah.utami.1992@example.com,M,2024-03-15,Jl. Melati No. 151,Bogor,Jawa Barat
CUST01993,Farah Nugroho,farah.nugroho.1993@example.com,F,2024-11-22,Jl. Melati No. 101,Bantul,DI Yogyakarta
CUST01994,Rina Nugroho,rina.nugroho.1994@example.com,F,2024-11-14,Jl. Diponegoro No. 247,Depok,Jawa Barat
CUST01995,Ahmad Wulandari,ahmad.wulandari.1995@example.com,M,2024-12-03,Jl. Melati No. 13,Jakarta,DKI Jakarta
CUST01996,Rizky Lestari,rizky.lestari.1996@example.com,M,2024-02-19,Jl. Sudirman No. 52,Surabaya,Jawa Timur
CUST01997,Galih Setiawan,galih.setiawan.1997@example.com,F,2024-04-12,Jl. Gajah Mada No. 133,Jakarta,DKI Jakarta
CUST01998,Yoga Firmansyah,yoga.firmansyah.1998@example.com,F,2024-07-08,Jl. Veteran No. 183,Palembang,Sumatera Selatan
CUST01999,Rina Saputra,rina.saputra.1999@example.com,F,2024-10-16,Jl. Sudirman No. 154,Bogor,Jawa Barat
CUST02000,Rizky Santoso,rizky.santoso.2000@example.com,M,2024-10-17,Jl. Gajah Mada No. 20,Denpasar,Bali
CUST02001,Naufal Saputra,naufal.saputra.2001@example.com,F,2024-11-18,Jl. Kenanga No. 152,Medan,Sumatera Utara
CUST02002,Putri Santoso,putri.santoso.2002@example.com,M,2024-06-30,Jl. Kenanga No. 74,Tangerang,Banten
CUST02003,Bima Permana,bima.permana.2003@example.com,M,2024-01-21,Jl. Sudirman No. 42,Surakarta,Jawa Tengah
CUST02004,Nadia Wulandari,nadia.wulandari.2004@example.com,F,2024-04-22,Jl. Sudirman No. 204,Bogor,Jawa Barat
CUST02005,Ahmad Hakim,ahmad.hakim.2005@example.com,F,2024-07-12,Jl. Kenanga No. 152,Depok,Jawa Barat
CUST02006,Raka Santoso,raka.santoso.2006@example.com,M,2024-08-01,Jl. Diponegoro No. 96,Bantul,DI Yogyakarta
CUST02007,Dewi Kurniawan,dewi.kurniawan.2007@example.com,M,2024-07-24,Jl. Kenanga No. 175,Surakarta,Jawa Tengah
CUST02008,Aisyah Anggraini,aisyah.anggraini.2008@example.com,F,2024-07-16,Jl. Gajah Mada No. 140,Surakarta,Jawa Tengah
CUST02009,Fajar Anggraini,fajar.anggraini.2009@example.com,M,2024-06-05,Jl. Merdeka No. 125,Bogor,Jawa Barat
CUST02010,Rafi Hidayat,rafi.hidayat.2010@example.com,F,2024-12-31,Jl. Sudirman No. 174,Semarang,Jawa Tengah
CUST02011,Bayu Utami,bayu.utami.2011@example.com,F,2024-04-18,Jl. Kenanga No. 133,Bogor,Jawa Barat
CUST02012,Nabila Permana,nabila.permana.2012@example.com,F,2024-10-25,Jl. Melati No. 221,Palembang,Sumatera Selatan
CUST02013,Putri Maulana,putri.maulana.2013@example.com,F,2024-04-16,Jl. Veteran No. 60,Tangerang,Banten
CUST02014,Naufal Hidayat,naufal.hidayat.2014@example.com,F,2024-03-27,Jl. Veteran No. 225,Medan,Sumatera Utara
CUST02015,Hendra Lestari,hendra.lestari.2015@example.com,F,2024-07-23,Jl. Veteran No. 40,Balikpapan,Kalimantan Timur
CUST02016,Rina Wulandari,rina.wulandari.2016@example.com,M,2024-10-15,Jl. Kenanga No. 151,Makassar,Sulawesi Selatan
CUST02017,Siti Anggraini,siti.anggraini.2017@example.com,M,2024-01-21,Jl. Pemuda No. 167,Yogyakarta,DI Yogyakarta
CUST02018,Bima Pratama,bima.pratama.2018@example.com,F,2024-05-29,Jl. Merdeka No. 241,Palembang,Sumatera Selatan
CUST02019,Yoga Syahputra,yoga.syahputra.2019@example.com,M,2024-10-31,Jl. Diponegoro No. 76,Bantul,DI Yogyakarta
CUST02020,Raka Rahmawati,raka.rahmawati.2020@example.com,F,2024-04-21,Jl. Veteran No. 184,Tangerang,Banten
CUST02021,Andi Permana,andi.permana.2021@example.com,M,2024-11-08,Jl. Melati No. 63,Bekasi,Jawa Barat
CUST02022,Raka Permana,raka.permana.2022@example.com,M,2024-09-05,Jl. Diponegoro No. 9,Bekasi,Jawa Barat
CUST02023,Naufal Saputra,naufal.saputra.2023@example.com,F,2024-12-05,Jl. Sudirman No. 113,Surakarta,Jawa Tengah
CUST02024,Ilham Kurniawan,ilham.kurniawan.2024@example.com,F,2024-01-15,Jl. Veteran No. 4,Semarang,Jawa Tengah
CUST02025,Adit Maulana,adit.maulana.2025@example.com,F,2024-02-18,Jl. Veteran No. 122,Depok,Jawa Barat
CUST02026,Maya Ramadhan,maya.ramadhan.2026@example.com,F,2024-08-02,Jl. Kenanga No. 228,Denpasar,Bali
CUST02027,Siti Setiawan,siti.setiawan.2027@example.com,F,2024-10-09,Jl. Gajah Mada No. 44,Depok,Jawa Barat
CUST02028,Fajar Hidayat,fajar.hidayat.2028@example.com,F,2024-01-01,Jl. Melati No. 137,Pontianak,Kalimantan Barat
CUST02029,Siti Lestari,siti.lestari.2029@example.com,M,2024-07-23,Jl. Sudirman No. 112,Makassar,Sulawesi Selatan
CUST02030,Raka Setiawan,raka.setiawan.2030@example.com,F,2024-03-22,Jl. Veteran No. 12,Balikpapan,Kalimantan Timur
CUST02031,Dewi Puspitasari,dewi.puspitasari.2031@example.com,M,2024-07-29,Jl. Pemuda No. 45,Bandung,Jawa Barat
CUST02032,Maya Firmansyah,maya.firmansyah.2032@example.com,F,2024-11-16,Jl. Kenanga No. 130,Makassar,Sulawesi Selatan
CUST02033,Bayu Wulandari,bayu.wulandari.2033@example.com,M,2024-06-13,Jl. Merdeka No. 106,Makassar,Sulawesi Selatan
CUST02034,Rafi Syahputra,rafi.syahputra.2034@example.com,M,2024-03-29,Jl. Melati No. 205,Jakarta,DKI Jakarta
CUST02035,Bayu Hakim,bayu.hakim.2035@example.com,F,2024-08-17,Jl. Diponegoro No. 8,Yogyakarta,DI Yogyakarta
CUST02036,Rizky Lestari,rizky.lestari.2036@example.com,F,2024-08-27,Jl. Merdeka No. 169,Depok,Jawa Barat
CUST02037,Rizky Ramadhan,rizky.ramadhan.2037@example.com,M,2024-11-17,Jl. Gajah Mada No. 220,Malang,Jawa Timur
CUST02038,Rizky Pratama,rizky.pratama.2038@example.com,F,2024-02-26,Jl. Veteran No. 96,Pontianak,Kalimantan Barat
CUST02039,Dimas Wulandari,dimas.wulandari.2039@example.com,F,2024-10-31,Jl. Melati No. 146,Depok,Jawa Barat
CUST02040,Ahmad Syahputra,ahmad.syahputra.2040@example.com,M,2024-07-22,Jl. Sudirman No. 197,Makassar,Sulawesi Selatan
CUST02041,Rizky Hidayat,rizky.hidayat.2041@example.com,M,2024-09-25,Jl. Pemuda No. 78,Balikpapan,Kalimantan Timur
CUST02042,Siti Pratama,siti.pratama.2042@example.com,F,2024-10-03,Jl. Melati No. 197,Yogyakarta,DI Yogyakarta
CUST02043,Maya Setiawan,maya.setiawan.2043@example.com,F,2024-05-10,Jl. Melati No. 74,Denpasar,Bali
CUST02044,Aulia Puspitasari,aulia.puspitasari.2044@example.com,M,2024-03-09,Jl. Gajah Mada No. 30,Depok,Jawa Barat
CUST02045,Nabila Puspitasari,nabila.puspitasari.2045@example.com,F,2024-06-19,Jl. Sudirman No. 127,Palembang,Sumatera Selatan
CUST02046,Putri Saputra,putri.saputra.2046@example.com,F,2024-09-16,Jl. Merdeka No. 185,Pontianak,Kalimantan Barat
CUST02047,Arif Saputra,arif.saputra.2047@example.com,F,2024-12-19,Jl. Gajah Mada No. 150,Semarang,Jawa Tengah
CUST02048,Fajar Setiawan,fajar.setiawan.2048@example.com,F,2024-10-13,Jl. Merdeka No. 70,Bogor,Jawa Barat
CUST02049,Ahmad Hakim,ahmad.hakim.2049@example.com,F,2024-02-26,Jl. Merdeka No. 129,Jakarta,DKI Jakarta
CUST02050,Arif Hidayat,arif.hidayat.2050@example.com,M,2024-08-28,Jl. Sudirman No. 68,Surabaya,Jawa Timur
CUST02051,Ilham Rahmawati,ilham.rahmawati.2051@example.com,M,2024-03-14,Jl. Diponegoro No. 20,Bandung,Jawa Barat
CUST02052,Siti Wulandari,siti.wulandari.2052@example.com,M,2024-04-12,Jl. Melati No. 155,Bantul,DI Yogyakarta
CUST02053,Aisyah Syahputra,aisyah.syahputra.2053@example.com,M,2024-01-16,Jl. Pemuda No. 14,Tangerang,Banten
CUST02054,Intan Lestari,intan.lestari.2054@example.com,M,2024-06-06,Jl. Gajah Mada No. 125,Denpasar,Bali
CUST02055,Andi Rahmawati,andi.rahmawati.2055@example.com,F,2024-01-21,Jl. Gajah Mada No. 73,Samarinda,Kalimantan Timur
CUST02056,Nadia Utami,nadia.utami.2056@example.com,F,2024-05-27,Jl. Diponegoro No. 49,Bantul,DI Yogyakarta
CUST02057,Aulia Kurniawan,aulia.kurniawan.2057@example.com,F,2024-10-16,Jl. Veteran No. 92,Palembang,Sumatera Selatan
CUST02058,Hendra Kurniawan,hendra.kurniawan.2058@example.com,M,2024-05-03,Jl. Merdeka No. 90,Depok,Jawa Barat
CUST02059,Yoga Wulandari,yoga.wulandari.2059@example.com,M,2024-07-27,Jl. Sudirman No. 5,Samarinda,Kalimantan Timur
CUST02060,Arif Firmansyah,arif.firmansyah.2060@example.com,F,2024-09-22,Jl. Veteran No. 82,Denpasar,Bali
CUST02061,Bima Puspitasari,bima.puspitasari.2061@example.com,M,2024-05-18,Jl. Melati No. 213,Bantul,DI Yogyakarta
CUST02062,Maya Hidayat,maya.hidayat.2062@example.com,M,2024-10-19,Jl. Diponegoro No. 211,Medan,Sumatera Utara
CUST02063,Aulia Ramadhan,aulia.ramadhan.2063@example.com,F,2024-03-26,Jl. Veteran No. 34,Bandung,Jawa Barat
CUST02064,Aisyah Saputra,aisyah.saputra.2064@example.com,M,2024-01-05,Jl. Gajah Mada No. 51,Denpasar,Bali
CUST02065,Rafi Utami,rafi.utami.2065@example.com,M,2024-02-09,Jl. Sudirman No. 136,Bekasi,Jawa Barat
CUST02066,Farah Hidayat,farah.hidayat.2066@example.com,F,2024-09-26,Jl. Diponegoro No. 81,Denpasar,Bali
CUST02067,Galih Setiawan,galih.setiawan.2067@example.com,F,2024-11-26,Jl. Diponegoro No. 104,Depok,Jawa Barat
CUST02068,Farah Santoso,farah.santoso.2068@example.com,F,2024-11-07,Jl. Gajah Mada No. 166,Depok,Jawa Barat
CUST02069,Aulia Hidayat,aulia.hidayat.2069@example.com,F,2024-04-07,Jl. Sudirman No. 108,Semarang,Jawa Tengah
CUST02070,Arif Saputra,arif.saputra.2070@example.com,F,2024-12-23,Jl. Veteran No. 246,Pontianak,Kalimantan Barat
CUST02071,Dimas Kurniawan,dimas.kurniawan.2071@example.com,F,2024-01-12,Jl. Gajah Mada No. 190,Samarinda,Kalimantan Timur
CUST02072,Aulia Setiawan,aulia.setiawan.2072@example.com,F,2024-02-25,Jl. Kenanga No. 150,Malang,Jawa Timur
CUST02073,Rina Firmansyah,rina.firmansyah.2073@example.com,F,2024-10-24,Jl. Diponegoro No. 226,Surabaya,Jawa Timur
CUST02074,Fajar Hidayat,fajar.hidayat.2074@example.com,F,2024-05-06,Jl. Diponegoro No. 82,Denpasar,Bali
CUST02075,Dewi Wijaya,dewi.wijaya.2075@example.com,F,2024-01-16,Jl. Pemuda No. 77,Bantul,DI Yogyakarta
CUST02076,Nabila Wulandari,nabila.wulandari.2076@example.com,F,2024-08-06,Jl. Merdeka No. 83,Sleman,DI Yogyakarta
CUST02077,Nabila Hakim,nabila.hakim.2077@example.com,F,2024-07-14,Jl. Sudirman No. 167,Semarang,Jawa Tengah
CUST02078,Rina Kurniawan,rina.kurniawan.2078@example.com,M,2024-01-27,Jl. Pemuda No. 174,Semarang,Jawa Tengah
CUST02079,Dewi Saputra,dewi.saputra.2079@example.com,M,2024-03-19,Jl. Sudirman No. 101,Bandung,Jawa Barat
CUST02080,Nadia Hakim,nadia.hakim.2080@example.com,M,2024-05-06,Jl. Gajah Mada No. 189,Depok,Jawa Barat
CUST02081,Bagas Nugroho,bagas.nugroho.2081@example.com,F,2024-03-18,Jl. Sudirman No. 193,Bandung,Jawa Barat
CUST02082,Ilham Rahmawati,ilham.rahmawati.2082@example.com,M,2024-03-09,Jl. Veteran No. 86,Medan,Sumatera Utara
CUST02083,Rafi Setiawan,rafi.setiawan.2083@example.com,M,2024-08-01,Jl. Veteran No. 149,Tangerang,Banten
CUST02084,Arif Pratama,arif.pratama.2084@example.com,M,2024-03-16,Jl. Sudirman No. 201,Malang,Jawa Timur
CUST02085,Galih Permana,galih.permana.2085@example.com,F,2024-10-04,Jl. Merdeka No. 196,Palembang,Sumatera Selatan
CUST02086,Adit Anggraini,adit.anggraini.2086@example.com,F,2024-08-30,Jl. Pemuda No. 97,Palembang,Sumatera Selatan
CUST02087,Bima Lestari,bima.lestari.2087@example.com,M,2024-07-15,Jl. Melati No. 219,Sleman,DI Yogyakarta
CUST02088,Intan Santoso,intan.santoso.2088@example.com,M,2024-06-28,Jl. Melati No. 68,Bantul,DI Yogyakarta
CUST02089,Rafi Pratama,rafi.pratama.2089@example.com,M,2024-08-22,Jl. Merdeka No. 148,Medan,Sumatera Utara
CUST02090,Tiara Kurniawan,tiara.kurniawan.2090@example.com,F,2024-02-15,Jl. Melati No. 69,Semarang,Jawa Tengah
CUST02091,Intan Hidayat,intan.hidayat.2091@example.com,F,2024-05-09,Jl. Merdeka No. 25,Palembang,Sumatera Selatan
CUST02092,Yoga Wulandari,yoga.wulandari.2092@example.com,M,2024-04-21,Jl. Melati No. 229,Pontianak,Kalimantan Barat
CUST02093,Hendra Rahmawati,hendra.rahmawati.2093@example.com,F,2024-12-29,Jl. Sudirman No. 232,Sleman,DI Yogyakarta
CUST02094,Maya Kurniawan,maya.kurniawan.2094@example.com,M,2024-07-12,Jl. Gajah Mada No. 15,Samarinda,Kalimantan Timur
CUST02095,Arif Saputra,arif.saputra.2095@example.com,F,2024-10-08,Jl. Melati No. 209,Jakarta,DKI Jakarta
CUST02096,Tiara Utami,tiara.utami.2096@example.com,M,2024-03-05,Jl. Veteran No. 91,Bandung,Jawa Barat
CUST02097,Reza Maulana,reza.maulana.2097@example.com,M,2024-01-02,Jl. Diponegoro No. 145,Bantul,DI Yogyakarta
CUST02098,Nabila Syahputra,nabila.syahputra.2098@example.com,M,2024-04-20,Jl. Diponegoro No. 212,Bekasi,Jawa Barat
CUST02099,Rafi Hakim,rafi.hakim.2099@example.com,F,2024-12-28,Jl. Diponegoro No. 94,Depok,Jawa Barat
CUST02100,Nadia Syahputra,nadia.syahputra.2100@example.com,M,2024-08-11,Jl. Diponegoro No. 52,Medan,Sumatera Utara
CUST02101,Aisyah Puspitasari,aisyah.puspitasari.2101@example.com,F,2024-04-22,Jl. Pemuda No. 74,Palembang,Sumatera Selatan
CUST02102,Galih Lestari,galih.lestari.2102@example.com,F,2024-01-31,Jl. Sudirman No. 173,Surakarta,Jawa Tengah
CUST02103,Bayu Utami,bayu.utami.2103@example.com,F,2024-07-19,Jl. Pemuda No. 37,Sleman,DI Yogyakarta
CUST02104,Dewi Utami,dewi.utami.2104@example.com,F,2024-12-02,Jl. Veteran No. 156,Surabaya,Jawa Timur
CUST02105,Nabila Wulandari,nabila.wulandari.2105@example.com,M,2024-06-14,Jl. Sudirman No. 4,Depok,Jawa Barat
CUST02106,Farah Santoso,farah.santoso.2106@example.com,M,2024-11-10,Jl. Pemuda No. 232,Semarang,Jawa Tengah
CUST02107,Bima Lestari,bima.lestari.2107@example.com,F,2024-01-09,Jl. Gajah Mada No. 30,Sleman,DI Yogyakarta
CUST02108,Galih Syahputra,galih.syahputra.2108@example.com,F,2024-04-17,Jl. Pemuda No. 76,Malang,Jawa Timur
CUST02109,Arif Hidayat,arif.hidayat.2109@example.com,M,2024-11-10,Jl. Pemuda No. 221,Palembang,Sumatera Selatan
CUST02110,Andi Saputra,andi.saputra.2110@example.com,F,2024-01-17,Jl. Veteran No. 209,Jakarta,DKI Jakarta
CUST02111,Ilham Pratama,ilham.pratama.2111@example.com,F,2024-07-07,Jl. Gajah Mada No. 152,Yogyakarta,DI Yogyakarta
CUST02112,Aisyah Kurniawan,aisyah.kurniawan.2112@example.com,M,2024-08-30,Jl. Pemuda No. 171,Samarinda,Kalimantan Timur
CUST02113,Galih Kurniawan,galih.kurniawan.2113@example.com,M,2024-08-04,Jl. Veteran No. 221,Yogyakarta,DI Yogyakarta
CUST02114,Aisyah Wulandari,aisyah.wulandari.2114@example.com,F,2024-06-10,Jl. Diponegoro No. 139,Palembang,Sumatera Selatan
CUST02115,Farah Hidayat,farah.hidayat.2115@example.com,M,2024-02-17,Jl. Pemuda No. 97,Depok,Jawa Barat
CUST02116,Naufal Saputra,naufal.saputra.2116@example.com,F,2024-05-27,Jl. Kenanga No. 202,Bogor,Jawa Barat
CUST02117,Intan Puspitasari,intan.puspitasari.2117@example.com,F,2024-07-16,Jl. Sudirman No. 9,Depok,Jawa Barat
CUST02118,Dimas Santoso,dimas.santoso.2118@example.com,F,2024-03-06,Jl. Melati No. 229,Semarang,Jawa Tengah
CUST02119,Bayu Pratama,bayu.pratama.2119@example.com,F,2024-06-07,Jl. Kenanga No. 132,Bantul,DI Yogyakarta
CUST02120,Rafi Firmansyah,rafi.firmansyah.2120@example.com,M,2024-06-24,Jl. Merdeka No. 150,Bogor,Jawa Barat
CUST02121,Arif Puspitasari,arif.puspitasari.2121@example.com,F,2024-12-15,Jl. Kenanga No. 105,Bogor,Jawa Barat
CUST02122,Intan Lestari,intan.lestari.2122@example.com,M,2024-05-04,Jl. Kenanga No. 209,Makassar,Sulawesi Selatan
CUST02123,Tiara Anggraini,tiara.anggraini.2123@example.com,M,2024-05-15,Jl. Gajah Mada No. 184,Medan,Sumatera Utara
CUST02124,Dimas Ramadhan,dimas.ramadhan.2124@example.com,M,2024-11-21,Jl. Pemuda No. 89,Sleman,DI Yogyakarta
CUST02125,Ahmad Nugroho,ahmad.nugroho.2125@example.com,M,2024-01-06,Jl. Diponegoro No. 20,Depok,Jawa Barat
CUST02126,Putri Saputra,putri.saputra.2126@example.com,M,2024-01-10,Jl. Diponegoro No. 206,Surabaya,Jawa Timur
CUST02127,Aisyah Permana,aisyah.permana.2127@example.com,F,2024-10-30,Jl. Sudirman No. 102,Bogor,Jawa Barat
CUST02128,Raka Setiawan,raka.setiawan.2128@example.com,M,2024-09-14,Jl. Kenanga No. 40,Depok,Jawa Barat
CUST02129,Maya Saputra,maya.saputra.2129@example.com,M,2024-12-06,Jl. Pemuda No. 86,Palembang,Sumatera Selatan
CUST02130,Rina Wulandari,rina.wulandari.2130@example.com,M,2024-12-18,Jl. Veteran No. 39,Semarang,Jawa Tengah
CUST02131,Rizky Kurniawan,rizky.kurniawan.2131@example.com,F,2024-12-17,Jl. Diponegoro No. 184,Bandung,Jawa Barat
CUST02132,Tiara Saputra,tiara.saputra.2132@example.com,F,2024-08-07,Jl. Melati No. 121,Yogyakarta,DI Yogyakarta
CUST02133,Naufal Maulana,naufal.maulana.2133@example.com,F,2024-03-12,Jl. Gajah Mada No. 232,Bantul,DI Yogyakarta
CUST02134,Reza Syahputra,reza.syahputra.2134@example.com,M,2024-04-16,Jl. Gajah Mada No. 44,Semarang,Jawa Tengah
CUST02135,Adit Utami,adit.utami.2135@example.com,F,2024-12-04,Jl. Pemuda No. 173,Surabaya,Jawa Timur
CUST02136,Tiara Permana,tiara.permana.2136@example.com,F,2024-12-11,Jl. Kenanga No. 75,Tangerang,Banten
CUST02137,Andi Utami,andi.utami.2137@example.com,M,2024-06-05,Jl. Gajah Mada No. 76,Bandung,Jawa Barat
CUST02138,Raka Firmansyah,raka.firmansyah.2138@example.com,M,2024-04-12,Jl. Kenanga No. 20,Tangerang,Banten
CUST02139,Bima Utami,bima.utami.2139@example.com,M,2024-09-15,Jl. Pemuda No. 3,Balikpapan,Kalimantan Timur
CUST02140,Andi Wijaya,andi.wijaya.2140@example.com,F,2024-05-08,Jl. Sudirman No. 219,Makassar,Sulawesi Selatan
CUST02141,Yoga Pratama,yoga.pratama.2141@example.com,M,2024-01-13,Jl. Kenanga No. 120,Denpasar,Bali
CUST02142,Bima Permana,bima.permana.2142@example.com,F,2024-08-20,Jl. Kenanga No. 100,Samarinda,Kalimantan Timur
CUST02143,Tiara Permana,tiara.permana.2143@example.com,M,2024-02-27,Jl. Diponegoro No. 179,Bogor,Jawa Barat
CUST02144,Siti Utami,siti.utami.2144@example.com,M,2024-04-09,Jl. Pemuda No. 100,Surakarta,Jawa Tengah
CUST02145,Aulia Maulana,aulia.maulana.2145@example.com,M,2024-11-22,Jl. Merdeka No. 99,Denpasar,Bali
CUST02146,Fajar Ramadhan,fajar.ramadhan.2146@example.com,F,2024-11-04,Jl. Pemuda No. 124,Surabaya,Jawa Timur
CUST02147,Aisyah Lestari,aisyah.lestari.2147@example.com,F,2024-07-26,Jl. Gajah Mada No. 188,Bogor,Jawa Barat
CUST02148,Hendra Puspitasari,hendra.puspitasari.2148@example.com,M,2024-06-08,Jl. Merdeka No. 82,Balikpapan,Kalimantan Timur
CUST02149,Ahmad Utami,ahmad.utami.2149@example.com,M,2024-12-21,Jl. Melati No. 46,Sleman,DI Yogyakarta
CUST02150,Putri Wijaya,putri.wijaya.2150@example.com,F,2024-01-24,Jl. Melati No. 249,Bekasi,Jawa Barat
CUST02151,Dewi Kurniawan,dewi.kurniawan.2151@example.com,F,2024-01-26,Jl. Gajah Mada No. 183,Malang,Jawa Timur
CUST02152,Nabila Wulandari,nabila.wulandari.2152@example.com,M,2024-10-10,Jl. Sudirman No. 173,Surakarta,Jawa Tengah
CUST02153,Nabila Santoso,nabila.santoso.2153@example.com,M,2024-05-27,Jl. Melati No. 177,Bekasi,Jawa Barat
CUST02154,Dewi Lestari,dewi.lestari.2154@example.com,F,2024-07-15,Jl. Kenanga No. 171,Medan,Sumatera Utara
CUST02155,Bagas Lestari,bagas.lestari.2155@example.com,F,2024-07-22,Jl. Kenanga No. 194,Medan,Sumatera Utara
CUST02156,Ahmad Permana,ahmad.permana.2156@example.com,F,2024-08-20,Jl. Pemuda No. 83,Sleman,DI Yogyakarta
CUST02157,Ahmad Santoso,ahmad.santoso.2157@example.com,M,2024-04-20,Jl. Kenanga No. 248,Depok,Jawa Barat
CUST02158,Tiara Wulandari,tiara.wulandari.2158@example.com,M,2024-12-18,Jl. Kenanga No. 165,Pontianak,Kalimantan Barat
CUST02159,Adit Santoso,adit.santoso.2159@example.com,F,2024-08-30,Jl. Diponegoro No. 108,Tangerang,Banten
CUST02160,Maya Pratama,maya.pratama.2160@example.com,F,2024-03-31,Jl. Sudirman No. 155,Denpasar,Bali
CUST02161,Raka Saputra,raka.saputra.2161@example.com,M,2024-09-23,Jl. Merdeka No. 67,Palembang,Sumatera Selatan
CUST02162,Tiara Rahmawati,tiara.rahmawati.2162@example.com,M,2024-05-10,Jl. Sudirman No. 123,Palembang,Sumatera Selatan
CUST02163,Reza Anggraini,reza.anggraini.2163@example.com,F,2024-07-27,Jl. Merdeka No. 144,Balikpapan,Kalimantan Timur
CUST02164,Bima Maulana,bima.maulana.2164@example.com,F,2024-01-01,Jl. Veteran No. 36,Samarinda,Kalimantan Timur
CUST02165,Hendra Utami,hendra.utami.2165@example.com,M,2024-05-22,Jl. Merdeka No. 121,Medan,Sumatera Utara
CUST02166,Dimas Setiawan,dimas.setiawan.2166@example.com,F,2024-03-18,Jl. Kenanga No. 170,Bantul,DI Yogyakarta
CUST02167,Tiara Utami,tiara.utami.2167@example.com,M,2024-07-05,Jl. Sudirman No. 86,Bandung,Jawa Barat
CUST02168,Rina Wijaya,rina.wijaya.2168@example.com,M,2024-05-13,Jl. Gajah Mada No. 24,Makassar,Sulawesi Selatan
CUST02169,Siti Ramadhan,siti.ramadhan.2169@example.com,F,2024-08-01,Jl. Sudirman No. 169,Pontianak,Kalimantan Barat
CUST02170,Andi Santoso,andi.santoso.2170@example.com,M,2024-03-08,Jl. Kenanga No. 221,Semarang,Jawa Tengah
CUST02171,Aulia Firmansyah,aulia.firmansyah.2171@example.com,M,2024-08-26,Jl. Sudirman No. 194,Medan,Sumatera Utara
CUST02172,Reza Puspitasari,reza.puspitasari.2172@example.com,F,2024-11-13,Jl. Gajah Mada No. 219,Denpasar,Bali
CUST02173,Rina Wijaya,rina.wijaya.2173@example.com,F,2024-06-19,Jl. Kenanga No. 35,Depok,Jawa Barat
CUST02174,Farah Rahmawati,farah.rahmawati.2174@example.com,F,2024-10-20,Jl. Veteran No. 205,Malang,Jawa Timur
CUST02175,Raka Hidayat,raka.hidayat.2175@example.com,F,2024-10-05,Jl. Diponegoro No. 25,Bekasi,Jawa Barat
CUST02176,Hendra Nugroho,hendra.nugroho.2176@example.com,F,2024-05-28,Jl. Pemuda No. 91,Makassar,Sulawesi Selatan
CUST02177,Tiara Santoso,tiara.santoso.2177@example.com,M,2024-07-23,Jl. Sudirman No. 56,Depok,Jawa Barat
CUST02178,Nadia Maulana,nadia.maulana.2178@example.com,M,2024-02-13,Jl. Pemuda No. 3,Bandung,Jawa Barat
CUST02179,Rina Hakim,rina.hakim.2179@example.com,M,2024-07-02,Jl. Kenanga No. 16,Surabaya,Jawa Timur
CUST02180,Intan Santoso,intan.santoso.2180@example.com,F,2024-04-11,Jl. Diponegoro No. 27,Yogyakarta,DI Yogyakarta
CUST02181,Raka Anggraini,raka.anggraini.2181@example.com,M,2024-01-09,Jl. Gajah Mada No. 149,Jakarta,DKI Jakarta
CUST02182,Putri Ramadhan,putri.ramadhan.2182@example.com,M,2024-04-30,Jl. Gajah Mada No. 131,Depok,Jawa Barat
CUST02183,Aisyah Syahputra,aisyah.syahputra.2183@example.com,F,2024-02-16,Jl. Pemuda No. 108,Surakarta,Jawa Tengah
CUST02184,Adit Kurniawan,adit.kurniawan.2184@example.com,F,2024-08-21,Jl. Pemuda No. 65,Jakarta,DKI Jakarta
CUST02185,Arif Wijaya,arif.wijaya.2185@example.com,F,2024-07-27,Jl. Melati No. 62,Surabaya,Jawa Timur
CUST02186,Raka Firmansyah,raka.firmansyah.2186@example.com,F,2024-03-26,Jl. Melati No. 113,Makassar,Sulawesi Selatan
CUST02187,Fajar Lestari,fajar.lestari.2187@example.com,M,2024-01-02,Jl. Pemuda No. 152,Medan,Sumatera Utara
CUST02188,Dimas Puspitasari,dimas.puspitasari.2188@example.com,M,2024-06-08,Jl. Melati No. 118,Surakarta,Jawa Tengah
CUST02189,Rafi Ramadhan,rafi.ramadhan.2189@example.com,F,2024-09-29,Jl. Pemuda No. 170,Denpasar,Bali
CUST02190,Andi Anggraini,andi.anggraini.2190@example.com,M,2024-04-07,Jl. Kenanga No. 3,Yogyakarta,DI Yogyakarta
CUST02191,Nabila Kurniawan,nabila.kurniawan.2191@example.com,F,2024-01-31,Jl. Diponegoro No. 24,Palembang,Sumatera Selatan
CUST02192,Nabila Saputra,nabila.saputra.2192@example.com,M,2024-03-09,Jl. Diponegoro No. 193,Tangerang,Banten
CUST02193,Intan Lestari,intan.lestari.2193@example.com,M,2024-11-19,Jl. Melati No. 241,Makassar,Sulawesi Selatan
CUST02194,Fajar Permana,fajar.permana.2194@example.com,M,2024-01-30,Jl. Melati No. 150,Bogor,Jawa Barat
CUST02195,Aisyah Saputra,aisyah.saputra.2195@example.com,M,2024-08-01,Jl. Veteran No. 17,Bandung,Jawa Barat
CUST02196,Bima Maulana,bima.maulana.2196@example.com,F,2024-02-10,Jl. Merdeka No. 13,Balikpapan,Kalimantan Timur
CUST02197,Rafi Pratama,rafi.pratama.2197@example.com,M,2024-10-20,Jl. Veteran No. 116,Pontianak,Kalimantan Barat
CUST02198,Tiara Maulana,tiara.maulana.2198@example.com,F,2024-03-31,Jl. Melati No. 112,Tangerang,Banten
CUST02199,Aisyah Rahmawati,aisyah.rahmawati.2199@example.com,M,2024-07-06,Jl. Pemuda No. 134,Surakarta,Jawa Tengah
CUST02200,Hendra Kurniawan,hendra.kurniawan.2200@example.com,F,2024-05-15,Jl. Gajah Mada No. 65,Sleman,DI Yogyakarta
CUST02201,Aulia Santoso,aulia.santoso.2201@example.com,F,2024-02-10,Jl. Pemuda No. 23,Semarang,Jawa Tengah
CUST02202,Farah Hakim,farah.hakim.2202@example.com,F,2024-05-04,Jl. Pemuda No. 153,Sleman,DI Yogyakarta
CUST02203,Intan Hidayat,intan.hidayat.2203@example.com,M,2024-03-01,Jl. Veteran No. 200,Makassar,Sulawesi Selatan
CUST02204,Rafi Wijaya,rafi.wijaya.2204@example.com,F,2024-02-22,Jl. Gajah Mada No. 7,Bantul,DI Yogyakarta
CUST02205,Dimas Nugroho,dimas.nugroho.2205@example.com,M,2024-05-29,Jl. Melati No. 19,Samarinda,Kalimantan Timur
CUST02206,Intan Wijaya,intan.wijaya.2206@example.com,M,2024-02-02,Jl. Pemuda No. 3,Balikpapan,Kalimantan Timur
CUST02207,Fajar Hidayat,fajar.hidayat.2207@example.com,F,2024-11-01,Jl. Gajah Mada No. 41,Surabaya,Jawa Timur
CUST02208,Nabila Kurniawan,nabila.kurniawan.2208@example.com,M,2024-06-30,Jl. Kenanga No. 16,Semarang,Jawa Tengah
CUST02209,Bima Hidayat,bima.hidayat.2209@example.com,M,2024-10-31,Jl. Pemuda No. 50,Palembang,Sumatera Selatan
CUST02210,Fajar Kurniawan,fajar.kurniawan.2210@example.com,F,2024-02-08,Jl. Melati No. 180,Denpasar,Bali
CUST02211,Rina Pratama,rina.pratama.2211@example.com,F,2024-04-04,Jl. Melati No. 23,Samarinda,Kalimantan Timur
CUST02212,Siti Kurniawan,siti.kurniawan.2212@example.com,M,2024-02-26,Jl. Kenanga No. 137,Makassar,Sulawesi Selatan
CUST02213,Ilham Saputra,ilham.saputra.2213@example.com,F,2024-10-10,Jl. Pemuda No. 206,Medan,Sumatera Utara
CUST02214,Rizky Syahputra,rizky.syahputra.2214@example.com,F,2024-09-19,Jl. Kenanga No. 59,Malang,Jawa Timur
CUST02215,Fajar Rahmawati,fajar.rahmawati.2215@example.com,F,2024-04-28,Jl. Pemuda No. 201,Jakarta,DKI Jakarta
CUST02216,Dimas Wijaya,dimas.wijaya.2216@example.com,F,2024-06-08,Jl. Sudirman No. 138,Malang,Jawa Timur
CUST02217,Tiara Anggraini,tiara.anggraini.2217@example.com,M,2024-10-11,Jl. Veteran No. 44,Medan,Sumatera Utara
CUST02218,Rizky Hakim,rizky.hakim.2218@example.com,F,2024-06-04,Jl. Merdeka No. 70,Jakarta,DKI Jakarta
CUST02219,Galih Firmansyah,galih.firmansyah.2219@example.com,M,2024-06-09,Jl. Gajah Mada No. 192,Bogor,Jawa Barat
CUST02220,Yoga Syahputra,yoga.syahputra.2220@example.com,M,2024-02-03,Jl. Kenanga No. 199,Surakarta,Jawa Tengah
CUST02221,Adit Santoso,adit.santoso.2221@example.com,F,2024-09-23,Jl. Pemuda No. 57,Makassar,Sulawesi Selatan
CUST02222,Bayu Hakim,bayu.hakim.2222@example.com,M,2024-02-19,Jl. Gajah Mada No. 115,Semarang,Jawa Tengah
CUST02223,Raka Saputra,raka.saputra.2223@example.com,M,2024-04-20,Jl. Gajah Mada No. 111,Surabaya,Jawa Timur
CUST02224,Nabila Wijaya,nabila.wijaya.2224@example.com,M,2024-08-14,Jl. Kenanga No. 236,Surabaya,Jawa Timur
CUST02225,Tiara Kurniawan,tiara.kurniawan.2225@example.com,M,2024-12-04,Jl. Veteran No. 53,Surakarta,Jawa Tengah
CUST02226,Rafi Pratama,rafi.pratama.2226@example.com,F,2024-12-18,Jl. Melati No. 112,Jakarta,DKI Jakarta
CUST02227,Farah Wijaya,farah.wijaya.2227@example.com,F,2024-08-09,Jl. Melati No. 55,Pontianak,Kalimantan Barat
CUST02228,Maya Wijaya,maya.wijaya.2228@example.com,F,2024-03-30,Jl. Pemuda No. 99,Semarang,Jawa Tengah
CUST02229,Galih Syahputra,galih.syahputra.2229@example.com,M,2024-12-16,Jl. Merdeka No. 115,Makassar,Sulawesi Selatan
CUST02230,Arif Maulana,arif.maulana.2230@example.com,F,2024-12-21,Jl. Sudirman No. 233,Medan,Sumatera Utara
CUST02231,Dimas Setiawan,dimas.setiawan.2231@example.com,F,2024-02-05,Jl. Melati No. 249,Palembang,Sumatera Selatan
CUST02232,Rizky Pratama,rizky.pratama.2232@example.com,M,2024-08-12,Jl. Kenanga No. 179,Pontianak,Kalimantan Barat
CUST02233,Naufal Rahmawati,naufal.rahmawati.2233@example.com,M,2024-06-23,Jl. Veteran No. 207,Tangerang,Banten
CUST02234,Adit Pratama,adit.pratama.2234@example.com,F,2024-10-01,Jl. Merdeka No. 41,Bekasi,Jawa Barat
CUST02235,Bagas Syahputra,bagas.syahputra.2235@example.com,F,2024-08-04,Jl. Gajah Mada No. 223,Jakarta,DKI Jakarta
CUST02236,Ahmad Ramadhan,ahmad.ramadhan.2236@example.com,M,2024-05-23,Jl. Pemuda No. 167,Bandung,Jawa Barat
CUST02237,Raka Pratama,raka.pratama.2237@example.com,M,2024-05-17,Jl. Veteran No. 199,Sleman,DI Yogyakarta
CUST02238,Andi Saputra,andi.saputra.2238@example.com,M,2024-07-16,Jl. Gajah Mada No. 121,Bekasi,Jawa Barat
CUST02239,Reza Maulana,reza.maulana.2239@example.com,F,2024-10-19,Jl. Melati No. 102,Yogyakarta,DI Yogyakarta
CUST02240,Fajar Hakim,fajar.hakim.2240@example.com,F,2024-12-17,Jl. Kenanga No. 177,Medan,Sumatera Utara
CUST02241,Bagas Santoso,bagas.santoso.2241@example.com,M,2024-07-31,Jl. Gajah Mada No. 140,Makassar,Sulawesi Selatan
CUST02242,Bima Firmansyah,bima.firmansyah.2242@example.com,M,2024-09-25,Jl. Sudirman No. 119,Pontianak,Kalimantan Barat
CUST02243,Nabila Permana,nabila.permana.2243@example.com,F,2024-11-18,Jl. Diponegoro No. 45,Sleman,DI Yogyakarta
CUST02244,Hendra Hidayat,hendra.hidayat.2244@example.com,M,2024-06-06,Jl. Gajah Mada No. 208,Malang,Jawa Timur
CUST02245,Intan Firmansyah,intan.firmansyah.2245@example.com,M,2024-07-24,Jl. Kenanga No. 134,Surabaya,Jawa Timur
CUST02246,Intan Santoso,intan.santoso.2246@example.com,F,2024-01-16,Jl. Diponegoro No. 120,Jakarta,DKI Jakarta
CUST02247,Bima Hakim,bima.hakim.2247@example.com,F,2024-10-21,Jl. Melati No. 168,Samarinda,Kalimantan Timur
CUST02248,Maya Kurniawan,maya.kurniawan.2248@example.com,M,2024-12-19,Jl. Veteran No. 9,Denpasar,Bali
CUST02249,Andi Firmansyah,andi.firmansyah.2249@example.com,F,2024-09-15,Jl. Melati No. 16,Bogor,Jawa Barat
CUST02250,Farah Hakim,farah.hakim.2250@example.com,F,2024-02-13,Jl. Merdeka No. 99,Surabaya,Jawa Timur
CUST02251,Intan Ramadhan,intan.ramadhan.2251@example.com,M,2024-01-16,Jl. Veteran No. 191,Malang,Jawa Timur
CUST02252,Arif Ramadhan,arif.ramadhan.2252@example.com,M,2024-06-19,Jl. Merdeka No. 122,Jakarta,DKI Jakarta
CUST02253,Intan Permana,intan.permana.2253@example.com,F,2024-02-16,Jl. Diponegoro No. 139,Sleman,DI Yogyakarta
CUST02254,Farah Maulana,farah.maulana.2254@example.com,F,2024-08-03,Jl. Veteran No. 134,Pontianak,Kalimantan Barat
CUST02255,Adit Kurniawan,adit.kurniawan.2255@example.com,M,2024-01-21,Jl. Kenanga No. 84,Yogyakarta,DI Yogyakarta
CUST02256,Raka Maulana,raka.maulana.2256@example.com,M,2024-04-22,Jl. Gajah Mada No. 83,Tangerang,Banten
CUST02257,Tiara Nugroho,tiara.nugroho.2257@example.com,F,2024-04-15,Jl. Diponegoro No. 55,Surabaya,Jawa Timur
CUST02258,Tiara Hakim,tiara.hakim.2258@example.com,F,2024-10-10,Jl. Melati No. 245,Yogyakarta,DI Yogyakarta
CUST02259,Farah Pratama,farah.pratama.2259@example.com,F,2024-04-19,Jl. Kenanga No. 96,Palembang,Sumatera Selatan
CUST02260,Maya Santoso,maya.santoso.2260@example.com,M,2024-01-29,Jl. Pemuda No. 71,Samarinda,Kalimantan Timur
CUST02261,Nadia Rahmawati,nadia.rahmawati.2261@example.com,M,2024-11-12,Jl. Gajah Mada No. 172,Depok,Jawa Barat
CUST02262,Fajar Utami,fajar.utami.2262@example.com,M,2024-08-06,Jl. Pemuda No. 142,Pontianak,Kalimantan Barat
CUST02263,Galih Lestari,galih.lestari.2263@example.com,M,2024-10-28,Jl. Merdeka No. 144,Balikpapan,Kalimantan Timur
CUST02264,Nadia Hakim,nadia.hakim.2264@example.com,M,2024-11-22,Jl. Gajah Mada No. 2,Bekasi,Jawa Barat
CUST02265,Adit Setiawan,adit.setiawan.2265@example.com,F,2024-08-28,Jl. Gajah Mada No. 240,Bantul,DI Yogyakarta
CUST02266,Galih Lestari,galih.lestari.2266@example.com,M,2024-01-11,Jl. Merdeka No. 69,Samarinda,Kalimantan Timur
CUST02267,Ilham Santoso,ilham.santoso.2267@example.com,F,2024-09-17,Jl. Merdeka No. 140,Pontianak,Kalimantan Barat
CUST02268,Aisyah Hakim,aisyah.hakim.2268@example.com,F,2024-09-28,Jl. Merdeka No. 248,Samarinda,Kalimantan Timur
CUST02269,Yoga Kurniawan,yoga.kurniawan.2269@example.com,F,2024-11-26,Jl. Melati No. 21,Depok,Jawa Barat
CUST02270,Ahmad Firmansyah,ahmad.firmansyah.2270@example.com,M,2024-07-20,Jl. Kenanga No. 48,Pontianak,Kalimantan Barat
CUST02271,Bayu Setiawan,bayu.setiawan.2271@example.com,F,2024-11-08,Jl. Melati No. 38,Jakarta,DKI Jakarta
CUST02272,Aisyah Lestari,aisyah.lestari.2272@example.com,M,2024-07-06,Jl. Diponegoro No. 20,Tangerang,Banten
CUST02273,Raka Permana,raka.permana.2273@example.com,M,2024-04-19,Jl. Kenanga No. 213,Bogor,Jawa Barat
CUST02274,Nabila Santoso,nabila.santoso.2274@example.com,F,2024-09-15,Jl. Sudirman No. 156,Bantul,DI Yogyakarta
CUST02275,Rafi Wijaya,rafi.wijaya.2275@example.com,M,2024-07-18,Jl. Veteran No. 246,Sleman,DI Yogyakarta
CUST02276,Rafi Wulandari,rafi.wulandari.2276@example.com,F,2024-04-20,Jl. Gajah Mada No. 87,Jakarta,DKI Jakarta
CUST02277,Bagas Maulana,bagas.maulana.2277@example.com,F,2024-02-22,Jl. Pemuda No. 127,Samarinda,Kalimantan Timur
CUST02278,Intan Wijaya,intan.wijaya.2278@example.com,M,2024-03-16,Jl. Pemuda No. 118,Palembang,Sumatera Selatan
CUST02279,Dimas Wijaya,dimas.wijaya.2279@example.com,F,2024-03-08,Jl. Sudirman No. 148,Sleman,DI Yogyakarta
CUST02280,Rizky Ramadhan,rizky.ramadhan.2280@example.com,M,2024-06-29,Jl. Sudirman No. 191,Yogyakarta,DI Yogyakarta
CUST02281,Putri Wijaya,putri.wijaya.2281@example.com,M,2024-12-28,Jl. Pemuda No. 7,Bekasi,Jawa Barat
CUST02282,Ilham Ramadhan,ilham.ramadhan.2282@example.com,M,2024-07-24,Jl. Merdeka No. 134,Tangerang,Banten
CUST02283,Maya Maulana,maya.maulana.2283@example.com,M,2024-07-10,Jl. Kenanga No. 197,Samarinda,Kalimantan Timur
CUST02284,Nabila Kurniawan,nabila.kurniawan.2284@example.com,F,2024-06-05,Jl. Merdeka No. 28,Bantul,DI Yogyakarta
CUST02285,Arif Maulana,arif.maulana.2285@example.com,F,2024-04-01,Jl. Sudirman No. 47,Bantul,DI Yogyakarta
CUST02286,Raka Wulandari,raka.wulandari.2286@example.com,F,2024-02-08,Jl. Kenanga No. 121,Semarang,Jawa Tengah
CUST02287,Rizky Kurniawan,rizky.kurniawan.2287@example.com,F,2024-03-04,Jl. Kenanga No. 84,Yogyakarta,DI Yogyakarta
CUST02288,Maya Saputra,maya.saputra.2288@example.com,F,2024-11-11,Jl. Kenanga No. 104,Surakarta,Jawa Tengah
CUST02289,Putri Hidayat,putri.hidayat.2289@example.com,F,2024-04-14,Jl. Gajah Mada No. 104,Sleman,DI Yogyakarta
CUST02290,Maya Hakim,maya.hakim.2290@example.com,M,2024-01-30,Jl. Melati No. 77,Semarang,Jawa Tengah
CUST02291,Bima Kurniawan,bima.kurniawan.2291@example.com,F,2024-05-20,Jl. Veteran No. 172,Bekasi,Jawa Barat
CUST02292,Reza Maulana,reza.maulana.2292@example.com,F,2024-09-22,Jl. Pemuda No. 101,Medan,Sumatera Utara
CUST02293,Ilham Wulandari,ilham.wulandari.2293@example.com,F,2024-10-24,Jl. Veteran No. 212,Balikpapan,Kalimantan Timur
CUST02294,Dewi Firmansyah,dewi.firmansyah.2294@example.com,M,2024-03-27,Jl. Gajah Mada No. 209,Bandung,Jawa Barat
CUST02295,Rizky Utami,rizky.utami.2295@example.com,F,2024-08-20,Jl. Gajah Mada No. 106,Pontianak,Kalimantan Barat
CUST02296,Dimas Utami,dimas.utami.2296@example.com,F,2024-06-12,Jl. Kenanga No. 131,Yogyakarta,DI Yogyakarta
CUST02297,Fajar Nugroho,fajar.nugroho.2297@example.com,M,2024-10-28,Jl. Sudirman No. 203,Palembang,Sumatera Selatan
CUST02298,Hendra Utami,hendra.utami.2298@example.com,M,2024-09-19,Jl. Gajah Mada No. 160,Medan,Sumatera Utara
CUST02299,Galih Rahmawati,galih.rahmawati.2299@example.com,M,2024-04-22,Jl. Sudirman No. 171,Palembang,Sumatera Selatan
CUST02300,Rina Lestari,rina.lestari.2300@example.com,F,2024-10-13,Jl. Sudirman No. 82,Depok,Jawa Barat
CUST02301,Nadia Permana,nadia.permana.2301@example.com,M,2024-10-03,Jl. Diponegoro No. 245,Tangerang,Banten
CUST02302,Farah Setiawan,farah.setiawan.2302@example.com,F,2024-12-09,Jl. Pemuda No. 185,Yogyakarta,DI Yogyakarta
CUST02303,Yoga Utami,yoga.utami.2303@example.com,F,2024-12-07,Jl. Diponegoro No. 237,Surakarta,Jawa Tengah
CUST02304,Raka Rahmawati,raka.rahmawati.2304@example.com,M,2024-10-10,Jl. Diponegoro No. 236,Depok,Jawa Barat
CUST02305,Siti Santoso,siti.santoso.2305@example.com,F,2024-02-20,Jl. Pemuda No. 134,Samarinda,Kalimantan Timur
CUST02306,Yoga Puspitasari,yoga.puspitasari.2306@example.com,M,2024-11-26,Jl. Merdeka No. 128,Denpasar,Bali
CUST02307,Adit Pratama,adit.pratama.2307@example.com,F,2024-02-03,Jl. Merdeka No. 24,Denpasar,Bali
CUST02308,Fajar Puspitasari,fajar.puspitasari.2308@example.com,M,2024-02-17,Jl. Veteran No. 19,Depok,Jawa Barat
CUST02309,Dimas Rahmawati,dimas.rahmawati.2309@example.com,F,2024-01-26,Jl. Gajah Mada No. 101,Yogyakarta,DI Yogyakarta
CUST02310,Bayu Firmansyah,bayu.firmansyah.2310@example.com,F,2024-09-27,Jl. Melati No. 173,Depok,Jawa Barat
CUST02311,Bima Rahmawati,bima.rahmawati.2311@example.com,M,2024-08-19,Jl. Melati No. 207,Bekasi,Jawa Barat
CUST02312,Dimas Utami,dimas.utami.2312@example.com,F,2024-02-20,Jl. Melati No. 205,Medan,Sumatera Utara
CUST02313,Bagas Pratama,bagas.pratama.2313@example.com,F,2024-09-09,Jl. Diponegoro No. 15,Yogyakarta,DI Yogyakarta
CUST02314,Rizky Puspitasari,rizky.puspitasari.2314@example.com,F,2024-07-26,Jl. Sudirman No. 75,Sleman,DI Yogyakarta
CUST02315,Raka Firmansyah,raka.firmansyah.2315@example.com,M,2024-11-18,Jl. Pemuda No. 115,Tangerang,Banten
CUST02316,Bayu Wijaya,bayu.wijaya.2316@example.com,F,2024-08-21,Jl. Merdeka No. 241,Depok,Jawa Barat
CUST02317,Bima Permana,bima.permana.2317@example.com,M,2024-01-18,Jl. Merdeka No. 172,Makassar,Sulawesi Selatan
CUST02318,Naufal Utami,naufal.utami.2318@example.com,M,2024-07-08,Jl. Veteran No. 73,Semarang,Jawa Tengah
CUST02319,Hendra Maulana,hendra.maulana.2319@example.com,M,2024-12-21,Jl. Diponegoro No. 17,Bantul,DI Yogyakarta
CUST02320,Raka Hidayat,raka.hidayat.2320@example.com,F,2024-01-11,Jl. Kenanga No. 55,Pontianak,Kalimantan Barat
CUST02321,Intan Permana,intan.permana.2321@example.com,M,2024-07-06,Jl. Veteran No. 104,Medan,Sumatera Utara
CUST02322,Dewi Kurniawan,dewi.kurniawan.2322@example.com,F,2024-04-17,Jl. Melati No. 112,Sleman,DI Yogyakarta
CUST02323,Aulia Permana,aulia.permana.2323@example.com,M,2024-06-24,Jl. Merdeka No. 11,Makassar,Sulawesi Selatan
CUST02324,Galih Rahmawati,galih.rahmawati.2324@example.com,F,2024-03-06,Jl. Diponegoro No. 193,Yogyakarta,DI Yogyakarta
CUST02325,Siti Rahmawati,siti.rahmawati.2325@example.com,F,2024-11-16,Jl. Sudirman No. 224,Depok,Jawa Barat
CUST02326,Maya Santoso,maya.santoso.2326@example.com,F,2024-05-19,Jl. Gajah Mada No. 138,Bogor,Jawa Barat
CUST02327,Tiara Hidayat,tiara.hidayat.2327@example.com,F,2024-12-29,Jl. Gajah Mada No. 97,Makassar,Sulawesi Selatan
CUST02328,Rafi Hakim,rafi.hakim.2328@example.com,F,2024-01-26,Jl. Gajah Mada No. 122,Palembang,Sumatera Selatan
CUST02329,Intan Ramadhan,intan.ramadhan.2329@example.com,F,2024-12-29,Jl. Pemuda No. 234,Malang,Jawa Timur
CUST02330,Aisyah Permana,aisyah.permana.2330@example.com,M,2024-06-05,Jl. Diponegoro No. 115,Palembang,Sumatera Selatan
CUST02331,Arif Syahputra,arif.syahputra.2331@example.com,M,2024-04-07,Jl. Kenanga No. 12,Bogor,Jawa Barat
CUST02332,Farah Kurniawan,farah.kurniawan.2332@example.com,M,2024-01-07,Jl. Melati No. 88,Bogor,Jawa Barat
CUST02333,Yoga Syahputra,yoga.syahputra.2333@example.com,F,2024-07-05,Jl. Melati No. 156,Denpasar,Bali
CUST02334,Rina Nugroho,rina.nugroho.2334@example.com,F,2024-10-01,Jl. Merdeka No. 159,Bandung,Jawa Barat
CUST02335,Rafi Wijaya,rafi.wijaya.2335@example.com,M,2024-11-06,Jl. Sudirman No. 97,Bantul,DI Yogyakarta
CUST02336,Rafi Firmansyah,rafi.firmansyah.2336@example.com,M,2024-06-08,Jl. Sudirman No. 37,Pontianak,Kalimantan Barat
CUST02337,Siti Wulandari,siti.wulandari.2337@example.com,F,2024-02-16,Jl. Diponegoro No. 28,Malang,Jawa Timur
CUST02338,Bayu Anggraini,bayu.anggraini.2338@example.com,F,2024-07-08,Jl. Veteran No. 172,Samarinda,Kalimantan Timur
CUST02339,Maya Setiawan,maya.setiawan.2339@example.com,F,2024-06-19,Jl. Melati No. 229,Pontianak,Kalimantan Barat
CUST02340,Farah Rahmawati,farah.rahmawati.2340@example.com,M,2024-11-12,Jl. Melati No. 87,Malang,Jawa Timur
CUST02341,Rafi Saputra,rafi.saputra.2341@example.com,M,2024-03-21,Jl. Gajah Mada No. 80,Depok,Jawa Barat
CUST02342,Galih Wulandari,galih.wulandari.2342@example.com,M,2024-07-16,Jl. Melati No. 56,Depok,Jawa Barat
CUST02343,Nabila Permana,nabila.permana.2343@example.com,F,2024-07-03,Jl. Merdeka No. 175,Tangerang,Banten
CUST02344,Bagas Kurniawan,bagas.kurniawan.2344@example.com,F,2024-02-29,Jl. Diponegoro No. 50,Surabaya,Jawa Timur
CUST02345,Galih Wijaya,galih.wijaya.2345@example.com,M,2024-04-19,Jl. Kenanga No. 153,Sleman,DI Yogyakarta
CUST02346,Andi Hidayat,andi.hidayat.2346@example.com,F,2024-08-15,Jl. Diponegoro No. 181,Balikpapan,Kalimantan Timur
CUST02347,Hendra Wijaya,hendra.wijaya.2347@example.com,M,2024-07-04,Jl. Sudirman No. 115,Semarang,Jawa Tengah
CUST02348,Bima Firmansyah,bima.firmansyah.2348@example.com,F,2024-05-24,Jl. Pemuda No. 239,Surakarta,Jawa Tengah
CUST02349,Naufal Firmansyah,naufal.firmansyah.2349@example.com,F,2024-05-21,Jl. Veteran No. 93,Surabaya,Jawa Timur
CUST02350,Rina Syahputra,rina.syahputra.2350@example.com,F,2024-06-02,Jl. Veteran No. 76,Bandung,Jawa Barat
CUST02351,Putri Hidayat,putri.hidayat.2351@example.com,F,2024-11-23,Jl. Melati No. 22,Pontianak,Kalimantan Barat
CUST02352,Rizky Pratama,rizky.pratama.2352@example.com,M,2024-10-21,Jl. Merdeka No. 141,Palembang,Sumatera Selatan
CUST02353,Nadia Hidayat,nadia.hidayat.2353@example.com,F,2024-11-24,Jl. Veteran No. 130,Semarang,Jawa Tengah
CUST02354,Dewi Pratama,dewi.pratama.2354@example.com,M,2024-11-26,Jl. Sudirman No. 117,Bantul,DI Yogyakarta
CUST02355,Ahmad Ramadhan,ahmad.ramadhan.2355@example.com,M,2024-09-07,Jl. Veteran No. 204,Jakarta,DKI Jakarta
CUST02356,Dimas Syahputra,dimas.syahputra.2356@example.com,F,2024-12-24,Jl. Kenanga No. 135,Surabaya,Jawa Timur
CUST02357,Hendra Permana,hendra.permana.2357@example.com,M,2024-10-05,Jl. Melati No. 57,Jakarta,DKI Jakarta
CUST02358,Aulia Syahputra,aulia.syahputra.2358@example.com,M,2024-04-15,Jl. Sudirman No. 25,Bandung,Jawa Barat
CUST02359,Bima Setiawan,bima.setiawan.2359@example.com,F,2024-01-27,Jl. Sudirman No. 179,Balikpapan,Kalimantan Timur
CUST02360,Tiara Maulana,tiara.maulana.2360@example.com,F,2024-12-06,Jl. Merdeka No. 61,Bandung,Jawa Barat
CUST02361,Bima Nugroho,bima.nugroho.2361@example.com,M,2024-07-26,Jl. Sudirman No. 202,Yogyakarta,DI Yogyakarta
CUST02362,Arif Lestari,arif.lestari.2362@example.com,F,2024-05-30,Jl. Gajah Mada No. 112,Balikpapan,Kalimantan Timur
CUST02363,Aisyah Rahmawati,aisyah.rahmawati.2363@example.com,F,2024-01-04,Jl. Pemuda No. 86,Sleman,DI Yogyakarta
CUST02364,Raka Rahmawati,raka.rahmawati.2364@example.com,M,2024-07-18,Jl. Pemuda No. 234,Depok,Jawa Barat
CUST02365,Farah Rahmawati,farah.rahmawati.2365@example.com,F,2024-02-29,Jl. Veteran No. 28,Jakarta,DKI Jakarta
CUST02366,Reza Hakim,reza.hakim.2366@example.com,F,2024-05-06,Jl. Merdeka No. 213,Bogor,Jawa Barat
CUST02367,Dimas Permana,dimas.permana.2367@example.com,M,2024-02-20,Jl. Sudirman No. 122,Medan,Sumatera Utara
CUST02368,Rina Wijaya,rina.wijaya.2368@example.com,F,2024-12-14,Jl. Veteran No. 136,Jakarta,DKI Jakarta
CUST02369,Ilham Lestari,ilham.lestari.2369@example.com,M,2024-06-04,Jl. Gajah Mada No. 214,Yogyakarta,DI Yogyakarta
CUST02370,Bagas Utami,bagas.utami.2370@example.com,F,2024-06-23,Jl. Diponegoro No. 129,Jakarta,DKI Jakarta
CUST02371,Tiara Wulandari,tiara.wulandari.2371@example.com,F,2024-08-08,Jl. Kenanga No. 46,Tangerang,Banten
CUST02372,Nabila Utami,nabila.utami.2372@example.com,M,2024-08-20,Jl. Merdeka No. 13,Depok,Jawa Barat
CUST02373,Galih Ramadhan,galih.ramadhan.2373@example.com,M,2024-03-03,Jl. Melati No. 227,Bekasi,Jawa Barat
CUST02374,Bayu Rahmawati,bayu.rahmawati.2374@example.com,F,2024-01-12,Jl. Veteran No. 223,Malang,Jawa Timur
CUST02375,Putri Wijaya,putri.wijaya.2375@example.com,F,2024-09-24,Jl. Sudirman No. 80,Malang,Jawa Timur
CUST02376,Yoga Kurniawan,yoga.kurniawan.2376@example.com,F,2024-02-06,Jl. Veteran No. 98,Pontianak,Kalimantan Barat
CUST02377,Putri Setiawan,putri.setiawan.2377@example.com,F,2024-12-30,Jl. Gajah Mada No. 143,Bandung,Jawa Barat
CUST02378,Bima Permana,bima.permana.2378@example.com,M,2024-12-29,Jl. Kenanga No. 233,Tangerang,Banten
CUST02379,Andi Kurniawan,andi.kurniawan.2379@example.com,F,2024-10-07,Jl. Melati No. 49,Bogor,Jawa Barat
CUST02380,Rafi Nugroho,rafi.nugroho.2380@example.com,M,2024-04-18,Jl. Kenanga No. 250,Malang,Jawa Timur
CUST02381,Intan Permana,intan.permana.2381@example.com,M,2024-03-30,Jl. Veteran No. 150,Balikpapan,Kalimantan Timur
CUST02382,Hendra Anggraini,hendra.anggraini.2382@example.com,F,2024-10-20,Jl. Sudirman No. 19,Surabaya,Jawa Timur
CUST02383,Aisyah Setiawan,aisyah.setiawan.2383@example.com,M,2024-04-20,Jl. Gajah Mada No. 32,Tangerang,Banten
CUST02384,Intan Rahmawati,intan.rahmawati.2384@example.com,F,2024-11-19,Jl. Gajah Mada No. 31,Denpasar,Bali
CUST02385,Aulia Lestari,aulia.lestari.2385@example.com,M,2024-11-03,Jl. Pemuda No. 137,Samarinda,Kalimantan Timur
CUST02386,Tiara Setiawan,tiara.setiawan.2386@example.com,F,2024-11-07,Jl. Diponegoro No. 39,Malang,Jawa Timur
CUST02387,Naufal Pratama,naufal.pratama.2387@example.com,F,2024-05-27,Jl. Veteran No. 59,Bogor,Jawa Barat
CUST02388,Reza Firmansyah,reza.firmansyah.2388@example.com,M,2024-10-26,Jl. Diponegoro No. 244,Surabaya,Jawa Timur
CUST02389,Arif Lestari,arif.lestari.2389@example.com,F,2024-07-21,Jl. Diponegoro No. 172,Denpasar,Bali
CUST02390,Galih Saputra,galih.saputra.2390@example.com,M,2024-01-10,Jl. Sudirman No. 158,Bantul,DI Yogyakarta
CUST02391,Dimas Hakim,dimas.hakim.2391@example.com,M,2024-01-14,Jl. Veteran No. 62,Balikpapan,Kalimantan Timur
CUST02392,Farah Syahputra,farah.syahputra.2392@example.com,M,2024-06-19,Jl. Kenanga No. 104,Samarinda,Kalimantan Timur
CUST02393,Ahmad Wulandari,ahmad.wulandari.2393@example.com,M,2024-09-30,Jl. Kenanga No. 29,Depok,Jawa Barat
CUST02394,Rina Lestari,rina.lestari.2394@example.com,F,2024-06-26,Jl. Diponegoro No. 33,Malang,Jawa Timur
CUST02395,Bima Maulana,bima.maulana.2395@example.com,M,2024-01-29,Jl. Diponegoro No. 48,Palembang,Sumatera Selatan
CUST02396,Tiara Anggraini,tiara.anggraini.2396@example.com,F,2024-01-15,Jl. Veteran No. 33,Surakarta,Jawa Tengah
CUST02397,Naufal Nugroho,naufal.nugroho.2397@example.com,F,2024-11-29,Jl. Veteran No. 197,Jakarta,DKI Jakarta
CUST02398,Bayu Setiawan,bayu.setiawan.2398@example.com,F,2024-02-23,Jl. Diponegoro No. 136,Malang,Jawa Timur
CUST02399,Siti Pratama,siti.pratama.2399@example.com,F,2024-07-18,Jl. Diponegoro No. 230,Depok,Jawa Barat
CUST02400,Rafi Puspitasari,rafi.puspitasari.2400@example.com,F,2024-03-28,Jl. Merdeka No. 136,Pontianak,Kalimantan Barat
CUST02401,Bayu Hakim,bayu.hakim.2401@example.com,M,2024-01-31,Jl. Sudirman No. 235,Bantul,DI Yogyakarta
CUST02402,Farah Permana,farah.permana.2402@example.com,M,2024-09-05,Jl. Gajah Mada No. 54,Samarinda,Kalimantan Timur
CUST02403,Raka Puspitasari,raka.puspitasari.2403@example.com,M,2024-11-22,Jl. Pemuda No. 75,Depok,Jawa Barat
CUST02404,Bima Ramadhan,bima.ramadhan.2404@example.com,M,2024-06-14,Jl. Diponegoro No. 121,Bantul,DI Yogyakarta
CUST02405,Siti Firmansyah,siti.firmansyah.2405@example.com,M,2024-03-20,Jl. Diponegoro No. 71,Bantul,DI Yogyakarta
CUST02406,Reza Maulana,reza.maulana.2406@example.com,F,2024-11-10,Jl. Sudirman No. 50,Tangerang,Banten
CUST02407,Ilham Santoso,ilham.santoso.2407@example.com,M,2024-05-26,Jl. Merdeka No. 10,Sleman,DI Yogyakarta
CUST02408,Andi Maulana,andi.maulana.2408@example.com,F,2024-09-29,Jl. Diponegoro No. 148,Bekasi,Jawa Barat
CUST02409,Galih Wijaya,galih.wijaya.2409@example.com,F,2024-09-14,Jl. Veteran No. 179,Balikpapan,Kalimantan Timur
CUST02410,Farah Permana,farah.permana.2410@example.com,F,2024-02-09,Jl. Melati No. 66,Bogor,Jawa Barat
CUST02411,Aisyah Saputra,aisyah.saputra.2411@example.com,F,2024-12-20,Jl. Gajah Mada No. 21,Bantul,DI Yogyakarta
CUST02412,Dimas Setiawan,dimas.setiawan.2412@example.com,M,2024-04-09,Jl. Merdeka No. 189,Surakarta,Jawa Tengah
CUST02413,Aisyah Maulana,aisyah.maulana.2413@example.com,F,2024-12-18,Jl. Pemuda No. 113,Bantul,DI Yogyakarta
CUST02414,Ilham Wijaya,ilham.wijaya.2414@example.com,F,2024-01-19,Jl. Merdeka No. 179,Malang,Jawa Timur
CUST02415,Dimas Hakim,dimas.hakim.2415@example.com,M,2024-01-27,Jl. Merdeka No. 207,Balikpapan,Kalimantan Timur
CUST02416,Andi Ramadhan,andi.ramadhan.2416@example.com,M,2024-11-18,Jl. Veteran No. 69,Jakarta,DKI Jakarta
CUST02417,Yoga Setiawan,yoga.setiawan.2417@example.com,M,2024-04-06,Jl. Kenanga No. 233,Surabaya,Jawa Timur
CUST02418,Raka Setiawan,raka.setiawan.2418@example.com,M,2024-12-05,Jl. Veteran No. 100,Depok,Jawa Barat
CUST02419,Raka Hakim,raka.hakim.2419@example.com,F,2024-12-20,Jl. Gajah Mada No. 203,Makassar,Sulawesi Selatan
CUST02420,Bima Hidayat,bima.hidayat.2420@example.com,F,2024-09-17,Jl. Diponegoro No. 207,Jakarta,DKI Jakarta
CUST02421,Aulia Nugroho,aulia.nugroho.2421@example.com,F,2024-05-28,Jl. Sudirman No. 157,Palembang,Sumatera Selatan
CUST02422,Adit Anggraini,adit.anggraini.2422@example.com,F,2024-07-11,Jl. Melati No. 72,Samarinda,Kalimantan Timur
CUST02423,Rizky Hakim,rizky.hakim.2423@example.com,F,2024-06-01,Jl. Veteran No. 29,Yogyakarta,DI Yogyakarta
CUST02424,Reza Saputra,reza.saputra.2424@example.com,F,2024-07-25,Jl. Kenanga No. 102,Sleman,DI Yogyakarta
CUST02425,Ahmad Firmansyah,ahmad.firmansyah.2425@example.com,M,2024-01-28,Jl. Merdeka No. 66,Jakarta,DKI Jakarta
CUST02426,Arif Syahputra,arif.syahputra.2426@example.com,M,2024-07-02,Jl. Sudirman No. 59,Bogor,Jawa Barat
CUST02427,Rina Lestari,rina.lestari.2427@example.com,M,2024-06-10,Jl. Gajah Mada No. 186,Semarang,Jawa Tengah
CUST02428,Aisyah Kurniawan,aisyah.kurniawan.2428@example.com,M,2024-03-29,Jl. Kenanga No. 85,Pontianak,Kalimantan Barat
CUST02429,Farah Setiawan,farah.setiawan.2429@example.com,M,2024-06-25,Jl. Pemuda No. 15,Yogyakarta,DI Yogyakarta
CUST02430,Farah Ramadhan,farah.ramadhan.2430@example.com,M,2024-04-29,Jl. Pemuda No. 141,Surabaya,Jawa Timur
CUST02431,Bagas Saputra,bagas.saputra.2431@example.com,F,2024-07-19,Jl. Melati No. 219,Palembang,Sumatera Selatan
CUST02432,Tiara Setiawan,tiara.setiawan.2432@example.com,M,2024-09-16,Jl. Pemuda No. 236,Tangerang,Banten
CUST02433,Dewi Lestari,dewi.lestari.2433@example.com,F,2024-02-20,Jl. Melati No. 217,Yogyakarta,DI Yogyakarta
CUST02434,Putri Nugroho,putri.nugroho.2434@example.com,M,2024-07-11,Jl. Merdeka No. 11,Bekasi,Jawa Barat
CUST02435,Rina Anggraini,rina.anggraini.2435@example.com,F,2024-03-28,Jl. Veteran No. 13,Palembang,Sumatera Selatan
CUST02436,Rizky Rahmawati,rizky.rahmawati.2436@example.com,F,2024-10-03,Jl. Melati No. 87,Bogor,Jawa Barat
CUST02437,Maya Saputra,maya.saputra.2437@example.com,F,2024-10-02,Jl. Sudirman No. 203,Bekasi,Jawa Barat
CUST02438,Dimas Puspitasari,dimas.puspitasari.2438@example.com,F,2024-01-20,Jl. Sudirman No. 34,Surakarta,Jawa Tengah
CUST02439,Arif Lestari,arif.lestari.2439@example.com,M,2024-03-31,Jl. Veteran No. 52,Palembang,Sumatera Selatan
CUST02440,Yoga Permana,yoga.permana.2440@example.com,M,2024-01-14,Jl. Gajah Mada No. 85,Malang,Jawa Timur
CUST02441,Aisyah Utami,aisyah.utami.2441@example.com,M,2024-03-22,Jl. Kenanga No. 163,Surabaya,Jawa Timur
CUST02442,Aisyah Saputra,aisyah.saputra.2442@example.com,M,2024-10-15,Jl. Pemuda No. 129,Samarinda,Kalimantan Timur
CUST02443,Aulia Santoso,aulia.santoso.2443@example.com,F,2024-08-26,Jl. Sudirman No. 61,Denpasar,Bali
CUST02444,Arif Puspitasari,arif.puspitasari.2444@example.com,M,2024-11-01,Jl. Sudirman No. 42,Bekasi,Jawa Barat
CUST02445,Aulia Pratama,aulia.pratama.2445@example.com,F,2024-02-08,Jl. Gajah Mada No. 27,Medan,Sumatera Utara
CUST02446,Rina Wijaya,rina.wijaya.2446@example.com,M,2024-07-02,Jl. Merdeka No. 200,Malang,Jawa Timur
CUST02447,Nabila Syahputra,nabila.syahputra.2447@example.com,F,2024-01-30,Jl. Veteran No. 243,Tangerang,Banten
CUST02448,Bagas Anggraini,bagas.anggraini.2448@example.com,M,2024-01-15,Jl. Veteran No. 215,Samarinda,Kalimantan Timur
CUST02449,Fajar Maulana,fajar.maulana.2449@example.com,F,2024-12-13,Jl. Diponegoro No. 233,Jakarta,DKI Jakarta
CUST02450,Rafi Kurniawan,rafi.kurniawan.2450@example.com,F,2024-04-06,Jl. Pemuda No. 176,Bandung,Jawa Barat
CUST02451,Yoga Lestari,yoga.lestari.2451@example.com,F,2024-01-18,Jl. Gajah Mada No. 98,Yogyakarta,DI Yogyakarta
CUST02452,Adit Syahputra,adit.syahputra.2452@example.com,F,2024-08-25,Jl. Sudirman No. 3,Yogyakarta,DI Yogyakarta
CUST02453,Galih Ramadhan,galih.ramadhan.2453@example.com,M,2024-11-27,Jl. Merdeka No. 34,Bekasi,Jawa Barat
CUST02454,Tiara Hakim,tiara.hakim.2454@example.com,F,2024-09-16,Jl. Kenanga No. 206,Makassar,Sulawesi Selatan
CUST02455,Hendra Nugroho,hendra.nugroho.2455@example.com,F,2024-09-12,Jl. Melati No. 75,Sleman,DI Yogyakarta
CUST02456,Reza Pratama,reza.pratama.2456@example.com,F,2024-05-09,Jl. Diponegoro No. 162,Depok,Jawa Barat
CUST02457,Bayu Setiawan,bayu.setiawan.2457@example.com,F,2024-04-21,Jl. Diponegoro No. 70,Depok,Jawa Barat
CUST02458,Galih Permana,galih.permana.2458@example.com,M,2024-11-14,Jl. Merdeka No. 232,Depok,Jawa Barat
CUST02459,Bagas Rahmawati,bagas.rahmawati.2459@example.com,M,2024-07-19,Jl. Veteran No. 144,Surakarta,Jawa Tengah
CUST02460,Intan Utami,intan.utami.2460@example.com,M,2024-10-15,Jl. Veteran No. 173,Depok,Jawa Barat
CUST02461,Ahmad Puspitasari,ahmad.puspitasari.2461@example.com,M,2024-03-24,Jl. Gajah Mada No. 224,Jakarta,DKI Jakarta
CUST02462,Siti Wijaya,siti.wijaya.2462@example.com,F,2024-02-11,Jl. Veteran No. 62,Bantul,DI Yogyakarta
CUST02463,Adit Hidayat,adit.hidayat.2463@example.com,M,2024-12-31,Jl. Sudirman No. 189,Bogor,Jawa Barat
CUST02464,Dimas Hidayat,dimas.hidayat.2464@example.com,F,2024-09-14,Jl. Melati No. 7,Surakarta,Jawa Tengah
CUST02465,Reza Pratama,reza.pratama.2465@example.com,F,2024-11-19,Jl. Merdeka No. 203,Bantul,DI Yogyakarta
CUST02466,Tiara Kurniawan,tiara.kurniawan.2466@example.com,F,2024-07-03,Jl. Merdeka No. 175,Denpasar,Bali
CUST02467,Dewi Rahmawati,dewi.rahmawati.2467@example.com,F,2024-07-10,Jl. Gajah Mada No. 203,Malang,Jawa Timur
CUST02468,Aulia Saputra,aulia.saputra.2468@example.com,M,2024-10-18,Jl. Kenanga No. 177,Depok,Jawa Barat
CUST02469,Bagas Wulandari,bagas.wulandari.2469@example.com,M,2024-04-24,Jl. Melati No. 209,Malang,Jawa Timur
CUST02470,Nadia Rahmawati,nadia.rahmawati.2470@example.com,M,2024-01-01,Jl. Kenanga No. 45,Surabaya,Jawa Timur
CUST02471,Siti Utami,siti.utami.2471@example.com,F,2024-10-08,Jl. Gajah Mada No. 20,Pontianak,Kalimantan Barat
CUST02472,Arif Ramadhan,arif.ramadhan.2472@example.com,F,2024-02-23,Jl. Veteran No. 92,Palembang,Sumatera Selatan
CUST02473,Bayu Ramadhan,bayu.ramadhan.2473@example.com,F,2024-11-29,Jl. Melati No. 104,Medan,Sumatera Utara
CUST02474,Bagas Kurniawan,bagas.kurniawan.2474@example.com,F,2024-02-12,Jl. Melati No. 194,Sleman,DI Yogyakarta
CUST02475,Fajar Maulana,fajar.maulana.2475@example.com,F,2024-04-06,Jl. Gajah Mada No. 112,Sleman,DI Yogyakarta
CUST02476,Nabila Saputra,nabila.saputra.2476@example.com,M,2024-04-18,Jl. Melati No. 237,Malang,Jawa Timur
CUST02477,Naufal Pratama,naufal.pratama.2477@example.com,F,2024-02-27,Jl. Sudirman No. 148,Malang,Jawa Timur
CUST02478,Galih Utami,galih.utami.2478@example.com,M,2024-09-15,Jl. Melati No. 32,Balikpapan,Kalimantan Timur
CUST02479,Farah Santoso,farah.santoso.2479@example.com,F,2024-07-27,Jl. Sudirman No. 236,Depok,Jawa Barat
CUST02480,Nabila Hidayat,nabila.hidayat.2480@example.com,F,2024-01-31,Jl. Melati No. 211,Bandung,Jawa Barat
CUST02481,Galih Pratama,galih.pratama.2481@example.com,F,2024-11-27,Jl. Merdeka No. 30,Yogyakarta,DI Yogyakarta
CUST02482,Nabila Saputra,nabila.saputra.2482@example.com,M,2024-08-09,Jl. Melati No. 238,Tangerang,Banten
CUST02483,Nabila Santoso,nabila.santoso.2483@example.com,F,2024-04-09,Jl. Pemuda No. 63,Surabaya,Jawa Timur
CUST02484,Bayu Syahputra,bayu.syahputra.2484@example.com,F,2024-07-11,Jl. Veteran No. 174,Makassar,Sulawesi Selatan
CUST02485,Arif Maulana,arif.maulana.2485@example.com,F,2024-01-19,Jl. Melati No. 158,Jakarta,DKI Jakarta
CUST02486,Siti Hidayat,siti.hidayat.2486@example.com,F,2024-01-19,Jl. Gajah Mada No. 249,Depok,Jawa Barat
CUST02487,Putri Wulandari,putri.wulandari.2487@example.com,F,2024-07-18,Jl. Sudirman No. 141,Bekasi,Jawa Barat
CUST02488,Dewi Wijaya,dewi.wijaya.2488@example.com,F,2024-04-01,Jl. Gajah Mada No. 123,Bantul,DI Yogyakarta
CUST02489,Dimas Permana,dimas.permana.2489@example.com,F,2024-12-20,Jl. Sudirman No. 139,Surabaya,Jawa Timur
CUST02490,Andi Maulana,andi.maulana.2490@example.com,F,2024-09-14,Jl. Sudirman No. 32,Bekasi,Jawa Barat
CUST02491,Bima Puspitasari,bima.puspitasari.2491@example.com,M,2024-06-19,Jl. Gajah Mada No. 82,Bekasi,Jawa Barat
CUST02492,Adit Wijaya,adit.wijaya.2492@example.com,F,2024-02-06,Jl. Gajah Mada No. 34,Semarang,Jawa Tengah
CUST02493,Nadia Wijaya,nadia.wijaya.2493@example.com,M,2024-11-30,Jl. Kenanga No. 203,Denpasar,Bali
CUST02494,Rafi Rahmawati,rafi.rahmawati.2494@example.com,M,2024-07-29,Jl. Kenanga No. 240,Makassar,Sulawesi Selatan
CUST02495,Raka Santoso,raka.santoso.2495@example.com,F,2024-10-28,Jl. Pemuda No. 18,Denpasar,Bali
CUST02496,Maya Ramadhan,maya.ramadhan.2496@example.com,F,2024-02-07,Jl. Veteran No. 209,Samarinda,Kalimantan Timur
CUST02497,Dimas Anggraini,dimas.anggraini.2497@example.com,F,2024-07-07,Jl. Melati No. 102,Jakarta,DKI Jakarta
CUST02498,Bagas Wulandari,bagas.wulandari.2498@example.com,M,2024-02-29,Jl. Merdeka No. 105,Samarinda,Kalimantan Timur
CUST02499,Aulia Permana,aulia.permana.2499@example.com,M,2024-11-24,Jl. Merdeka No. 193,Depok,Jawa Barat
CUST02500,Maya Utami,maya.utami.2500@example.com,F,2024-05-08,Jl. Sudirman No. 197,Jakarta,DKI Jakarta
CUST02501,Dimas Setiawan,dimas.setiawan.2501@example.com,F,2024-04-02,Jl. Veteran No. 250,Bandung,Jawa Barat
CUST02502,Fajar Setiawan,fajar.setiawan.2502@example.com,F,2024-01-16,Jl. Merdeka No. 53,Jakarta,DKI Jakarta
CUST02503,Intan Ramadhan,intan.ramadhan.2503@example.com,M,2024-03-16,Jl. Gajah Mada No. 226,Makassar,Sulawesi Selatan
CUST02504,Bima Permana,bima.permana.2504@example.com,F,2024-01-12,Jl. Pemuda No. 88,Bogor,Jawa Barat
CUST02505,Yoga Utami,yoga.utami.2505@example.com,F,2024-04-10,Jl. Merdeka No. 192,Makassar,Sulawesi Selatan
CUST02506,Ahmad Lestari,ahmad.lestari.2506@example.com,M,2024-04-28,Jl. Kenanga No. 2,Samarinda,Kalimantan Timur
CUST02507,Bima Anggraini,bima.anggraini.2507@example.com,M,2024-03-28,Jl. Gajah Mada No. 162,Tangerang,Banten
CUST02508,Putri Puspitasari,putri.puspitasari.2508@example.com,F,2024-10-05,Jl. Sudirman No. 30,Denpasar,Bali
CUST02509,Bayu Anggraini,bayu.anggraini.2509@example.com,M,2024-11-08,Jl. Merdeka No. 159,Makassar,Sulawesi Selatan
CUST02510,Raka Wijaya,raka.wijaya.2510@example.com,F,2024-06-07,Jl. Kenanga No. 249,Bandung,Jawa Barat
CUST02511,Bagas Santoso,bagas.santoso.2511@example.com,M,2024-09-28,Jl. Diponegoro No. 37,Sleman,DI Yogyakarta
CUST02512,Nadia Puspitasari,nadia.puspitasari.2512@example.com,F,2024-05-09,Jl. Melati No. 198,Yogyakarta,DI Yogyakarta
CUST02513,Farah Nugroho,farah.nugroho.2513@example.com,F,2024-08-07,Jl. Veteran No. 196,Semarang,Jawa Tengah
CUST02514,Naufal Hidayat,naufal.hidayat.2514@example.com,M,2024-07-05,Jl. Melati No. 248,Semarang,Jawa Tengah
CUST02515,Nabila Hakim,nabila.hakim.2515@example.com,M,2024-08-10,Jl. Melati No. 37,Tangerang,Banten
CUST02516,Adit Wijaya,adit.wijaya.2516@example.com,F,2024-10-18,Jl. Gajah Mada No. 175,Surabaya,Jawa Timur
CUST02517,Hendra Maulana,hendra.maulana.2517@example.com,F,2024-09-28,Jl. Gajah Mada No. 236,Makassar,Sulawesi Selatan
CUST02518,Intan Pratama,intan.pratama.2518@example.com,M,2024-06-19,Jl. Gajah Mada No. 58,Tangerang,Banten
CUST02519,Naufal Maulana,naufal.maulana.2519@example.com,F,2024-01-25,Jl. Veteran No. 218,Bogor,Jawa Barat
CUST02520,Bima Wijaya,bima.wijaya.2520@example.com,M,2024-01-11,Jl. Merdeka No. 245,Yogyakarta,DI Yogyakarta
CUST02521,Naufal Wijaya,naufal.wijaya.2521@example.com,F,2024-08-05,Jl. Sudirman No. 130,Sleman,DI Yogyakarta
CUST02522,Rizky Kurniawan,rizky.kurniawan.2522@example.com,F,2024-06-28,Jl. Veteran No. 121,Bekasi,Jawa Barat
CUST02523,Hendra Ramadhan,hendra.ramadhan.2523@example.com,M,2024-09-21,Jl. Gajah Mada No. 94,Bekasi,Jawa Barat
CUST02524,Galih Wulandari,galih.wulandari.2524@example.com,F,2024-07-06,Jl. Kenanga No. 15,Pontianak,Kalimantan Barat
CUST02525,Reza Firmansyah,reza.firmansyah.2525@example.com,F,2024-08-09,Jl. Pemuda No. 157,Pontianak,Kalimantan Barat
CUST02526,Aisyah Hidayat,aisyah.hidayat.2526@example.com,F,2024-08-19,Jl. Diponegoro No. 87,Depok,Jawa Barat
CUST02527,Yoga Pratama,yoga.pratama.2527@example.com,F,2024-10-05,Jl. Veteran No. 15,Medan,Sumatera Utara
CUST02528,Reza Wijaya,reza.wijaya.2528@example.com,M,2024-01-18,Jl. Diponegoro No. 250,Bandung,Jawa Barat
CUST02529,Maya Permana,maya.permana.2529@example.com,F,2024-03-26,Jl. Veteran No. 151,Denpasar,Bali
CUST02530,Intan Wijaya,intan.wijaya.2530@example.com,M,2024-08-05,Jl. Veteran No. 175,Palembang,Sumatera Selatan
CUST02531,Intan Permana,intan.permana.2531@example.com,F,2024-11-14,Jl. Sudirman No. 39,Samarinda,Kalimantan Timur
CUST02532,Adit Firmansyah,adit.firmansyah.2532@example.com,M,2024-05-27,Jl. Merdeka No. 235,Jakarta,DKI Jakarta
CUST02533,Galih Hidayat,galih.hidayat.2533@example.com,F,2024-10-30,Jl. Sudirman No. 41,Samarinda,Kalimantan Timur
CUST02534,Ahmad Kurniawan,ahmad.kurniawan.2534@example.com,F,2024-09-25,Jl. Pemuda No. 216,Denpasar,Bali
CUST02535,Andi Firmansyah,andi.firmansyah.2535@example.com,F,2024-05-25,Jl. Melati No. 146,Bogor,Jawa Barat
CUST02536,Dimas Ramadhan,dimas.ramadhan.2536@example.com,M,2024-04-28,Jl. Veteran No. 73,Yogyakarta,DI Yogyakarta
CUST02537,Andi Setiawan,andi.setiawan.2537@example.com,M,2024-02-17,Jl. Diponegoro No. 179,Pontianak,Kalimantan Barat
CUST02538,Nabila Wulandari,nabila.wulandari.2538@example.com,F,2024-09-11,Jl. Diponegoro No. 5,Bantul,DI Yogyakarta
CUST02539,Aulia Ramadhan,aulia.ramadhan.2539@example.com,M,2024-08-13,Jl. Pemuda No. 61,Bogor,Jawa Barat
CUST02540,Bima Setiawan,bima.setiawan.2540@example.com,M,2024-05-03,Jl. Gajah Mada No. 229,Makassar,Sulawesi Selatan
CUST02541,Farah Pratama,farah.pratama.2541@example.com,M,2024-09-22,Jl. Diponegoro No. 233,Balikpapan,Kalimantan Timur
CUST02542,Aulia Hidayat,aulia.hidayat.2542@example.com,F,2024-01-02,Jl. Diponegoro No. 98,Balikpapan,Kalimantan Timur
CUST02543,Farah Permana,farah.permana.2543@example.com,F,2024-01-13,Jl. Sudirman No. 155,Surabaya,Jawa Timur
CUST02544,Bima Kurniawan,bima.kurniawan.2544@example.com,M,2024-10-11,Jl. Merdeka No. 116,Tangerang,Banten
CUST02545,Bima Syahputra,bima.syahputra.2545@example.com,F,2024-05-31,Jl. Kenanga No. 179,Bekasi,Jawa Barat
CUST02546,Rina Maulana,rina.maulana.2546@example.com,F,2024-12-19,Jl. Sudirman No. 45,Semarang,Jawa Tengah
CUST02547,Nabila Anggraini,nabila.anggraini.2547@example.com,F,2024-05-11,Jl. Sudirman No. 122,Surakarta,Jawa Tengah
CUST02548,Dewi Setiawan,dewi.setiawan.2548@example.com,F,2024-10-10,Jl. Sudirman No. 213,Tangerang,Banten
CUST02549,Maya Anggraini,maya.anggraini.2549@example.com,M,2024-11-04,Jl. Diponegoro No. 69,Bandung,Jawa Barat
CUST02550,Aisyah Hidayat,aisyah.hidayat.2550@example.com,M,2024-10-31,Jl. Pemuda No. 1,Jakarta,DKI Jakarta
CUST02551,Hendra Nugroho,hendra.nugroho.2551@example.com,F,2024-01-31,Jl. Kenanga No. 192,Denpasar,Bali
CUST02552,Rizky Syahputra,rizky.syahputra.2552@example.com,M,2024-05-09,Jl. Melati No. 138,Semarang,Jawa Tengah
CUST02553,Dimas Permana,dimas.permana.2553@example.com,M,2024-10-04,Jl. Pemuda No. 208,Semarang,Jawa Tengah
CUST02554,Arif Santoso,arif.santoso.2554@example.com,F,2024-11-11,Jl. Melati No. 65,Palembang,Sumatera Selatan
CUST02555,Nadia Anggraini,nadia.anggraini.2555@example.com,F,2024-03-13,Jl. Veteran No. 27,Tangerang,Banten
CUST02556,Rina Permana,rina.permana.2556@example.com,F,2024-01-30,Jl. Gajah Mada No. 159,Palembang,Sumatera Selatan
CUST02557,Aulia Setiawan,aulia.setiawan.2557@example.com,M,2024-01-12,Jl. Merdeka No. 58,Surabaya,Jawa Timur
CUST02558,Tiara Pratama,tiara.pratama.2558@example.com,M,2024-01-28,Jl. Veteran No. 3,Palembang,Sumatera Selatan
CUST02559,Dimas Nugroho,dimas.nugroho.2559@example.com,M,2024-09-05,Jl. Veteran No. 109,Bogor,Jawa Barat
CUST02560,Arif Lestari,arif.lestari.2560@example.com,M,2024-08-29,Jl. Kenanga No. 59,Medan,Sumatera Utara
CUST02561,Bayu Wulandari,bayu.wulandari.2561@example.com,F,2024-01-23,Jl. Gajah Mada No. 236,Jakarta,DKI Jakarta
CUST02562,Aisyah Hakim,aisyah.hakim.2562@example.com,M,2024-04-30,Jl. Kenanga No. 184,Bandung,Jawa Barat
CUST02563,Ilham Ramadhan,ilham.ramadhan.2563@example.com,F,2024-12-29,Jl. Gajah Mada No. 35,Surabaya,Jawa Timur
CUST02564,Ilham Setiawan,ilham.setiawan.2564@example.com,F,2024-12-12,Jl. Diponegoro No. 120,Jakarta,DKI Jakarta
CUST02565,Arif Hakim,arif.hakim.2565@example.com,M,2024-11-20,Jl. Veteran No. 119,Bantul,DI Yogyakarta
CUST02566,Rafi Hakim,rafi.hakim.2566@example.com,M,2024-07-08,Jl. Diponegoro No. 142,Sleman,DI Yogyakarta
CUST02567,Nadia Ramadhan,nadia.ramadhan.2567@example.com,M,2024-08-16,Jl. Gajah Mada No. 54,Bogor,Jawa Barat
CUST02568,Andi Kurniawan,andi.kurniawan.2568@example.com,M,2024-03-18,Jl. Veteran No. 126,Makassar,Sulawesi Selatan
CUST02569,Bayu Utami,bayu.utami.2569@example.com,M,2024-09-29,Jl. Sudirman No. 7,Samarinda,Kalimantan Timur
CUST02570,Siti Puspitasari,siti.puspitasari.2570@example.com,F,2024-12-19,Jl. Kenanga No. 20,Jakarta,DKI Jakarta
CUST02571,Bagas Lestari,bagas.lestari.2571@example.com,F,2024-08-23,Jl. Melati No. 196,Bantul,DI Yogyakarta
CUST02572,Siti Nugroho,siti.nugroho.2572@example.com,M,2024-08-18,Jl. Sudirman No. 233,Depok,Jawa Barat
CUST02573,Ahmad Setiawan,ahmad.setiawan.2573@example.com,M,2024-12-29,Jl. Gajah Mada No. 71,Pontianak,Kalimantan Barat
CUST02574,Andi Maulana,andi.maulana.2574@example.com,M,2024-06-06,Jl. Melati No. 119,Balikpapan,Kalimantan Timur
CUST02575,Naufal Nugroho,naufal.nugroho.2575@example.com,M,2024-06-28,Jl. Merdeka No. 49,Pontianak,Kalimantan Barat
CUST02576,Dimas Hakim,dimas.hakim.2576@example.com,F,2024-10-06,Jl. Melati No. 57,Malang,Jawa Timur
CUST02577,Farah Wulandari,farah.wulandari.2577@example.com,M,2024-08-29,Jl. Merdeka No. 203,Bogor,Jawa Barat
CUST02578,Intan Setiawan,intan.setiawan.2578@example.com,F,2024-12-25,Jl. Veteran No. 18,Surabaya,Jawa Timur
CUST02579,Putri Saputra,putri.saputra.2579@example.com,M,2024-10-20,Jl. Pemuda No. 61,Pontianak,Kalimantan Barat
CUST02580,Aisyah Setiawan,aisyah.setiawan.2580@example.com,M,2024-04-13,Jl. Merdeka No. 174,Denpasar,Bali
CUST02581,Andi Wulandari,andi.wulandari.2581@example.com,M,2024-08-13,Jl. Veteran No. 155,Bandung,Jawa Barat
CUST02582,Yoga Hakim,yoga.hakim.2582@example.com,M,2024-03-15,Jl. Gajah Mada No. 136,Denpasar,Bali
CUST02583,Bima Kurniawan,bima.kurniawan.2583@example.com,M,2024-08-09,Jl. Merdeka No. 125,Medan,Sumatera Utara
CUST02584,Aisyah Kurniawan,aisyah.kurniawan.2584@example.com,M,2024-10-23,Jl. Kenanga No. 114,Denpasar,Bali
CUST02585,Tiara Anggraini,tiara.anggraini.2585@example.com,M,2024-03-31,Jl. Diponegoro No. 14,Balikpapan,Kalimantan Timur
CUST02586,Intan Permana,intan.permana.2586@example.com,F,2024-04-22,Jl. Sudirman No. 8,Makassar,Sulawesi Selatan
CUST02587,Aisyah Ramadhan,aisyah.ramadhan.2587@example.com,M,2024-09-20,Jl. Diponegoro No. 159,Samarinda,Kalimantan Timur
CUST02588,Bima Santoso,bima.santoso.2588@example.com,F,2024-06-01,Jl. Pemuda No. 57,Semarang,Jawa Tengah
CUST02589,Farah Firmansyah,farah.firmansyah.2589@example.com,M,2024-08-05,Jl. Pemuda No. 182,Yogyakarta,DI Yogyakarta
CUST02590,Aulia Wulandari,aulia.wulandari.2590@example.com,F,2024-04-13,Jl. Gajah Mada No. 45,Bogor,Jawa Barat
CUST02591,Aulia Anggraini,aulia.anggraini.2591@example.com,F,2024-10-06,Jl. Diponegoro No. 11,Surakarta,Jawa Tengah
CUST02592,Aisyah Rahmawati,aisyah.rahmawati.2592@example.com,M,2024-02-11,Jl. Kenanga No. 182,Sleman,DI Yogyakarta
CUST02593,Siti Permana,siti.permana.2593@example.com,M,2024-09-25,Jl. Pemuda No. 145,Jakarta,DKI Jakarta
CUST02594,Dewi Nugroho,dewi.nugroho.2594@example.com,F,2024-01-29,Jl. Gajah Mada No. 124,Sleman,DI Yogyakarta
CUST02595,Andi Ramadhan,andi.ramadhan.2595@example.com,M,2024-05-03,Jl. Sudirman No. 163,Semarang,Jawa Tengah
CUST02596,Naufal Saputra,naufal.saputra.2596@example.com,M,2024-03-24,Jl. Melati No. 129,Malang,Jawa Timur
CUST02597,Hendra Nugroho,hendra.nugroho.2597@example.com,M,2024-05-01,Jl. Melati No. 79,Surabaya,Jawa Timur
CUST02598,Ilham Santoso,ilham.santoso.2598@example.com,M,2024-10-23,Jl. Merdeka No. 226,Balikpapan,Kalimantan Timur
CUST02599,Andi Anggraini,andi.anggraini.2599@example.com,F,2024-09-07,Jl. Merdeka No. 249,Balikpapan,Kalimantan Timur
CUST02600,Bayu Firmansyah,bayu.firmansyah.2600@example.com,F,2024-12-01,Jl. Diponegoro No. 93,Balikpapan,Kalimantan Timur
CUST02601,Aisyah Wijaya,aisyah.wijaya.2601@example.com,F,2024-10-22,Jl. Pemuda No. 87,Malang,Jawa Timur
CUST02602,Ilham Ramadhan,ilham.ramadhan.2602@example.com,M,2024-10-06,Jl. Pemuda No. 157,Balikpapan,Kalimantan Timur
CUST02603,Farah Hakim,farah.hakim.2603@example.com,F,2024-10-24,Jl. Gajah Mada No. 204,Pontianak,Kalimantan Barat
CUST02604,Siti Wulandari,siti.wulandari.2604@example.com,M,2024-10-28,Jl. Diponegoro No. 181,Denpasar,Bali
CUST02605,Bima Wulandari,bima.wulandari.2605@example.com,M,2024-11-17,Jl. Sudirman No. 75,Bandung,Jawa Barat
CUST02606,Aulia Permana,aulia.permana.2606@example.com,F,2024-06-12,Jl. Melati No. 160,Surabaya,Jawa Timur
CUST02607,Raka Saputra,raka.saputra.2607@example.com,M,2024-10-16,Jl. Veteran No. 106,Tangerang,Banten
CUST02608,Putri Nugroho,putri.nugroho.2608@example.com,F,2024-09-05,Jl. Merdeka No. 137,Bekasi,Jawa Barat
CUST02609,Arif Rahmawati,arif.rahmawati.2609@example.com,M,2024-10-20,Jl. Kenanga No. 92,Palembang,Sumatera Selatan
CUST02610,Bima Firmansyah,bima.firmansyah.2610@example.com,M,2024-05-04,Jl. Merdeka No. 105,Jakarta,DKI Jakarta
CUST02611,Rizky Saputra,rizky.saputra.2611@example.com,M,2024-02-02,Jl. Veteran No. 20,Medan,Sumatera Utara
CUST02612,Nadia Permana,nadia.permana.2612@example.com,F,2024-03-23,Jl. Diponegoro No. 38,Makassar,Sulawesi Selatan
CUST02613,Rafi Rahmawati,rafi.rahmawati.2613@example.com,M,2024-07-02,Jl. Pemuda No. 24,Medan,Sumatera Utara
CUST02614,Galih Syahputra,galih.syahputra.2614@example.com,F,2024-11-05,Jl. Melati No. 184,Surabaya,Jawa Timur
CUST02615,Aisyah Syahputra,aisyah.syahputra.2615@example.com,F,2024-02-02,Jl. Kenanga No. 38,Yogyakarta,DI Yogyakarta
CUST02616,Bagas Puspitasari,bagas.puspitasari.2616@example.com,M,2024-09-23,Jl. Gajah Mada No. 230,Bantul,DI Yogyakarta
CUST02617,Galih Santoso,galih.santoso.2617@example.com,M,2024-10-07,Jl. Sudirman No. 30,Samarinda,Kalimantan Timur
CUST02618,Andi Wijaya,andi.wijaya.2618@example.com,M,2024-03-25,Jl. Gajah Mada No. 63,Denpasar,Bali
CUST02619,Ilham Anggraini,ilham.anggraini.2619@example.com,M,2024-04-19,Jl. Pemuda No. 193,Bantul,DI Yogyakarta
CUST02620,Andi Nugroho,andi.nugroho.2620@example.com,M,2024-08-19,Jl. Kenanga No. 56,Palembang,Sumatera Selatan
CUST02621,Aisyah Pratama,aisyah.pratama.2621@example.com,F,2024-06-24,Jl. Merdeka No. 133,Sleman,DI Yogyakarta
CUST02622,Ilham Kurniawan,ilham.kurniawan.2622@example.com,M,2024-02-19,Jl. Melati No. 10,Pontianak,Kalimantan Barat
CUST02623,Galih Lestari,galih.lestari.2623@example.com,F,2024-11-16,Jl. Veteran No. 75,Medan,Sumatera Utara
CUST02624,Naufal Lestari,naufal.lestari.2624@example.com,F,2024-03-08,Jl. Pemuda No. 60,Jakarta,DKI Jakarta
CUST02625,Rizky Anggraini,rizky.anggraini.2625@example.com,M,2024-03-31,Jl. Kenanga No. 148,Tangerang,Banten
CUST02626,Nadia Nugroho,nadia.nugroho.2626@example.com,F,2024-02-16,Jl. Veteran No. 31,Tangerang,Banten
CUST02627,Putri Ramadhan,putri.ramadhan.2627@example.com,M,2024-08-08,Jl. Diponegoro No. 69,Bandung,Jawa Barat
CUST02628,Dewi Wijaya,dewi.wijaya.2628@example.com,F,2024-01-20,Jl. Kenanga No. 37,Bekasi,Jawa Barat
CUST02629,Tiara Utami,tiara.utami.2629@example.com,F,2024-04-19,Jl. Diponegoro No. 67,Pontianak,Kalimantan Barat
CUST02630,Siti Puspitasari,siti.puspitasari.2630@example.com,F,2024-04-07,Jl. Gajah Mada No. 68,Pontianak,Kalimantan Barat
CUST02631,Adit Wijaya,adit.wijaya.2631@example.com,M,2024-12-09,Jl. Gajah Mada No. 191,Bogor,Jawa Barat
CUST02632,Siti Utami,siti.utami.2632@example.com,M,2024-10-22,Jl. Diponegoro No. 105,Medan,Sumatera Utara
CUST02633,Ilham Kurniawan,ilham.kurniawan.2633@example.com,F,2024-05-02,Jl. Gajah Mada No. 130,Bandung,Jawa Barat
CUST02634,Andi Ramadhan,andi.ramadhan.2634@example.com,F,2024-08-20,Jl. Sudirman No. 18,Samarinda,Kalimantan Timur
CUST02635,Adit Hidayat,adit.hidayat.2635@example.com,F,2024-12-01,Jl. Kenanga No. 110,Surakarta,Jawa Tengah
CUST02636,Galih Nugroho,galih.nugroho.2636@example.com,M,2024-05-06,Jl. Pemuda No. 211,Jakarta,DKI Jakarta
CUST02637,Fajar Pratama,fajar.pratama.2637@example.com,M,2024-10-14,Jl. Sudirman No. 131,Surakarta,Jawa Tengah
CUST02638,Dimas Hakim,dimas.hakim.2638@example.com,M,2024-08-03,Jl. Pemuda No. 4,Surabaya,Jawa Timur
CUST02639,Farah Ramadhan,farah.ramadhan.2639@example.com,F,2024-01-06,Jl. Merdeka No. 145,Bandung,Jawa Barat
CUST02640,Tiara Puspitasari,tiara.puspitasari.2640@example.com,M,2024-05-22,Jl. Diponegoro No. 66,Pontianak,Kalimantan Barat
CUST02641,Ilham Permana,ilham.permana.2641@example.com,F,2024-04-13,Jl. Gajah Mada No. 169,Bantul,DI Yogyakarta
CUST02642,Ahmad Setiawan,ahmad.setiawan.2642@example.com,F,2024-12-16,Jl. Veteran No. 118,Surabaya,Jawa Timur
CUST02643,Ilham Wijaya,ilham.wijaya.2643@example.com,F,2024-12-20,Jl. Melati No. 170,Sleman,DI Yogyakarta
CUST02644,Bima Ramadhan,bima.ramadhan.2644@example.com,F,2024-11-12,Jl. Merdeka No. 140,Bantul,DI Yogyakarta
CUST02645,Fajar Puspitasari,fajar.puspitasari.2645@example.com,M,2024-06-30,Jl. Kenanga No. 226,Sleman,DI Yogyakarta
CUST02646,Bagas Hakim,bagas.hakim.2646@example.com,M,2024-08-03,Jl. Veteran No. 43,Surabaya,Jawa Timur
CUST02647,Putri Wijaya,putri.wijaya.2647@example.com,M,2024-06-24,Jl. Veteran No. 93,Makassar,Sulawesi Selatan
CUST02648,Galih Ramadhan,galih.ramadhan.2648@example.com,F,2024-08-27,Jl. Gajah Mada No. 113,Samarinda,Kalimantan Timur
CUST02649,Aulia Hidayat,aulia.hidayat.2649@example.com,M,2024-11-22,Jl. Melati No. 224,Balikpapan,Kalimantan Timur
CUST02650,Bima Wijaya,bima.wijaya.2650@example.com,M,2024-09-25,Jl. Pemuda No. 17,Jakarta,DKI Jakarta
CUST02651,Maya Maulana,maya.maulana.2651@example.com,F,2024-11-28,Jl. Pemuda No. 189,Semarang,Jawa Tengah
CUST02652,Bagas Firmansyah,bagas.firmansyah.2652@example.com,F,2024-03-23,Jl. Gajah Mada No. 119,Tangerang,Banten
CUST02653,Naufal Pratama,naufal.pratama.2653@example.com,M,2024-01-14,Jl. Merdeka No. 83,Samarinda,Kalimantan Timur
CUST02654,Fajar Maulana,fajar.maulana.2654@example.com,F,2024-02-27,Jl. Pemuda No. 218,Surabaya,Jawa Timur
CUST02655,Arif Hakim,arif.hakim.2655@example.com,F,2024-09-23,Jl. Gajah Mada No. 167,Depok,Jawa Barat
CUST02656,Arif Saputra,arif.saputra.2656@example.com,M,2024-11-26,Jl. Merdeka No. 162,Makassar,Sulawesi Selatan
CUST02657,Fajar Santoso,fajar.santoso.2657@example.com,F,2024-08-12,Jl. Kenanga No. 211,Surakarta,Jawa Tengah
CUST02658,Yoga Anggraini,yoga.anggraini.2658@example.com,F,2024-06-19,Jl. Sudirman No. 173,Depok,Jawa Barat
CUST02659,Yoga Pratama,yoga.pratama.2659@example.com,F,2024-01-30,Jl. Melati No. 45,Bantul,DI Yogyakarta
CUST02660,Intan Saputra,intan.saputra.2660@example.com,M,2024-10-19,Jl. Sudirman No. 219,Surabaya,Jawa Timur
CUST02661,Bima Pratama,bima.pratama.2661@example.com,F,2024-09-04,Jl. Gajah Mada No. 57,Surabaya,Jawa Timur
CUST02662,Nadia Syahputra,nadia.syahputra.2662@example.com,M,2024-01-03,Jl. Kenanga No. 47,Tangerang,Banten
CUST02663,Bima Utami,bima.utami.2663@example.com,F,2024-04-20,Jl. Veteran No. 230,Samarinda,Kalimantan Timur
CUST02664,Ilham Pratama,ilham.pratama.2664@example.com,F,2024-04-07,Jl. Melati No. 49,Yogyakarta,DI Yogyakarta
CUST02665,Fajar Puspitasari,fajar.puspitasari.2665@example.com,F,2024-10-28,Jl. Veteran No. 220,Bandung,Jawa Barat
CUST02666,Adit Setiawan,adit.setiawan.2666@example.com,M,2024-06-21,Jl. Veteran No. 91,Makassar,Sulawesi Selatan
CUST02667,Aulia Permana,aulia.permana.2667@example.com,F,2024-11-11,Jl. Gajah Mada No. 187,Palembang,Sumatera Selatan
CUST02668,Nabila Nugroho,nabila.nugroho.2668@example.com,M,2024-07-05,Jl. Veteran No. 57,Surabaya,Jawa Timur
CUST02669,Tiara Setiawan,tiara.setiawan.2669@example.com,M,2024-04-03,Jl. Diponegoro No. 111,Makassar,Sulawesi Selatan
CUST02670,Rina Anggraini,rina.anggraini.2670@example.com,F,2024-09-07,Jl. Pemuda No. 77,Balikpapan,Kalimantan Timur
CUST02671,Ahmad Pratama,ahmad.pratama.2671@example.com,M,2024-08-11,Jl. Merdeka No. 227,Samarinda,Kalimantan Timur
CUST02672,Galih Utami,galih.utami.2672@example.com,F,2024-01-14,Jl. Veteran No. 189,Pontianak,Kalimantan Barat
CUST02673,Tiara Santoso,tiara.santoso.2673@example.com,M,2024-10-26,Jl. Merdeka No. 93,Semarang,Jawa Tengah
CUST02674,Farah Wijaya,farah.wijaya.2674@example.com,M,2024-10-12,Jl. Melati No. 17,Yogyakarta,DI Yogyakarta
CUST02675,Ahmad Rahmawati,ahmad.rahmawati.2675@example.com,F,2024-09-15,Jl. Pemuda No. 144,Bekasi,Jawa Barat
CUST02676,Aisyah Lestari,aisyah.lestari.2676@example.com,F,2024-09-09,Jl. Melati No. 175,Yogyakarta,DI Yogyakarta
CUST02677,Yoga Wulandari,yoga.wulandari.2677@example.com,F,2024-07-27,Jl. Veteran No. 229,Yogyakarta,DI Yogyakarta
CUST02678,Galih Ramadhan,galih.ramadhan.2678@example.com,F,2024-09-03,Jl. Pemuda No. 35,Samarinda,Kalimantan Timur
CUST02679,Dimas Santoso,dimas.santoso.2679@example.com,M,2024-03-25,Jl. Veteran No. 184,Balikpapan,Kalimantan Timur
CUST02680,Ahmad Firmansyah,ahmad.firmansyah.2680@example.com,M,2024-12-22,Jl. Melati No. 59,Surabaya,Jawa Timur
CUST02681,Andi Anggraini,andi.anggraini.2681@example.com,M,2024-12-02,Jl. Veteran No. 240,Makassar,Sulawesi Selatan
CUST02682,Ilham Kurniawan,ilham.kurniawan.2682@example.com,F,2024-02-07,Jl. Gajah Mada No. 16,Yogyakarta,DI Yogyakarta
CUST02683,Andi Santoso,andi.santoso.2683@example.com,M,2024-09-14,Jl. Merdeka No. 157,Medan,Sumatera Utara
CUST02684,Siti Hidayat,siti.hidayat.2684@example.com,M,2024-06-21,Jl. Veteran No. 107,Palembang,Sumatera Selatan
CUST02685,Aulia Ramadhan,aulia.ramadhan.2685@example.com,M,2024-07-10,Jl. Gajah Mada No. 146,Yogyakarta,DI Yogyakarta
CUST02686,Aisyah Anggraini,aisyah.anggraini.2686@example.com,M,2024-02-28,Jl. Kenanga No. 217,Surakarta,Jawa Tengah
CUST02687,Reza Ramadhan,reza.ramadhan.2687@example.com,M,2024-05-28,Jl. Gajah Mada No. 11,Medan,Sumatera Utara
CUST02688,Arif Saputra,arif.saputra.2688@example.com,M,2024-01-05,Jl. Merdeka No. 133,Pontianak,Kalimantan Barat
CUST02689,Nabila Puspitasari,nabila.puspitasari.2689@example.com,M,2024-02-10,Jl. Veteran No. 64,Semarang,Jawa Tengah
CUST02690,Rina Utami,rina.utami.2690@example.com,M,2024-09-25,Jl. Gajah Mada No. 3,Balikpapan,Kalimantan Timur
CUST02691,Siti Maulana,siti.maulana.2691@example.com,M,2024-02-23,Jl. Merdeka No. 15,Medan,Sumatera Utara
CUST02692,Ahmad Santoso,ahmad.santoso.2692@example.com,F,2024-10-04,Jl. Pemuda No. 54,Yogyakarta,DI Yogyakarta
CUST02693,Rina Puspitasari,rina.puspitasari.2693@example.com,F,2024-07-03,Jl. Kenanga No. 34,Pontianak,Kalimantan Barat
CUST02694,Rafi Wijaya,rafi.wijaya.2694@example.com,M,2024-07-31,Jl. Gajah Mada No. 141,Tangerang,Banten
CUST02695,Arif Hakim,arif.hakim.2695@example.com,F,2024-08-13,Jl. Veteran No. 216,Samarinda,Kalimantan Timur
CUST02696,Intan Permana,intan.permana.2696@example.com,F,2024-12-05,Jl. Veteran No. 47,Jakarta,DKI Jakarta
CUST02697,Ilham Permana,ilham.permana.2697@example.com,F,2024-09-27,Jl. Melati No. 132,Sleman,DI Yogyakarta
CUST02698,Yoga Saputra,yoga.saputra.2698@example.com,F,2024-03-13,Jl. Veteran No. 93,Balikpapan,Kalimantan Timur
CUST02699,Bima Ramadhan,bima.ramadhan.2699@example.com,M,2024-12-21,Jl. Merdeka No. 104,Denpasar,Bali
CUST02700,Raka Pratama,raka.pratama.2700@example.com,F,2024-11-08,Jl. Merdeka No. 126,Pontianak,Kalimantan Barat
CUST02701,Tiara Utami,tiara.utami.2701@example.com,F,2024-09-23,Jl. Diponegoro No. 5,Tangerang,Banten
CUST02702,Ilham Permana,ilham.permana.2702@example.com,F,2024-10-19,Jl. Diponegoro No. 215,Semarang,Jawa Tengah
CUST02703,Rina Kurniawan,rina.kurniawan.2703@example.com,M,2024-11-11,Jl. Merdeka No. 234,Palembang,Sumatera Selatan
CUST02704,Aisyah Ramadhan,aisyah.ramadhan.2704@example.com,F,2024-10-11,Jl. Melati No. 23,Tangerang,Banten
CUST02705,Rizky Permana,rizky.permana.2705@example.com,F,2024-09-19,Jl. Diponegoro No. 218,Samarinda,Kalimantan Timur
CUST02706,Nabila Lestari,nabila.lestari.2706@example.com,M,2024-05-18,Jl. Gajah Mada No. 240,Bantul,DI Yogyakarta
CUST02707,Ahmad Lestari,ahmad.lestari.2707@example.com,F,2024-07-14,Jl. Kenanga No. 167,Bekasi,Jawa Barat
CUST02708,Adit Santoso,adit.santoso.2708@example.com,M,2024-08-19,Jl. Gajah Mada No. 211,Balikpapan,Kalimantan Timur
CUST02709,Rina Wulandari,rina.wulandari.2709@example.com,M,2024-01-02,Jl. Gajah Mada No. 180,Pontianak,Kalimantan Barat
CUST02710,Nadia Syahputra,nadia.syahputra.2710@example.com,M,2024-01-08,Jl. Kenanga No. 200,Balikpapan,Kalimantan Timur
CUST02711,Aisyah Firmansyah,aisyah.firmansyah.2711@example.com,M,2024-02-13,Jl. Sudirman No. 233,Balikpapan,Kalimantan Timur
CUST02712,Ilham Saputra,ilham.saputra.2712@example.com,F,2024-09-05,Jl. Pemuda No. 143,Sleman,DI Yogyakarta
CUST02713,Ilham Santoso,ilham.santoso.2713@example.com,F,2024-09-13,Jl. Pemuda No. 240,Yogyakarta,DI Yogyakarta
CUST02714,Adit Firmansyah,adit.firmansyah.2714@example.com,F,2024-06-09,Jl. Kenanga No. 235,Makassar,Sulawesi Selatan
CUST02715,Dewi Nugroho,dewi.nugroho.2715@example.com,F,2024-04-27,Jl. Diponegoro No. 171,Samarinda,Kalimantan Timur
CUST02716,Reza Nugroho,reza.nugroho.2716@example.com,F,2024-07-03,Jl. Sudirman No. 227,Makassar,Sulawesi Selatan
CUST02717,Farah Permana,farah.permana.2717@example.com,F,2024-05-29,Jl. Merdeka No. 54,Medan,Sumatera Utara
CUST02718,Tiara Setiawan,tiara.setiawan.2718@example.com,M,2024-09-05,Jl. Diponegoro No. 184,Surabaya,Jawa Timur
CUST02719,Bima Pratama,bima.pratama.2719@example.com,F,2024-02-21,Jl. Kenanga No. 48,Bandung,Jawa Barat
CUST02720,Nabila Lestari,nabila.lestari.2720@example.com,M,2024-10-04,Jl. Melati No. 225,Malang,Jawa Timur
CUST02721,Naufal Hakim,naufal.hakim.2721@example.com,M,2024-02-09,Jl. Gajah Mada No. 143,Pontianak,Kalimantan Barat
CUST02722,Galih Setiawan,galih.setiawan.2722@example.com,F,2024-12-07,Jl. Kenanga No. 95,Bantul,DI Yogyakarta
CUST02723,Nadia Saputra,nadia.saputra.2723@example.com,M,2024-01-10,Jl. Diponegoro No. 116,Surakarta,Jawa Tengah
CUST02724,Galih Permana,galih.permana.2724@example.com,F,2024-05-10,Jl. Merdeka No. 163,Pontianak,Kalimantan Barat
CUST02725,Intan Ramadhan,intan.ramadhan.2725@example.com,M,2024-05-15,Jl. Melati No. 207,Malang,Jawa Timur
CUST02726,Bayu Lestari,bayu.lestari.2726@example.com,M,2024-09-22,Jl. Veteran No. 53,Semarang,Jawa Tengah
CUST02727,Putri Saputra,putri.saputra.2727@example.com,F,2024-06-30,Jl. Diponegoro No. 7,Tangerang,Banten
CUST02728,Reza Santoso,reza.santoso.2728@example.com,F,2024-03-31,Jl. Gajah Mada No. 33,Surakarta,Jawa Tengah
CUST02729,Hendra Anggraini,hendra.anggraini.2729@example.com,F,2024-03-28,Jl. Pemuda No. 173,Pontianak,Kalimantan Barat
CUST02730,Raka Hakim,raka.hakim.2730@example.com,M,2024-02-17,Jl. Sudirman No. 70,Palembang,Sumatera Selatan
CUST02731,Siti Hidayat,siti.hidayat.2731@example.com,F,2024-10-26,Jl. Melati No. 119,Denpasar,Bali
CUST02732,Raka Ramadhan,raka.ramadhan.2732@example.com,M,2024-06-28,Jl. Pemuda No. 56,Semarang,Jawa Tengah
CUST02733,Putri Saputra,putri.saputra.2733@example.com,F,2024-09-11,Jl. Pemuda No. 217,Bandung,Jawa Barat
CUST02734,Nadia Lestari,nadia.lestari.2734@example.com,F,2024-10-07,Jl. Kenanga No. 176,Denpasar,Bali
CUST02735,Bima Wulandari,bima.wulandari.2735@example.com,F,2024-05-30,Jl. Diponegoro No. 17,Bantul,DI Yogyakarta
CUST02736,Intan Hidayat,intan.hidayat.2736@example.com,M,2024-03-16,Jl. Kenanga No. 69,Bantul,DI Yogyakarta
CUST02737,Adit Pratama,adit.pratama.2737@example.com,M,2024-07-26,Jl. Diponegoro No. 154,Yogyakarta,DI Yogyakarta
CUST02738,Raka Wulandari,raka.wulandari.2738@example.com,F,2024-11-25,Jl. Diponegoro No. 1,Samarinda,Kalimantan Timur
CUST02739,Andi Firmansyah,andi.firmansyah.2739@example.com,M,2024-04-02,Jl. Diponegoro No. 47,Surabaya,Jawa Timur
CUST02740,Nabila Puspitasari,nabila.puspitasari.2740@example.com,F,2024-03-13,Jl. Veteran No. 229,Yogyakarta,DI Yogyakarta
CUST02741,Yoga Hakim,yoga.hakim.2741@example.com,F,2024-04-24,Jl. Pemuda No. 58,Samarinda,Kalimantan Timur
CUST02742,Putri Ramadhan,putri.ramadhan.2742@example.com,F,2024-09-04,Jl. Melati No. 118,Semarang,Jawa Tengah
CUST02743,Maya Firmansyah,maya.firmansyah.2743@example.com,F,2024-02-27,Jl. Melati No. 202,Malang,Jawa Timur
CUST02744,Aulia Setiawan,aulia.setiawan.2744@example.com,F,2024-01-01,Jl. Sudirman No. 119,Denpasar,Bali
CUST02745,Farah Permana,farah.permana.2745@example.com,F,2024-08-06,Jl. Sudirman No. 105,Makassar,Sulawesi Selatan
CUST02746,Aisyah Ramadhan,aisyah.ramadhan.2746@example.com,F,2024-03-14,Jl. Sudirman No. 90,Samarinda,Kalimantan Timur
CUST02747,Bagas Lestari,bagas.lestari.2747@example.com,F,2024-06-17,Jl. Melati No. 185,Medan,Sumatera Utara
CUST02748,Hendra Hakim,hendra.hakim.2748@example.com,M,2024-11-22,Jl. Merdeka No. 208,Surabaya,Jawa Timur
CUST02749,Dimas Permana,dimas.permana.2749@example.com,M,2024-07-20,Jl. Diponegoro No. 130,Sleman,DI Yogyakarta
CUST02750,Raka Nugroho,raka.nugroho.2750@example.com,M,2024-11-23,Jl. Pemuda No. 96,Depok,Jawa Barat
CUST02751,Dimas Utami,dimas.utami.2751@example.com,F,2024-05-15,Jl. Veteran No. 83,Samarinda,Kalimantan Timur
CUST02752,Raka Setiawan,raka.setiawan.2752@example.com,M,2024-08-10,Jl. Pemuda No. 87,Sleman,DI Yogyakarta
CUST02753,Siti Maulana,siti.maulana.2753@example.com,F,2024-11-02,Jl. Kenanga No. 196,Bekasi,Jawa Barat
CUST02754,Rizky Hakim,rizky.hakim.2754@example.com,F,2024-06-30,Jl. Sudirman No. 191,Malang,Jawa Timur
CUST02755,Bagas Hidayat,bagas.hidayat.2755@example.com,F,2024-03-21,Jl. Veteran No. 44,Samarinda,Kalimantan Timur
CUST02756,Rafi Kurniawan,rafi.kurniawan.2756@example.com,M,2024-08-05,Jl. Gajah Mada No. 179,Tangerang,Banten
CUST02757,Adit Setiawan,adit.setiawan.2757@example.com,F,2024-01-13,Jl. Gajah Mada No. 191,Surabaya,Jawa Timur
CUST02758,Bima Utami,bima.utami.2758@example.com,M,2024-01-15,Jl. Sudirman No. 240,Bekasi,Jawa Barat
CUST02759,Bayu Firmansyah,bayu.firmansyah.2759@example.com,F,2024-04-25,Jl. Veteran No. 127,Depok,Jawa Barat
CUST02760,Fajar Lestari,fajar.lestari.2760@example.com,M,2024-09-29,Jl. Gajah Mada No. 109,Bandung,Jawa Barat
CUST02761,Intan Wulandari,intan.wulandari.2761@example.com,M,2024-07-21,Jl. Sudirman No. 188,Yogyakarta,DI Yogyakarta
CUST02762,Siti Ramadhan,siti.ramadhan.2762@example.com,F,2024-10-28,Jl. Melati No. 104,Bantul,DI Yogyakarta
CUST02763,Intan Wijaya,intan.wijaya.2763@example.com,F,2024-01-20,Jl. Merdeka No. 213,Bantul,DI Yogyakarta
CUST02764,Nadia Utami,nadia.utami.2764@example.com,M,2024-12-27,Jl. Merdeka No. 110,Jakarta,DKI Jakarta
CUST02765,Bayu Lestari,bayu.lestari.2765@example.com,F,2024-05-30,Jl. Merdeka No. 139,Sleman,DI Yogyakarta
CUST02766,Ahmad Santoso,ahmad.santoso.2766@example.com,F,2024-01-31,Jl. Veteran No. 85,Pontianak,Kalimantan Barat
CUST02767,Nadia Saputra,nadia.saputra.2767@example.com,M,2024-01-17,Jl. Merdeka No. 45,Pontianak,Kalimantan Barat
CUST02768,Rafi Hakim,rafi.hakim.2768@example.com,M,2024-10-30,Jl. Pemuda No. 189,Pontianak,Kalimantan Barat
CUST02769,Galih Hakim,galih.hakim.2769@example.com,F,2024-05-25,Jl. Veteran No. 108,Semarang,Jawa Tengah
CUST02770,Fajar Saputra,fajar.saputra.2770@example.com,F,2024-10-29,Jl. Diponegoro No. 55,Semarang,Jawa Tengah
CUST02771,Putri Permana,putri.permana.2771@example.com,F,2024-11-29,Jl. Gajah Mada No. 108,Semarang,Jawa Tengah
CUST02772,Fajar Nugroho,fajar.nugroho.2772@example.com,F,2024-05-01,Jl. Merdeka No. 198,Pontianak,Kalimantan Barat
CUST02773,Putri Wijaya,putri.wijaya.2773@example.com,M,2024-11-02,Jl. Merdeka No. 33,Pontianak,Kalimantan Barat
CUST02774,Aisyah Hakim,aisyah.hakim.2774@example.com,M,2024-10-22,Jl. Melati No. 35,Surabaya,Jawa Timur
CUST02775,Tiara Anggraini,tiara.anggraini.2775@example.com,M,2024-09-04,Jl. Sudirman No. 203,Surabaya,Jawa Timur
CUST02776,Farah Santoso,farah.santoso.2776@example.com,M,2024-11-30,Jl. Sudirman No. 144,Medan,Sumatera Utara
CUST02777,Adit Saputra,adit.saputra.2777@example.com,M,2024-12-01,Jl. Sudirman No. 65,Jakarta,DKI Jakarta
CUST02778,Rina Puspitasari,rina.puspitasari.2778@example.com,M,2024-11-05,Jl. Merdeka No. 7,Bekasi,Jawa Barat
CUST02779,Farah Syahputra,farah.syahputra.2779@example.com,F,2024-02-11,Jl. Diponegoro No. 42,Bantul,DI Yogyakarta
CUST02780,Dewi Maulana,dewi.maulana.2780@example.com,F,2024-09-11,Jl. Pemuda No. 220,Bekasi,Jawa Barat
CUST02781,Hendra Utami,hendra.utami.2781@example.com,M,2024-04-22,Jl. Kenanga No. 52,Denpasar,Bali
CUST02782,Siti Nugroho,siti.nugroho.2782@example.com,M,2024-05-30,Jl. Sudirman No. 122,Surakarta,Jawa Tengah
CUST02783,Rafi Firmansyah,rafi.firmansyah.2783@example.com,M,2024-11-01,Jl. Kenanga No. 19,Bogor,Jawa Barat
CUST02784,Ahmad Nugroho,ahmad.nugroho.2784@example.com,M,2024-02-28,Jl. Gajah Mada No. 42,Medan,Sumatera Utara
CUST02785,Nadia Maulana,nadia.maulana.2785@example.com,M,2024-01-08,Jl. Melati No. 113,Bantul,DI Yogyakarta
CUST02786,Putri Maulana,putri.maulana.2786@example.com,M,2024-01-22,Jl. Veteran No. 127,Sleman,DI Yogyakarta
CUST02787,Raka Wulandari,raka.wulandari.2787@example.com,F,2024-11-16,Jl. Sudirman No. 243,Jakarta,DKI Jakarta
CUST02788,Galih Pratama,galih.pratama.2788@example.com,F,2024-03-30,Jl. Sudirman No. 61,Balikpapan,Kalimantan Timur
CUST02789,Fajar Santoso,fajar.santoso.2789@example.com,M,2024-07-22,Jl. Kenanga No. 173,Jakarta,DKI Jakarta
CUST02790,Naufal Hidayat,naufal.hidayat.2790@example.com,F,2024-11-12,Jl. Gajah Mada No. 125,Yogyakarta,DI Yogyakarta
CUST02791,Fajar Nugroho,fajar.nugroho.2791@example.com,M,2024-12-31,Jl. Melati No. 136,Makassar,Sulawesi Selatan
CUST02792,Putri Setiawan,putri.setiawan.2792@example.com,F,2024-06-18,Jl. Kenanga No. 33,Makassar,Sulawesi Selatan
CUST02793,Arif Anggraini,arif.anggraini.2793@example.com,M,2024-05-04,Jl. Kenanga No. 94,Malang,Jawa Timur
CUST02794,Intan Lestari,intan.lestari.2794@example.com,F,2024-12-02,Jl. Kenanga No. 89,Denpasar,Bali
CUST02795,Bagas Anggraini,bagas.anggraini.2795@example.com,M,2024-11-05,Jl. Sudirman No. 222,Jakarta,DKI Jakarta
CUST02796,Aulia Pratama,aulia.pratama.2796@example.com,F,2024-03-02,Jl. Sudirman No. 154,Surakarta,Jawa Tengah
CUST02797,Raka Saputra,raka.saputra.2797@example.com,F,2024-12-13,Jl. Kenanga No. 148,Bekasi,Jawa Barat
CUST02798,Andi Syahputra,andi.syahputra.2798@example.com,M,2024-03-31,Jl. Kenanga No. 43,Pontianak,Kalimantan Barat
CUST02799,Adit Wulandari,adit.wulandari.2799@example.com,M,2024-08-18,Jl. Kenanga No. 3,Balikpapan,Kalimantan Timur
CUST02800,Naufal Hakim,naufal.hakim.2800@example.com,F,2024-12-01,Jl. Diponegoro No. 86,Denpasar,Bali
CUST02801,Fajar Nugroho,fajar.nugroho.2801@example.com,F,2024-06-06,Jl. Kenanga No. 18,Pontianak,Kalimantan Barat
CUST02802,Putri Wulandari,putri.wulandari.2802@example.com,M,2024-02-19,Jl. Sudirman No. 69,Surabaya,Jawa Timur
CUST02803,Reza Anggraini,reza.anggraini.2803@example.com,M,2024-01-13,Jl. Pemuda No. 46,Denpasar,Bali
CUST02804,Raka Firmansyah,raka.firmansyah.2804@example.com,M,2024-08-18,Jl. Gajah Mada No. 114,Medan,Sumatera Utara
CUST02805,Siti Lestari,siti.lestari.2805@example.com,F,2024-06-09,Jl. Pemuda No. 62,Palembang,Sumatera Selatan
CUST02806,Aisyah Syahputra,aisyah.syahputra.2806@example.com,F,2024-07-04,Jl. Diponegoro No. 217,Jakarta,DKI Jakarta
CUST02807,Dimas Nugroho,dimas.nugroho.2807@example.com,M,2024-02-10,Jl. Sudirman No. 48,Depok,Jawa Barat
CUST02808,Adit Wulandari,adit.wulandari.2808@example.com,F,2024-08-02,Jl. Sudirman No. 104,Depok,Jawa Barat
CUST02809,Arif Lestari,arif.lestari.2809@example.com,F,2024-08-07,Jl. Kenanga No. 185,Bekasi,Jawa Barat
CUST02810,Aulia Nugroho,aulia.nugroho.2810@example.com,M,2024-11-16,Jl. Pemuda No. 38,Bekasi,Jawa Barat
CUST02811,Fajar Saputra,fajar.saputra.2811@example.com,F,2024-12-15,Jl. Sudirman No. 62,Pontianak,Kalimantan Barat
CUST02812,Ilham Saputra,ilham.saputra.2812@example.com,F,2024-12-16,Jl. Pemuda No. 127,Surabaya,Jawa Timur
CUST02813,Adit Anggraini,adit.anggraini.2813@example.com,F,2024-12-21,Jl. Kenanga No. 159,Bantul,DI Yogyakarta
CUST02814,Andi Maulana,andi.maulana.2814@example.com,F,2024-06-09,Jl. Merdeka No. 97,Jakarta,DKI Jakarta
CUST02815,Arif Santoso,arif.santoso.2815@example.com,F,2024-05-28,Jl. Pemuda No. 3,Bantul,DI Yogyakarta
CUST02816,Rizky Nugroho,rizky.nugroho.2816@example.com,F,2024-05-04,Jl. Diponegoro No. 38,Makassar,Sulawesi Selatan
CUST02817,Andi Ramadhan,andi.ramadhan.2817@example.com,F,2024-07-31,Jl. Kenanga No. 97,Depok,Jawa Barat
CUST02818,Rina Pratama,rina.pratama.2818@example.com,M,2024-02-04,Jl. Kenanga No. 50,Medan,Sumatera Utara
CUST02819,Galih Hidayat,galih.hidayat.2819@example.com,M,2024-04-28,Jl. Veteran No. 223,Tangerang,Banten
CUST02820,Nabila Lestari,nabila.lestari.2820@example.com,M,2024-09-21,Jl. Melati No. 231,Bandung,Jawa Barat
CUST02821,Nadia Lestari,nadia.lestari.2821@example.com,F,2024-11-14,Jl. Veteran No. 148,Surakarta,Jawa Tengah
CUST02822,Naufal Hakim,naufal.hakim.2822@example.com,F,2024-06-19,Jl. Gajah Mada No. 1,Yogyakarta,DI Yogyakarta
CUST02823,Naufal Nugroho,naufal.nugroho.2823@example.com,M,2024-08-24,Jl. Veteran No. 198,Malang,Jawa Timur
CUST02824,Naufal Setiawan,naufal.setiawan.2824@example.com,M,2024-10-05,Jl. Sudirman No. 103,Surakarta,Jawa Tengah
CUST02825,Dimas Syahputra,dimas.syahputra.2825@example.com,M,2024-01-19,Jl. Gajah Mada No. 208,Tangerang,Banten
CUST02826,Andi Ramadhan,andi.ramadhan.2826@example.com,M,2024-04-26,Jl. Sudirman No. 185,Jakarta,DKI Jakarta
CUST02827,Putri Wijaya,putri.wijaya.2827@example.com,F,2024-01-23,Jl. Gajah Mada No. 183,Semarang,Jawa Tengah
CUST02828,Naufal Kurniawan,naufal.kurniawan.2828@example.com,F,2024-01-29,Jl. Gajah Mada No. 50,Depok,Jawa Barat
CUST02829,Rizky Hidayat,rizky.hidayat.2829@example.com,M,2024-03-09,Jl. Merdeka No. 13,Tangerang,Banten
CUST02830,Adit Rahmawati,adit.rahmawati.2830@example.com,F,2024-10-05,Jl. Sudirman No. 200,Bantul,DI Yogyakarta
CUST02831,Naufal Pratama,naufal.pratama.2831@example.com,F,2024-07-17,Jl. Sudirman No. 120,Samarinda,Kalimantan Timur
CUST02832,Bayu Puspitasari,bayu.puspitasari.2832@example.com,M,2024-01-17,Jl. Veteran No. 87,Semarang,Jawa Tengah
CUST02833,Intan Wulandari,intan.wulandari.2833@example.com,F,2024-02-12,Jl. Sudirman No. 97,Pontianak,Kalimantan Barat
CUST02834,Nabila Nugroho,nabila.nugroho.2834@example.com,F,2024-01-04,Jl. Veteran No. 160,Denpasar,Bali
CUST02835,Bayu Nugroho,bayu.nugroho.2835@example.com,F,2024-12-06,Jl. Melati No. 178,Sleman,DI Yogyakarta
CUST02836,Nadia Syahputra,nadia.syahputra.2836@example.com,F,2024-09-14,Jl. Merdeka No. 24,Medan,Sumatera Utara
CUST02837,Yoga Kurniawan,yoga.kurniawan.2837@example.com,F,2024-08-15,Jl. Diponegoro No. 42,Semarang,Jawa Tengah
CUST02838,Intan Setiawan,intan.setiawan.2838@example.com,M,2024-03-21,Jl. Veteran No. 120,Pontianak,Kalimantan Barat
CUST02839,Intan Puspitasari,intan.puspitasari.2839@example.com,F,2024-09-24,Jl. Merdeka No. 95,Malang,Jawa Timur
CUST02840,Naufal Lestari,naufal.lestari.2840@example.com,M,2024-12-05,Jl. Veteran No. 177,Surabaya,Jawa Timur
CUST02841,Maya Permana,maya.permana.2841@example.com,M,2024-06-28,Jl. Merdeka No. 238,Denpasar,Bali
CUST02842,Bayu Syahputra,bayu.syahputra.2842@example.com,F,2024-09-23,Jl. Kenanga No. 77,Malang,Jawa Timur
CUST02843,Nadia Pratama,nadia.pratama.2843@example.com,M,2024-07-12,Jl. Melati No. 139,Palembang,Sumatera Selatan
CUST02844,Putri Kurniawan,putri.kurniawan.2844@example.com,F,2024-05-09,Jl. Veteran No. 2,Bekasi,Jawa Barat
CUST02845,Yoga Setiawan,yoga.setiawan.2845@example.com,F,2024-03-22,Jl. Veteran No. 141,Depok,Jawa Barat
CUST02846,Naufal Pratama,naufal.pratama.2846@example.com,F,2024-04-04,Jl. Melati No. 154,Bekasi,Jawa Barat
CUST02847,Bagas Utami,bagas.utami.2847@example.com,F,2024-09-09,Jl. Diponegoro No. 121,Balikpapan,Kalimantan Timur
CUST02848,Aisyah Wijaya,aisyah.wijaya.2848@example.com,F,2024-07-30,Jl. Pemuda No. 146,Makassar,Sulawesi Selatan
CUST02849,Adit Kurniawan,adit.kurniawan.2849@example.com,F,2024-11-13,Jl. Sudirman No. 105,Malang,Jawa Timur
CUST02850,Farah Lestari,farah.lestari.2850@example.com,F,2024-04-07,Jl. Sudirman No. 79,Tangerang,Banten
CUST02851,Dimas Setiawan,dimas.setiawan.2851@example.com,F,2024-03-13,Jl. Kenanga No. 42,Semarang,Jawa Tengah
CUST02852,Andi Santoso,andi.santoso.2852@example.com,F,2024-04-20,Jl. Melati No. 100,Denpasar,Bali
CUST02853,Yoga Wijaya,yoga.wijaya.2853@example.com,M,2024-11-15,Jl. Merdeka No. 35,Pontianak,Kalimantan Barat
CUST02854,Naufal Santoso,naufal.santoso.2854@example.com,M,2024-12-21,Jl. Merdeka No. 212,Depok,Jawa Barat
CUST02855,Dimas Puspitasari,dimas.puspitasari.2855@example.com,M,2024-04-03,Jl. Kenanga No. 43,Jakarta,DKI Jakarta
CUST02856,Dimas Hakim,dimas.hakim.2856@example.com,F,2024-05-21,Jl. Diponegoro No. 53,Surabaya,Jawa Timur
CUST02857,Arif Utami,arif.utami.2857@example.com,F,2024-06-13,Jl. Melati No. 47,Jakarta,DKI Jakarta
CUST02858,Aisyah Wulandari,aisyah.wulandari.2858@example.com,F,2024-01-16,Jl. Merdeka No. 228,Semarang,Jawa Tengah
CUST02859,Fajar Wulandari,fajar.wulandari.2859@example.com,F,2024-12-14,Jl. Diponegoro No. 191,Semarang,Jawa Tengah
CUST02860,Naufal Syahputra,naufal.syahputra.2860@example.com,M,2024-03-09,Jl. Gajah Mada No. 250,Malang,Jawa Timur
CUST02861,Adit Rahmawati,adit.rahmawati.2861@example.com,M,2024-08-24,Jl. Merdeka No. 168,Surabaya,Jawa Timur
CUST02862,Rafi Wijaya,rafi.wijaya.2862@example.com,M,2024-08-23,Jl. Veteran No. 124,Bantul,DI Yogyakarta
CUST02863,Raka Utami,raka.utami.2863@example.com,M,2024-05-18,Jl. Diponegoro No. 170,Medan,Sumatera Utara
CUST02864,Galih Utami,galih.utami.2864@example.com,F,2024-08-23,Jl. Pemuda No. 123,Surabaya,Jawa Timur
CUST02865,Naufal Lestari,naufal.lestari.2865@example.com,F,2024-11-08,Jl. Kenanga No. 34,Medan,Sumatera Utara
CUST02866,Bagas Kurniawan,bagas.kurniawan.2866@example.com,F,2024-03-11,Jl. Merdeka No. 97,Surakarta,Jawa Tengah
CUST02867,Arif Rahmawati,arif.rahmawati.2867@example.com,F,2024-04-15,Jl. Gajah Mada No. 66,Tangerang,Banten
CUST02868,Adit Syahputra,adit.syahputra.2868@example.com,F,2024-08-25,Jl. Melati No. 68,Sleman,DI Yogyakarta
CUST02869,Dewi Maulana,dewi.maulana.2869@example.com,M,2024-06-15,Jl. Pemuda No. 157,Depok,Jawa Barat
CUST02870,Farah Rahmawati,farah.rahmawati.2870@example.com,M,2024-01-16,Jl. Veteran No. 32,Sleman,DI Yogyakarta
CUST02871,Adit Setiawan,adit.setiawan.2871@example.com,M,2024-02-22,Jl. Gajah Mada No. 122,Samarinda,Kalimantan Timur
CUST02872,Aisyah Firmansyah,aisyah.firmansyah.2872@example.com,F,2024-01-03,Jl. Sudirman No. 41,Pontianak,Kalimantan Barat
CUST02873,Hendra Wulandari,hendra.wulandari.2873@example.com,M,2024-03-14,Jl. Sudirman No. 107,Bogor,Jawa Barat
CUST02874,Aisyah Ramadhan,aisyah.ramadhan.2874@example.com,F,2024-10-16,Jl. Kenanga No. 82,Depok,Jawa Barat
CUST02875,Siti Santoso,siti.santoso.2875@example.com,F,2024-12-06,Jl. Pemuda No. 49,Semarang,Jawa Tengah
CUST02876,Bima Saputra,bima.saputra.2876@example.com,F,2024-05-28,Jl. Pemuda No. 77,Yogyakarta,DI Yogyakarta
CUST02877,Intan Ramadhan,intan.ramadhan.2877@example.com,F,2024-06-21,Jl. Melati No. 34,Bandung,Jawa Barat
CUST02878,Naufal Kurniawan,naufal.kurniawan.2878@example.com,F,2024-05-17,Jl. Pemuda No. 185,Bantul,DI Yogyakarta
CUST02879,Fajar Rahmawati,fajar.rahmawati.2879@example.com,F,2024-05-18,Jl. Melati No. 208,Bogor,Jawa Barat
CUST02880,Nabila Syahputra,nabila.syahputra.2880@example.com,M,2024-01-16,Jl. Pemuda No. 153,Bogor,Jawa Barat
CUST02881,Nadia Wulandari,nadia.wulandari.2881@example.com,M,2024-06-30,Jl. Melati No. 119,Malang,Jawa Timur
CUST02882,Ahmad Saputra,ahmad.saputra.2882@example.com,F,2024-02-04,Jl. Gajah Mada No. 21,Bantul,DI Yogyakarta
CUST02883,Ahmad Setiawan,ahmad.setiawan.2883@example.com,F,2024-06-14,Jl. Merdeka No. 4,Jakarta,DKI Jakarta
CUST02884,Hendra Saputra,hendra.saputra.2884@example.com,M,2024-06-13,Jl. Veteran No. 152,Palembang,Sumatera Selatan
CUST02885,Aisyah Nugroho,aisyah.nugroho.2885@example.com,F,2024-05-20,Jl. Kenanga No. 24,Denpasar,Bali
CUST02886,Tiara Puspitasari,tiara.puspitasari.2886@example.com,M,2024-02-18,Jl. Diponegoro No. 247,Malang,Jawa Timur
CUST02887,Adit Permana,adit.permana.2887@example.com,M,2024-06-11,Jl. Melati No. 160,Palembang,Sumatera Selatan
CUST02888,Rina Wulandari,rina.wulandari.2888@example.com,F,2024-10-22,Jl. Sudirman No. 149,Bandung,Jawa Barat
CUST02889,Aulia Hakim,aulia.hakim.2889@example.com,M,2024-07-09,Jl. Sudirman No. 178,Bogor,Jawa Barat
CUST02890,Bima Setiawan,bima.setiawan.2890@example.com,M,2024-07-31,Jl. Pemuda No. 110,Depok,Jawa Barat
CUST02891,Siti Syahputra,siti.syahputra.2891@example.com,F,2024-11-12,Jl. Gajah Mada No. 182,Semarang,Jawa Tengah
CUST02892,Rafi Permana,rafi.permana.2892@example.com,M,2024-10-18,Jl. Melati No. 225,Samarinda,Kalimantan Timur
CUST02893,Rina Saputra,rina.saputra.2893@example.com,M,2024-02-07,Jl. Pemuda No. 2,Samarinda,Kalimantan Timur
CUST02894,Ilham Lestari,ilham.lestari.2894@example.com,F,2024-06-10,Jl. Sudirman No. 210,Semarang,Jawa Tengah
CUST02895,Rafi Puspitasari,rafi.puspitasari.2895@example.com,M,2024-07-09,Jl. Veteran No. 216,Surabaya,Jawa Timur
CUST02896,Bima Anggraini,bima.anggraini.2896@example.com,F,2024-11-09,Jl. Veteran No. 6,Yogyakarta,DI Yogyakarta
CUST02897,Rafi Utami,rafi.utami.2897@example.com,M,2024-07-26,Jl. Veteran No. 65,Bekasi,Jawa Barat
CUST02898,Dimas Maulana,dimas.maulana.2898@example.com,M,2024-03-23,Jl. Sudirman No. 65,Semarang,Jawa Tengah
CUST02899,Ahmad Maulana,ahmad.maulana.2899@example.com,M,2024-11-18,Jl. Kenanga No. 116,Surabaya,Jawa Timur
CUST02900,Dimas Utami,dimas.utami.2900@example.com,F,2024-09-28,Jl. Pemuda No. 111,Palembang,Sumatera Selatan
CUST02901,Maya Saputra,maya.saputra.2901@example.com,M,2024-12-19,Jl. Sudirman No. 170,Balikpapan,Kalimantan Timur
CUST02902,Raka Wijaya,raka.wijaya.2902@example.com,F,2024-04-06,Jl. Melati No. 59,Palembang,Sumatera Selatan
CUST02903,Galih Wijaya,galih.wijaya.2903@example.com,F,2024-07-13,Jl. Merdeka No. 22,Bantul,DI Yogyakarta
CUST02904,Intan Firmansyah,intan.firmansyah.2904@example.com,F,2024-03-03,Jl. Pemuda No. 161,Balikpapan,Kalimantan Timur
CUST02905,Nabila Wijaya,nabila.wijaya.2905@example.com,M,2024-05-21,Jl. Pemuda No. 243,Palembang,Sumatera Selatan
CUST02906,Fajar Hidayat,fajar.hidayat.2906@example.com,M,2024-03-09,Jl. Kenanga No. 155,Tangerang,Banten
CUST02907,Raka Saputra,raka.saputra.2907@example.com,M,2024-10-08,Jl. Melati No. 158,Malang,Jawa Timur
CUST02908,Raka Utami,raka.utami.2908@example.com,M,2024-01-16,Jl. Pemuda No. 249,Bantul,DI Yogyakarta
CUST02909,Hendra Wulandari,hendra.wulandari.2909@example.com,M,2024-07-26,Jl. Kenanga No. 152,Surabaya,Jawa Timur
CUST02910,Dimas Hakim,dimas.hakim.2910@example.com,F,2024-08-12,Jl. Merdeka No. 218,Medan,Sumatera Utara
CUST02911,Bagas Ramadhan,bagas.ramadhan.2911@example.com,F,2024-02-23,Jl. Kenanga No. 250,Makassar,Sulawesi Selatan
CUST02912,Nabila Anggraini,nabila.anggraini.2912@example.com,M,2024-11-29,Jl. Veteran No. 239,Surakarta,Jawa Tengah
CUST02913,Rizky Setiawan,rizky.setiawan.2913@example.com,M,2024-04-23,Jl. Gajah Mada No. 225,Semarang,Jawa Tengah
CUST02914,Tiara Saputra,tiara.saputra.2914@example.com,M,2024-06-01,Jl. Melati No. 109,Tangerang,Banten
CUST02915,Nabila Puspitasari,nabila.puspitasari.2915@example.com,F,2024-09-23,Jl. Melati No. 61,Tangerang,Banten
CUST02916,Rina Puspitasari,rina.puspitasari.2916@example.com,F,2024-11-05,Jl. Veteran No. 231,Bogor,Jawa Barat
CUST02917,Bayu Setiawan,bayu.setiawan.2917@example.com,F,2024-01-02,Jl. Veteran No. 244,Tangerang,Banten
CUST02918,Andi Hakim,andi.hakim.2918@example.com,M,2024-07-27,Jl. Sudirman No. 97,Pontianak,Kalimantan Barat
CUST02919,Fajar Maulana,fajar.maulana.2919@example.com,F,2024-04-19,Jl. Veteran No. 156,Palembang,Sumatera Selatan
CUST02920,Rina Saputra,rina.saputra.2920@example.com,F,2024-02-10,Jl. Melati No. 238,Palembang,Sumatera Selatan
CUST02921,Naufal Utami,naufal.utami.2921@example.com,F,2024-05-02,Jl. Merdeka No. 38,Jakarta,DKI Jakarta
CUST02922,Intan Pratama,intan.pratama.2922@example.com,F,2024-05-27,Jl. Gajah Mada No. 119,Bogor,Jawa Barat
CUST02923,Fajar Santoso,fajar.santoso.2923@example.com,F,2024-12-02,Jl. Merdeka No. 95,Denpasar,Bali
CUST02924,Hendra Pratama,hendra.pratama.2924@example.com,M,2024-09-17,Jl. Melati No. 139,Bantul,DI Yogyakarta
CUST02925,Intan Nugroho,intan.nugroho.2925@example.com,F,2024-03-18,Jl. Veteran No. 154,Depok,Jawa Barat
CUST02926,Farah Firmansyah,farah.firmansyah.2926@example.com,F,2024-12-16,Jl. Gajah Mada No. 24,Yogyakarta,DI Yogyakarta
CUST02927,Adit Hakim,adit.hakim.2927@example.com,M,2024-12-26,Jl. Sudirman No. 189,Malang,Jawa Timur
CUST02928,Ilham Lestari,ilham.lestari.2928@example.com,M,2024-07-15,Jl. Merdeka No. 208,Balikpapan,Kalimantan Timur
CUST02929,Arif Firmansyah,arif.firmansyah.2929@example.com,F,2024-10-12,Jl. Merdeka No. 198,Medan,Sumatera Utara
CUST02930,Nabila Ramadhan,nabila.ramadhan.2930@example.com,F,2024-12-21,Jl. Merdeka No. 178,Bekasi,Jawa Barat
CUST02931,Ilham Puspitasari,ilham.puspitasari.2931@example.com,M,2024-02-12,Jl. Merdeka No. 214,Denpasar,Bali
CUST02932,Bayu Hakim,bayu.hakim.2932@example.com,F,2024-05-27,Jl. Diponegoro No. 111,Samarinda,Kalimantan Timur
CUST02933,Arif Anggraini,arif.anggraini.2933@example.com,F,2024-04-05,Jl. Pemuda No. 239,Yogyakarta,DI Yogyakarta
CUST02934,Rina Pratama,rina.pratama.2934@example.com,M,2024-03-05,Jl. Veteran No. 49,Jakarta,DKI Jakarta
CUST02935,Dimas Hidayat,dimas.hidayat.2935@example.com,M,2024-11-19,Jl. Gajah Mada No. 33,Bogor,Jawa Barat
CUST02936,Naufal Wulandari,naufal.wulandari.2936@example.com,M,2024-11-02,Jl. Sudirman No. 171,Palembang,Sumatera Selatan
CUST02937,Fajar Pratama,fajar.pratama.2937@example.com,M,2024-09-25,Jl. Diponegoro No. 5,Denpasar,Bali
CUST02938,Adit Pratama,adit.pratama.2938@example.com,M,2024-02-15,Jl. Gajah Mada No. 140,Medan,Sumatera Utara
CUST02939,Naufal Nugroho,naufal.nugroho.2939@example.com,M,2024-07-01,Jl. Veteran No. 56,Sleman,DI Yogyakarta
CUST02940,Arif Hidayat,arif.hidayat.2940@example.com,M,2024-11-06,Jl. Merdeka No. 145,Denpasar,Bali
CUST02941,Bayu Hidayat,bayu.hidayat.2941@example.com,M,2024-10-08,Jl. Merdeka No. 189,Medan,Sumatera Utara
CUST02942,Siti Nugroho,siti.nugroho.2942@example.com,M,2024-10-22,Jl. Sudirman No. 167,Depok,Jawa Barat
CUST02943,Maya Santoso,maya.santoso.2943@example.com,F,2024-12-21,Jl. Gajah Mada No. 221,Bogor,Jawa Barat
CUST02944,Putri Setiawan,putri.setiawan.2944@example.com,F,2024-10-05,Jl. Veteran No. 109,Semarang,Jawa Tengah
CUST02945,Fajar Syahputra,fajar.syahputra.2945@example.com,M,2024-12-19,Jl. Veteran No. 242,Depok,Jawa Barat
CUST02946,Tiara Wulandari,tiara.wulandari.2946@example.com,M,2024-02-14,Jl. Gajah Mada No. 119,Jakarta,DKI Jakarta
CUST02947,Naufal Utami,naufal.utami.2947@example.com,F,2024-04-12,Jl. Sudirman No. 68,Bandung,Jawa Barat
CUST02948,Rina Ramadhan,rina.ramadhan.2948@example.com,M,2024-05-21,Jl. Diponegoro No. 116,Tangerang,Banten
CUST02949,Nadia Kurniawan,nadia.kurniawan.2949@example.com,M,2024-10-24,Jl. Veteran No. 147,Palembang,Sumatera Selatan
CUST02950,Dewi Pratama,dewi.pratama.2950@example.com,M,2024-03-10,Jl. Gajah Mada No. 74,Bantul,DI Yogyakarta
CUST02951,Aisyah Setiawan,aisyah.setiawan.2951@example.com,M,2024-04-08,Jl. Sudirman No. 30,Yogyakarta,DI Yogyakarta
CUST02952,Arif Permana,arif.permana.2952@example.com,M,2024-04-03,Jl. Melati No. 234,Sleman,DI Yogyakarta
CUST02953,Hendra Utami,hendra.utami.2953@example.com,M,2024-02-18,Jl. Gajah Mada No. 103,Bogor,Jawa Barat
CUST02954,Adit Utami,adit.utami.2954@example.com,F,2024-08-05,Jl. Veteran No. 20,Yogyakarta,DI Yogyakarta
CUST02955,Aulia Wijaya,aulia.wijaya.2955@example.com,M,2024-05-10,Jl. Diponegoro No. 74,Yogyakarta,DI Yogyakarta
CUST02956,Yoga Syahputra,yoga.syahputra.2956@example.com,F,2024-11-08,Jl. Diponegoro No. 184,Surabaya,Jawa Timur
CUST02957,Rafi Utami,rafi.utami.2957@example.com,F,2024-06-01,Jl. Sudirman No. 218,Jakarta,DKI Jakarta
CUST02958,Rina Saputra,rina.saputra.2958@example.com,F,2024-09-27,Jl. Sudirman No. 92,Bekasi,Jawa Barat
CUST02959,Rafi Puspitasari,rafi.puspitasari.2959@example.com,F,2024-01-04,Jl. Pemuda No. 12,Tangerang,Banten
CUST02960,Reza Pratama,reza.pratama.2960@example.com,F,2024-12-02,Jl. Pemuda No. 116,Bekasi,Jawa Barat
CUST02961,Naufal Maulana,naufal.maulana.2961@example.com,F,2024-02-02,Jl. Melati No. 118,Medan,Sumatera Utara
CUST02962,Aulia Wijaya,aulia.wijaya.2962@example.com,F,2024-08-01,Jl. Merdeka No. 195,Bandung,Jawa Barat
CUST02963,Dimas Anggraini,dimas.anggraini.2963@example.com,F,2024-12-04,Jl. Melati No. 182,Semarang,Jawa Tengah
CUST02964,Rizky Wijaya,rizky.wijaya.2964@example.com,F,2024-12-30,Jl. Veteran No. 217,Makassar,Sulawesi Selatan
CUST02965,Farah Syahputra,farah.syahputra.2965@example.com,M,2024-09-15,Jl. Veteran No. 245,Bekasi,Jawa Barat
CUST02966,Putri Wulandari,putri.wulandari.2966@example.com,F,2024-07-11,Jl. Pemuda No. 87,Semarang,Jawa Tengah
CUST02967,Bima Hakim,bima.hakim.2967@example.com,F,2024-09-24,Jl. Gajah Mada No. 248,Bandung,Jawa Barat
CUST02968,Intan Anggraini,intan.anggraini.2968@example.com,M,2024-08-21,Jl. Pemuda No. 56,Medan,Sumatera Utara
CUST02969,Ahmad Hidayat,ahmad.hidayat.2969@example.com,M,2024-10-30,Jl. Merdeka No. 88,Yogyakarta,DI Yogyakarta
CUST02970,Rina Pratama,rina.pratama.2970@example.com,F,2024-10-18,Jl. Gajah Mada No. 170,Denpasar,Bali
CUST02971,Bagas Ramadhan,bagas.ramadhan.2971@example.com,M,2024-05-18,Jl. Sudirman No. 235,Malang,Jawa Timur
CUST02972,Naufal Hidayat,naufal.hidayat.2972@example.com,F,2024-04-02,Jl. Veteran No. 128,Bogor,Jawa Barat
CUST02973,Hendra Ramadhan,hendra.ramadhan.2973@example.com,F,2024-08-26,Jl. Gajah Mada No. 73,Depok,Jawa Barat
CUST02974,Rizky Kurniawan,rizky.kurniawan.2974@example.com,M,2024-05-10,Jl. Sudirman No. 118,Samarinda,Kalimantan Timur
CUST02975,Dimas Wulandari,dimas.wulandari.2975@example.com,F,2024-05-04,Jl. Diponegoro No. 110,Balikpapan,Kalimantan Timur
CUST02976,Fajar Rahmawati,fajar.rahmawati.2976@example.com,F,2024-02-04,Jl. Sudirman No. 40,Semarang,Jawa Tengah
CUST02977,Siti Hakim,siti.hakim.2977@example.com,M,2024-06-10,Jl. Merdeka No. 63,Medan,Sumatera Utara
CUST02978,Putri Kurniawan,putri.kurniawan.2978@example.com,F,2024-07-19,Jl. Pemuda No. 10,Malang,Jawa Timur
CUST02979,Dewi Lestari,dewi.lestari.2979@example.com,M,2024-06-07,Jl. Diponegoro No. 16,Bekasi,Jawa Barat
CUST02980,Putri Utami,putri.utami.2980@example.com,M,2024-02-23,Jl. Veteran No. 175,Balikpapan,Kalimantan Timur
CUST02981,Rina Wijaya,rina.wijaya.2981@example.com,F,2024-10-26,Jl. Veteran No. 108,Jakarta,DKI Jakarta
CUST02982,Raka Kurniawan,raka.kurniawan.2982@example.com,M,2024-02-05,Jl. Gajah Mada No. 203,Tangerang,Banten
CUST02983,Tiara Ramadhan,tiara.ramadhan.2983@example.com,M,2024-12-12,Jl. Sudirman No. 28,Pontianak,Kalimantan Barat
CUST02984,Ahmad Santoso,ahmad.santoso.2984@example.com,F,2024-04-28,Jl. Diponegoro No. 179,Bantul,DI Yogyakarta
CUST02985,Tiara Santoso,tiara.santoso.2985@example.com,M,2024-11-07,Jl. Melati No. 187,Tangerang,Banten
CUST02986,Ahmad Rahmawati,ahmad.rahmawati.2986@example.com,M,2024-10-22,Jl. Sudirman No. 81,Makassar,Sulawesi Selatan
CUST02987,Bayu Wijaya,bayu.wijaya.2987@example.com,F,2024-08-15,Jl. Diponegoro No. 150,Bogor,Jawa Barat
CUST02988,Bagas Wulandari,bagas.wulandari.2988@example.com,F,2024-10-29,Jl. Merdeka No. 240,Tangerang,Banten
CUST02989,Rafi Maulana,rafi.maulana.2989@example.com,M,2024-09-07,Jl. Merdeka No. 29,Surakarta,Jawa Tengah
CUST02990,Aisyah Utami,aisyah.utami.2990@example.com,F,2024-02-19,Jl. Pemuda No. 179,Tangerang,Banten
CUST02991,Intan Anggraini,intan.anggraini.2991@example.com,M,2024-03-26,Jl. Merdeka No. 122,Tangerang,Banten
CUST02992,Farah Santoso,farah.santoso.2992@example.com,M,2024-02-23,Jl. Melati No. 167,Surabaya,Jawa Timur
CUST02993,Bima Firmansyah,bima.firmansyah.2993@example.com,M,2024-12-27,Jl. Melati No. 200,Denpasar,Bali
CUST02994,Reza Setiawan,reza.setiawan.2994@example.com,M,2024-04-21,Jl. Diponegoro No. 20,Samarinda,Kalimantan Timur
CUST02995,Adit Hidayat,adit.hidayat.2995@example.com,F,2024-09-05,Jl. Melati No. 164,Bantul,DI Yogyakarta
CUST02996,Dewi Nugroho,dewi.nugroho.2996@example.com,M,2024-07-12,Jl. Merdeka No. 127,Palembang,Sumatera Selatan
CUST02997,Dewi Setiawan,dewi.setiawan.2997@example.com,F,2024-04-18,Jl. Sudirman No. 197,Bogor,Jawa Barat
CUST02998,Yoga Setiawan,yoga.setiawan.2998@example.com,M,2024-10-18,Jl. Diponegoro No. 217,Medan,Sumatera Utara
CUST02999,Tiara Setiawan,tiara.setiawan.2999@example.com,F,2024-02-18,Jl. Melati No. 78,Samarinda,Kalimantan Timur
CUST03000,Bayu Wulandari,bayu.wulandari.3000@example.com,F,2024-01-15,Jl. Kenanga No. 212,Bekasi,Jawa Barat
CUST03001,Rafi Ramadhan,rafi.ramadhan.3001@example.com,F,2024-01-27,Jl. Melati No. 180,Jakarta,DKI Jakarta
CUST03002,Putri Lestari,putri.lestari.3002@example.com,F,2024-04-18,Jl. Kenanga No. 148,Jakarta,DKI Jakarta
CUST03003,Bayu Nugroho,bayu.nugroho.3003@example.com,M,2024-11-08,Jl. Merdeka No. 39,Tangerang,Banten
CUST03004,Farah Permana,farah.permana.3004@example.com,F,2024-08-30,Jl. Sudirman No. 118,Malang,Jawa Timur
CUST03005,Maya Hidayat,maya.hidayat.3005@example.com,F,2024-12-01,Jl. Diponegoro No. 183,Surakarta,Jawa Tengah
CUST03006,Bima Setiawan,bima.setiawan.3006@example.com,M,2024-01-26,Jl. Veteran No. 154,Bekasi,Jawa Barat
CUST03007,Yoga Setiawan,yoga.setiawan.3007@example.com,M,2024-12-13,Jl. Sudirman No. 66,Surakarta,Jawa Tengah
CUST03008,Rizky Syahputra,rizky.syahputra.3008@example.com,M,2024-07-19,Jl. Gajah Mada No. 142,Malang,Jawa Timur
CUST03009,Tiara Santoso,tiara.santoso.3009@example.com,M,2024-11-08,Jl. Sudirman No. 208,Makassar,Sulawesi Selatan
CUST03010,Bagas Pratama,bagas.pratama.3010@example.com,F,2024-02-05,Jl. Kenanga No. 149,Balikpapan,Kalimantan Timur
CUST03011,Reza Rahmawati,reza.rahmawati.3011@example.com,M,2024-03-17,Jl. Pemuda No. 200,Medan,Sumatera Utara
CUST03012,Farah Wulandari,farah.wulandari.3012@example.com,F,2024-02-01,Jl. Sudirman No. 113,Jakarta,DKI Jakarta
CUST03013,Hendra Nugroho,hendra.nugroho.3013@example.com,M,2024-10-25,Jl. Pemuda No. 149,Surabaya,Jawa Timur
CUST03014,Raka Syahputra,raka.syahputra.3014@example.com,M,2024-01-26,Jl. Pemuda No. 167,Bandung,Jawa Barat
CUST03015,Hendra Pratama,hendra.pratama.3015@example.com,M,2024-12-08,Jl. Diponegoro No. 170,Jakarta,DKI Jakarta
CUST03016,Aisyah Hidayat,aisyah.hidayat.3016@example.com,F,2024-08-11,Jl. Gajah Mada No. 60,Pontianak,Kalimantan Barat
CUST03017,Siti Nugroho,siti.nugroho.3017@example.com,M,2024-01-20,Jl. Veteran No. 49,Denpasar,Bali
CUST03018,Adit Puspitasari,adit.puspitasari.3018@example.com,F,2024-09-14,Jl. Melati No. 143,Depok,Jawa Barat
CUST03019,Andi Maulana,andi.maulana.3019@example.com,M,2024-06-11,Jl. Merdeka No. 128,Malang,Jawa Timur
CUST03020,Raka Utami,raka.utami.3020@example.com,F,2024-05-18,Jl. Pemuda No. 139,Pontianak,Kalimantan Barat
CUST03021,Dewi Maulana,dewi.maulana.3021@example.com,F,2024-02-05,Jl. Merdeka No. 144,Denpasar,Bali
CUST03022,Rafi Utami,rafi.utami.3022@example.com,M,2024-10-21,Jl. Kenanga No. 38,Bandung,Jawa Barat
CUST03023,Rizky Hakim,rizky.hakim.3023@example.com,M,2024-06-04,Jl. Veteran No. 240,Medan,Sumatera Utara
CUST03024,Dimas Pratama,dimas.pratama.3024@example.com,M,2024-01-06,Jl. Diponegoro No. 243,Jakarta,DKI Jakarta
CUST03025,Bayu Puspitasari,bayu.puspitasari.3025@example.com,M,2024-06-25,Jl. Pemuda No. 142,Denpasar,Bali
CUST03026,Nadia Syahputra,nadia.syahputra.3026@example.com,M,2024-05-02,Jl. Diponegoro No. 38,Bantul,DI Yogyakarta
CUST03027,Yoga Wijaya,yoga.wijaya.3027@example.com,F,2024-03-28,Jl. Veteran No. 97,Jakarta,DKI Jakarta
CUST03028,Dimas Kurniawan,dimas.kurniawan.3028@example.com,M,2024-04-29,Jl. Veteran No. 96,Bekasi,Jawa Barat
CUST03029,Naufal Pratama,naufal.pratama.3029@example.com,F,2024-06-09,Jl. Melati No. 211,Surakarta,Jawa Tengah
CUST03030,Aulia Lestari,aulia.lestari.3030@example.com,M,2024-02-06,Jl. Kenanga No. 77,Semarang,Jawa Tengah
CUST03031,Rizky Hakim,rizky.hakim.3031@example.com,M,2024-11-29,Jl. Veteran No. 165,Tangerang,Banten
CUST03032,Bagas Firmansyah,bagas.firmansyah.3032@example.com,M,2024-07-20,Jl. Pemuda No. 210,Depok,Jawa Barat
CUST03033,Nabila Setiawan,nabila.setiawan.3033@example.com,M,2024-01-20,Jl. Kenanga No. 87,Surakarta,Jawa Tengah
CUST03034,Bagas Nugroho,bagas.nugroho.3034@example.com,F,2024-03-28,Jl. Diponegoro No. 164,Bandung,Jawa Barat
CUST03035,Reza Wulandari,reza.wulandari.3035@example.com,M,2024-03-06,Jl. Veteran No. 174,Surabaya,Jawa Timur
CUST03036,Ahmad Hidayat,ahmad.hidayat.3036@example.com,M,2024-06-01,Jl. Diponegoro No. 44,Samarinda,Kalimantan Timur
CUST03037,Arif Nugroho,arif.nugroho.3037@example.com,M,2024-01-25,Jl. Veteran No. 244,Semarang,Jawa Tengah
CUST03038,Nabila Ramadhan,nabila.ramadhan.3038@example.com,M,2024-03-11,Jl. Merdeka No. 94,Balikpapan,Kalimantan Timur
CUST03039,Tiara Hidayat,tiara.hidayat.3039@example.com,F,2024-10-11,Jl. Diponegoro No. 147,Surabaya,Jawa Timur
CUST03040,Dimas Nugroho,dimas.nugroho.3040@example.com,M,2024-07-25,Jl. Diponegoro No. 230,Palembang,Sumatera Selatan
CUST03041,Raka Santoso,raka.santoso.3041@example.com,F,2024-04-26,Jl. Gajah Mada No. 145,Bogor,Jawa Barat
CUST03042,Hendra Anggraini,hendra.anggraini.3042@example.com,M,2024-05-14,Jl. Gajah Mada No. 115,Depok,Jawa Barat
CUST03043,Nadia Pratama,nadia.pratama.3043@example.com,M,2024-09-27,Jl. Melati No. 241,Tangerang,Banten
CUST03044,Siti Puspitasari,siti.puspitasari.3044@example.com,M,2024-01-05,Jl. Veteran No. 135,Surakarta,Jawa Tengah
CUST03045,Rina Nugroho,rina.nugroho.3045@example.com,M,2024-01-14,Jl. Pemuda No. 96,Denpasar,Bali
CUST03046,Rafi Utami,rafi.utami.3046@example.com,M,2024-06-21,Jl. Kenanga No. 64,Bogor,Jawa Barat
CUST03047,Dimas Puspitasari,dimas.puspitasari.3047@example.com,F,2024-11-30,Jl. Gajah Mada No. 229,Malang,Jawa Timur
CUST03048,Maya Hakim,maya.hakim.3048@example.com,M,2024-07-08,Jl. Diponegoro No. 193,Semarang,Jawa Tengah
CUST03049,Naufal Saputra,naufal.saputra.3049@example.com,M,2024-04-09,Jl. Diponegoro No. 195,Medan,Sumatera Utara
CUST03050,Fajar Ramadhan,fajar.ramadhan.3050@example.com,M,2024-08-03,Jl. Pemuda No. 17,Surakarta,Jawa Tengah
CUST03051,Ahmad Rahmawati,ahmad.rahmawati.3051@example.com,M,2024-05-09,Jl. Gajah Mada No. 119,Bandung,Jawa Barat
CUST03052,Galih Permana,galih.permana.3052@example.com,F,2024-12-18,Jl. Merdeka No. 22,Medan,Sumatera Utara
CUST03053,Rafi Wijaya,rafi.wijaya.3053@example.com,F,2024-03-26,Jl. Kenanga No. 235,Surakarta,Jawa Tengah
CUST03054,Ilham Wulandari,ilham.wulandari.3054@example.com,F,2024-04-18,Jl. Pemuda No. 87,Surabaya,Jawa Timur
CUST03055,Naufal Wijaya,naufal.wijaya.3055@example.com,F,2024-12-26,Jl. Veteran No. 100,Surakarta,Jawa Tengah
CUST03056,Dewi Firmansyah,dewi.firmansyah.3056@example.com,M,2024-11-22,Jl. Merdeka No. 234,Makassar,Sulawesi Selatan
CUST03057,Aulia Setiawan,aulia.setiawan.3057@example.com,M,2024-04-28,Jl. Diponegoro No. 22,Bekasi,Jawa Barat
CUST03058,Intan Wijaya,intan.wijaya.3058@example.com,M,2024-06-12,Jl. Sudirman No. 216,Denpasar,Bali
CUST03059,Rizky Maulana,rizky.maulana.3059@example.com,F,2024-07-09,Jl. Gajah Mada No. 204,Depok,Jawa Barat
CUST03060,Galih Lestari,galih.lestari.3060@example.com,F,2024-08-23,Jl. Gajah Mada No. 227,Depok,Jawa Barat
CUST03061,Rizky Utami,rizky.utami.3061@example.com,M,2024-04-01,Jl. Sudirman No. 40,Surabaya,Jawa Timur
CUST03062,Rafi Permana,rafi.permana.3062@example.com,M,2024-01-28,Jl. Sudirman No. 219,Samarinda,Kalimantan Timur
CUST03063,Maya Kurniawan,maya.kurniawan.3063@example.com,F,2024-12-31,Jl. Gajah Mada No. 221,Depok,Jawa Barat
CUST03064,Bima Syahputra,bima.syahputra.3064@example.com,M,2024-11-04,Jl. Sudirman No. 195,Depok,Jawa Barat
CUST03065,Aisyah Wulandari,aisyah.wulandari.3065@example.com,F,2024-03-08,Jl. Diponegoro No. 168,Bogor,Jawa Barat
CUST03066,Bagas Permana,bagas.permana.3066@example.com,M,2024-09-25,Jl. Melati No. 69,Surabaya,Jawa Timur
CUST03067,Reza Hidayat,reza.hidayat.3067@example.com,M,2024-01-26,Jl. Kenanga No. 97,Surabaya,Jawa Timur
CUST03068,Nabila Puspitasari,nabila.puspitasari.3068@example.com,F,2024-02-15,Jl. Kenanga No. 103,Bogor,Jawa Barat
CUST03069,Aulia Hidayat,aulia.hidayat.3069@example.com,F,2024-08-09,Jl. Sudirman No. 5,Bekasi,Jawa Barat
CUST03070,Nadia Rahmawati,nadia.rahmawati.3070@example.com,M,2024-10-27,Jl. Melati No. 119,Surabaya,Jawa Timur
CUST03071,Farah Rahmawati,farah.rahmawati.3071@example.com,M,2024-02-29,Jl. Melati No. 147,Surabaya,Jawa Timur
CUST03072,Adit Lestari,adit.lestari.3072@example.com,M,2024-07-20,Jl. Veteran No. 130,Balikpapan,Kalimantan Timur
CUST03073,Raka Lestari,raka.lestari.3073@example.com,M,2024-09-17,Jl. Sudirman No. 124,Sleman,DI Yogyakarta
CUST03074,Aulia Utami,aulia.utami.3074@example.com,M,2024-05-15,Jl. Melati No. 163,Balikpapan,Kalimantan Timur
CUST03075,Aulia Wijaya,aulia.wijaya.3075@example.com,F,2024-05-07,Jl. Merdeka No. 162,Palembang,Sumatera Selatan
CUST03076,Bima Nugroho,bima.nugroho.3076@example.com,F,2024-06-02,Jl. Veteran No. 52,Bantul,DI Yogyakarta
CUST03077,Tiara Nugroho,tiara.nugroho.3077@example.com,F,2024-05-13,Jl. Veteran No. 28,Yogyakarta,DI Yogyakarta
CUST03078,Aisyah Pratama,aisyah.pratama.3078@example.com,F,2024-11-18,Jl. Diponegoro No. 161,Bandung,Jawa Barat
CUST03079,Intan Maulana,intan.maulana.3079@example.com,M,2024-10-05,Jl. Diponegoro No. 232,Denpasar,Bali
CUST03080,Rizky Santoso,rizky.santoso.3080@example.com,M,2024-01-15,Jl. Pemuda No. 71,Surakarta,Jawa Tengah
CUST03081,Adit Hidayat,adit.hidayat.3081@example.com,M,2024-01-06,Jl. Veteran No. 143,Yogyakarta,DI Yogyakarta
CUST03082,Rizky Anggraini,rizky.anggraini.3082@example.com,M,2024-03-28,Jl. Melati No. 139,Sleman,DI Yogyakarta
CUST03083,Rafi Utami,rafi.utami.3083@example.com,F,2024-12-02,Jl. Diponegoro No. 96,Malang,Jawa Timur
CUST03084,Rafi Kurniawan,rafi.kurniawan.3084@example.com,F,2024-11-17,Jl. Gajah Mada No. 104,Pontianak,Kalimantan Barat
CUST03085,Yoga Lestari,yoga.lestari.3085@example.com,M,2024-10-20,Jl. Gajah Mada No. 63,Samarinda,Kalimantan Timur
CUST03086,Putri Pratama,putri.pratama.3086@example.com,M,2024-06-02,Jl. Melati No. 80,Surabaya,Jawa Timur
CUST03087,Aulia Lestari,aulia.lestari.3087@example.com,M,2024-08-01,Jl. Merdeka No. 218,Semarang,Jawa Tengah
CUST03088,Rizky Firmansyah,rizky.firmansyah.3088@example.com,M,2024-01-28,Jl. Pemuda No. 195,Surabaya,Jawa Timur
CUST03089,Ilham Maulana,ilham.maulana.3089@example.com,M,2024-12-15,Jl. Sudirman No. 41,Palembang,Sumatera Selatan
CUST03090,Siti Firmansyah,siti.firmansyah.3090@example.com,F,2024-12-30,Jl. Veteran No. 234,Malang,Jawa Timur
CUST03091,Rina Wijaya,rina.wijaya.3091@example.com,F,2024-07-13,Jl. Merdeka No. 95,Bogor,Jawa Barat
CUST03092,Dimas Permana,dimas.permana.3092@example.com,M,2024-02-15,Jl. Diponegoro No. 162,Samarinda,Kalimantan Timur
CUST03093,Rina Nugroho,rina.nugroho.3093@example.com,M,2024-03-11,Jl. Gajah Mada No. 11,Bantul,DI Yogyakarta
CUST03094,Rina Nugroho,rina.nugroho.3094@example.com,F,2024-01-22,Jl. Gajah Mada No. 180,Makassar,Sulawesi Selatan
CUST03095,Fajar Utami,fajar.utami.3095@example.com,M,2024-05-15,Jl. Veteran No. 152,Yogyakarta,DI Yogyakarta
CUST03096,Putri Saputra,putri.saputra.3096@example.com,M,2024-09-25,Jl. Sudirman No. 240,Depok,Jawa Barat
CUST03097,Hendra Firmansyah,hendra.firmansyah.3097@example.com,F,2024-01-09,Jl. Pemuda No. 14,Surakarta,Jawa Tengah
CUST03098,Nabila Kurniawan,nabila.kurniawan.3098@example.com,M,2024-09-25,Jl. Pemuda No. 176,Makassar,Sulawesi Selatan
CUST03099,Naufal Wulandari,naufal.wulandari.3099@example.com,F,2024-09-16,Jl. Merdeka No. 237,Surabaya,Jawa Timur
CUST03100,Arif Pratama,arif.pratama.3100@example.com,F,2024-02-18,Jl. Gajah Mada No. 98,Pontianak,Kalimantan Barat
CUST03101,Nabila Anggraini,nabila.anggraini.3101@example.com,M,2024-04-22,Jl. Kenanga No. 31,Sleman,DI Yogyakarta
CUST03102,Hendra Lestari,hendra.lestari.3102@example.com,F,2024-10-11,Jl. Gajah Mada No. 41,Medan,Sumatera Utara
CUST03103,Aulia Ramadhan,aulia.ramadhan.3103@example.com,F,2024-07-23,Jl. Veteran No. 225,Bantul,DI Yogyakarta
CUST03104,Dewi Utami,dewi.utami.3104@example.com,F,2024-02-24,Jl. Veteran No. 232,Surabaya,Jawa Timur
CUST03105,Rizky Maulana,rizky.maulana.3105@example.com,M,2024-06-05,Jl. Kenanga No. 27,Makassar,Sulawesi Selatan
CUST03106,Reza Wulandari,reza.wulandari.3106@example.com,M,2024-04-30,Jl. Melati No. 31,Balikpapan,Kalimantan Timur
CUST03107,Maya Maulana,maya.maulana.3107@example.com,F,2024-09-07,Jl. Diponegoro No. 169,Jakarta,DKI Jakarta
CUST03108,Tiara Syahputra,tiara.syahputra.3108@example.com,F,2024-11-11,Jl. Gajah Mada No. 165,Bogor,Jawa Barat
CUST03109,Tiara Hakim,tiara.hakim.3109@example.com,M,2024-03-14,Jl. Pemuda No. 144,Sleman,DI Yogyakarta
CUST03110,Tiara Wulandari,tiara.wulandari.3110@example.com,F,2024-06-24,Jl. Diponegoro No. 145,Depok,Jawa Barat
CUST03111,Bagas Rahmawati,bagas.rahmawati.3111@example.com,F,2024-07-18,Jl. Gajah Mada No. 95,Depok,Jawa Barat
CUST03112,Farah Saputra,farah.saputra.3112@example.com,M,2024-05-17,Jl. Gajah Mada No. 99,Samarinda,Kalimantan Timur
CUST03113,Bima Hakim,bima.hakim.3113@example.com,F,2024-08-01,Jl. Gajah Mada No. 108,Surakarta,Jawa Tengah
CUST03114,Reza Rahmawati,reza.rahmawati.3114@example.com,F,2024-02-02,Jl. Diponegoro No. 153,Pontianak,Kalimantan Barat
CUST03115,Aulia Maulana,aulia.maulana.3115@example.com,F,2024-01-11,Jl. Diponegoro No. 15,Palembang,Sumatera Selatan
CUST03116,Arif Permana,arif.permana.3116@example.com,M,2024-08-24,Jl. Kenanga No. 187,Sleman,DI Yogyakarta
CUST03117,Ilham Wulandari,ilham.wulandari.3117@example.com,M,2024-08-01,Jl. Melati No. 216,Semarang,Jawa Tengah
CUST03118,Naufal Lestari,naufal.lestari.3118@example.com,M,2024-07-16,Jl. Sudirman No. 48,Malang,Jawa Timur
CUST03119,Rafi Syahputra,rafi.syahputra.3119@example.com,F,2024-03-15,Jl. Melati No. 204,Sleman,DI Yogyakarta
CUST03120,Nadia Saputra,nadia.saputra.3120@example.com,F,2024-11-10,Jl. Veteran No. 179,Sleman,DI Yogyakarta
CUST03121,Raka Kurniawan,raka.kurniawan.3121@example.com,M,2024-11-01,Jl. Kenanga No. 112,Denpasar,Bali
CUST03122,Arif Syahputra,arif.syahputra.3122@example.com,F,2024-09-08,Jl. Melati No. 56,Samarinda,Kalimantan Timur
CUST03123,Arif Hidayat,arif.hidayat.3123@example.com,M,2024-12-20,Jl. Sudirman No. 36,Bandung,Jawa Barat
CUST03124,Rina Setiawan,rina.setiawan.3124@example.com,F,2024-10-28,Jl. Melati No. 71,Depok,Jawa Barat
CUST03125,Nadia Santoso,nadia.santoso.3125@example.com,F,2024-08-29,Jl. Merdeka No. 173,Tangerang,Banten
CUST03126,Galih Permana,galih.permana.3126@example.com,M,2024-03-10,Jl. Gajah Mada No. 98,Tangerang,Banten
CUST03127,Ahmad Santoso,ahmad.santoso.3127@example.com,M,2024-05-25,Jl. Diponegoro No. 126,Pontianak,Kalimantan Barat
CUST03128,Reza Lestari,reza.lestari.3128@example.com,F,2024-04-25,Jl. Veteran No. 201,Yogyakarta,DI Yogyakarta
CUST03129,Ilham Lestari,ilham.lestari.3129@example.com,M,2024-04-02,Jl. Diponegoro No. 176,Denpasar,Bali
CUST03130,Arif Setiawan,arif.setiawan.3130@example.com,M,2024-12-23,Jl. Kenanga No. 204,Surabaya,Jawa Timur
CUST03131,Raka Puspitasari,raka.puspitasari.3131@example.com,M,2024-07-10,Jl. Veteran No. 177,Surabaya,Jawa Timur
CUST03132,Adit Puspitasari,adit.puspitasari.3132@example.com,F,2024-09-23,Jl. Diponegoro No. 225,Surabaya,Jawa Timur
CUST03133,Galih Rahmawati,galih.rahmawati.3133@example.com,F,2024-11-04,Jl. Sudirman No. 55,Palembang,Sumatera Selatan
CUST03134,Arif Saputra,arif.saputra.3134@example.com,F,2024-01-04,Jl. Merdeka No. 39,Bantul,DI Yogyakarta
CUST03135,Aulia Saputra,aulia.saputra.3135@example.com,F,2024-09-30,Jl. Gajah Mada No. 21,Bantul,DI Yogyakarta
CUST03136,Ilham Kurniawan,ilham.kurniawan.3136@example.com,F,2024-02-23,Jl. Sudirman No. 117,Pontianak,Kalimantan Barat
CUST03137,Hendra Ramadhan,hendra.ramadhan.3137@example.com,F,2024-01-06,Jl. Gajah Mada No. 242,Yogyakarta,DI Yogyakarta
CUST03138,Bima Kurniawan,bima.kurniawan.3138@example.com,M,2024-10-15,Jl. Pemuda No. 39,Semarang,Jawa Tengah
CUST03139,Adit Ramadhan,adit.ramadhan.3139@example.com,M,2024-07-15,Jl. Gajah Mada No. 123,Yogyakarta,DI Yogyakarta
CUST03140,Ahmad Lestari,ahmad.lestari.3140@example.com,M,2024-12-14,Jl. Diponegoro No. 156,Jakarta,DKI Jakarta
CUST03141,Farah Nugroho,farah.nugroho.3141@example.com,F,2024-06-25,Jl. Merdeka No. 5,Samarinda,Kalimantan Timur
CUST03142,Rafi Hidayat,rafi.hidayat.3142@example.com,F,2024-03-29,Jl. Diponegoro No. 18,Sleman,DI Yogyakarta
CUST03143,Rizky Santoso,rizky.santoso.3143@example.com,F,2024-01-24,Jl. Sudirman No. 127,Surabaya,Jawa Timur
CUST03144,Naufal Permana,naufal.permana.3144@example.com,F,2024-10-23,Jl. Pemuda No. 84,Medan,Sumatera Utara
CUST03145,Bima Utami,bima.utami.3145@example.com,F,2024-09-26,Jl. Diponegoro No. 131,Bekasi,Jawa Barat
CUST03146,Bayu Maulana,bayu.maulana.3146@example.com,F,2024-04-17,Jl. Pemuda No. 75,Surakarta,Jawa Tengah
CUST03147,Maya Maulana,maya.maulana.3147@example.com,F,2024-05-01,Jl. Veteran No. 133,Malang,Jawa Timur
CUST03148,Aulia Saputra,aulia.saputra.3148@example.com,M,2024-11-29,Jl. Diponegoro No. 84,Balikpapan,Kalimantan Timur
CUST03149,Dimas Syahputra,dimas.syahputra.3149@example.com,M,2024-09-10,Jl. Kenanga No. 53,Denpasar,Bali
CUST03150,Rafi Permana,rafi.permana.3150@example.com,F,2024-08-27,Jl. Pemuda No. 246,Makassar,Sulawesi Selatan
CUST03151,Andi Ramadhan,andi.ramadhan.3151@example.com,M,2024-04-22,Jl. Gajah Mada No. 186,Bandung,Jawa Barat
CUST03152,Rafi Hakim,rafi.hakim.3152@example.com,M,2024-12-18,Jl. Merdeka No. 21,Depok,Jawa Barat
CUST03153,Putri Hidayat,putri.hidayat.3153@example.com,M,2024-05-01,Jl. Merdeka No. 221,Depok,Jawa Barat
CUST03154,Naufal Nugroho,naufal.nugroho.3154@example.com,F,2024-03-06,Jl. Gajah Mada No. 121,Bekasi,Jawa Barat
CUST03155,Bagas Syahputra,bagas.syahputra.3155@example.com,M,2024-07-22,Jl. Gajah Mada No. 82,Surabaya,Jawa Timur
CUST03156,Rafi Wijaya,rafi.wijaya.3156@example.com,F,2024-04-28,Jl. Kenanga No. 150,Bandung,Jawa Barat
CUST03157,Andi Santoso,andi.santoso.3157@example.com,M,2024-05-27,Jl. Pemuda No. 73,Surakarta,Jawa Tengah
CUST03158,Ilham Saputra,ilham.saputra.3158@example.com,F,2024-06-03,Jl. Diponegoro No. 64,Surakarta,Jawa Tengah
CUST03159,Raka Rahmawati,raka.rahmawati.3159@example.com,F,2024-07-15,Jl. Merdeka No. 176,Bogor,Jawa Barat
CUST03160,Raka Anggraini,raka.anggraini.3160@example.com,F,2024-06-06,Jl. Diponegoro No. 43,Malang,Jawa Timur
CUST03161,Rafi Hidayat,rafi.hidayat.3161@example.com,M,2024-03-15,Jl. Kenanga No. 195,Tangerang,Banten
CUST03162,Ilham Lestari,ilham.lestari.3162@example.com,M,2024-12-06,Jl. Diponegoro No. 108,Balikpapan,Kalimantan Timur
CUST03163,Rizky Syahputra,rizky.syahputra.3163@example.com,F,2024-05-16,Jl. Veteran No. 90,Sleman,DI Yogyakarta
CUST03164,Putri Nugroho,putri.nugroho.3164@example.com,M,2024-03-08,Jl. Pemuda No. 210,Jakarta,DKI Jakarta
CUST03165,Intan Maulana,intan.maulana.3165@example.com,F,2024-01-17,Jl. Veteran No. 211,Semarang,Jawa Tengah
CUST03166,Intan Kurniawan,intan.kurniawan.3166@example.com,F,2024-07-10,Jl. Merdeka No. 132,Bandung,Jawa Barat
CUST03167,Adit Lestari,adit.lestari.3167@example.com,M,2024-07-02,Jl. Pemuda No. 246,Bantul,DI Yogyakarta
CUST03168,Yoga Utami,yoga.utami.3168@example.com,M,2024-01-03,Jl. Merdeka No. 130,Surakarta,Jawa Tengah
CUST03169,Tiara Lestari,tiara.lestari.3169@example.com,F,2024-12-16,Jl. Sudirman No. 115,Bekasi,Jawa Barat
CUST03170,Dewi Pratama,dewi.pratama.3170@example.com,F,2024-10-17,Jl. Pemuda No. 206,Bekasi,Jawa Barat
CUST03171,Adit Anggraini,adit.anggraini.3171@example.com,M,2024-02-21,Jl. Diponegoro No. 73,Makassar,Sulawesi Selatan
CUST03172,Rizky Wijaya,rizky.wijaya.3172@example.com,F,2024-10-07,Jl. Sudirman No. 208,Balikpapan,Kalimantan Timur
CUST03173,Nabila Saputra,nabila.saputra.3173@example.com,M,2024-10-02,Jl. Pemuda No. 90,Tangerang,Banten
CUST03174,Ilham Santoso,ilham.santoso.3174@example.com,M,2024-09-10,Jl. Veteran No. 164,Bandung,Jawa Barat
CUST03175,Aisyah Hakim,aisyah.hakim.3175@example.com,M,2024-04-16,Jl. Diponegoro No. 113,Surabaya,Jawa Timur
CUST03176,Dimas Setiawan,dimas.setiawan.3176@example.com,F,2024-04-05,Jl. Merdeka No. 1,Medan,Sumatera Utara
CUST03177,Rafi Hakim,rafi.hakim.3177@example.com,F,2024-07-10,Jl. Veteran No. 127,Bekasi,Jawa Barat
CUST03178,Nadia Kurniawan,nadia.kurniawan.3178@example.com,M,2024-08-24,Jl. Pemuda No. 103,Balikpapan,Kalimantan Timur
CUST03179,Naufal Utami,naufal.utami.3179@example.com,F,2024-04-21,Jl. Merdeka No. 52,Surabaya,Jawa Timur
CUST03180,Andi Utami,andi.utami.3180@example.com,M,2024-11-21,Jl. Melati No. 133,Bandung,Jawa Barat
CUST03181,Bayu Syahputra,bayu.syahputra.3181@example.com,F,2024-01-18,Jl. Sudirman No. 98,Bantul,DI Yogyakarta
CUST03182,Rafi Maulana,rafi.maulana.3182@example.com,F,2024-11-21,Jl. Sudirman No. 112,Palembang,Sumatera Selatan
CUST03183,Putri Setiawan,putri.setiawan.3183@example.com,F,2024-03-09,Jl. Merdeka No. 250,Depok,Jawa Barat
CUST03184,Tiara Wijaya,tiara.wijaya.3184@example.com,F,2024-09-07,Jl. Gajah Mada No. 131,Semarang,Jawa Tengah
CUST03185,Arif Hakim,arif.hakim.3185@example.com,F,2024-03-17,Jl. Gajah Mada No. 6,Jakarta,DKI Jakarta
CUST03186,Rafi Firmansyah,rafi.firmansyah.3186@example.com,F,2024-11-08,Jl. Merdeka No. 106,Palembang,Sumatera Selatan
CUST03187,Dimas Rahmawati,dimas.rahmawati.3187@example.com,F,2024-04-15,Jl. Diponegoro No. 17,Palembang,Sumatera Selatan
CUST03188,Bayu Santoso,bayu.santoso.3188@example.com,F,2024-11-27,Jl. Kenanga No. 32,Denpasar,Bali
CUST03189,Dewi Kurniawan,dewi.kurniawan.3189@example.com,M,2024-11-14,Jl. Gajah Mada No. 3,Bandung,Jawa Barat
CUST03190,Farah Santoso,farah.santoso.3190@example.com,F,2024-02-10,Jl. Veteran No. 79,Surakarta,Jawa Tengah
CUST03191,Naufal Wulandari,naufal.wulandari.3191@example.com,F,2024-02-06,Jl. Veteran No. 235,Jakarta,DKI Jakarta
CUST03192,Nabila Utami,nabila.utami.3192@example.com,F,2024-10-22,Jl. Merdeka No. 10,Denpasar,Bali
CUST03193,Dimas Wijaya,dimas.wijaya.3193@example.com,M,2024-07-26,Jl. Diponegoro No. 166,Bekasi,Jawa Barat
CUST03194,Reza Nugroho,reza.nugroho.3194@example.com,M,2024-04-06,Jl. Merdeka No. 122,Jakarta,DKI Jakarta
CUST03195,Reza Syahputra,reza.syahputra.3195@example.com,F,2024-12-23,Jl. Gajah Mada No. 101,Samarinda,Kalimantan Timur
CUST03196,Yoga Rahmawati,yoga.rahmawati.3196@example.com,M,2024-09-11,Jl. Pemuda No. 64,Yogyakarta,DI Yogyakarta
CUST03197,Dewi Maulana,dewi.maulana.3197@example.com,F,2024-08-14,Jl. Diponegoro No. 40,Surakarta,Jawa Tengah
CUST03198,Arif Santoso,arif.santoso.3198@example.com,M,2024-02-19,Jl. Gajah Mada No. 110,Samarinda,Kalimantan Timur
CUST03199,Farah Rahmawati,farah.rahmawati.3199@example.com,M,2024-12-19,Jl. Sudirman No. 180,Yogyakarta,DI Yogyakarta
CUST03200,Yoga Wijaya,yoga.wijaya.3200@example.com,F,2024-10-31,Jl. Melati No. 84,Bantul,DI Yogyakarta
CUST03201,Ilham Hakim,ilham.hakim.3201@example.com,M,2024-08-23,Jl. Merdeka No. 27,Semarang,Jawa Tengah
CUST03202,Farah Saputra,farah.saputra.3202@example.com,M,2024-04-12,Jl. Kenanga No. 2,Bantul,DI Yogyakarta
CUST03203,Bima Setiawan,bima.setiawan.3203@example.com,F,2024-03-31,Jl. Veteran No. 172,Bekasi,Jawa Barat
CUST03204,Fajar Kurniawan,fajar.kurniawan.3204@example.com,M,2024-05-08,Jl. Diponegoro No. 162,Makassar,Sulawesi Selatan
CUST03205,Nabila Wijaya,nabila.wijaya.3205@example.com,F,2024-04-20,Jl. Sudirman No. 153,Malang,Jawa Timur
CUST03206,Bima Firmansyah,bima.firmansyah.3206@example.com,F,2024-10-25,Jl. Merdeka No. 172,Malang,Jawa Timur
CUST03207,Bayu Maulana,bayu.maulana.3207@example.com,F,2024-10-17,Jl. Veteran No. 94,Surabaya,Jawa Timur
CUST03208,Fajar Hakim,fajar.hakim.3208@example.com,F,2024-04-19,Jl. Melati No. 193,Surabaya,Jawa Timur
CUST03209,Nadia Setiawan,nadia.setiawan.3209@example.com,M,2024-06-10,Jl. Gajah Mada No. 116,Pontianak,Kalimantan Barat
CUST03210,Ahmad Wijaya,ahmad.wijaya.3210@example.com,F,2024-08-08,Jl. Diponegoro No. 100,Yogyakarta,DI Yogyakarta
CUST03211,Arif Utami,arif.utami.3211@example.com,F,2024-03-24,Jl. Merdeka No. 92,Pontianak,Kalimantan Barat
CUST03212,Adit Anggraini,adit.anggraini.3212@example.com,F,2024-11-15,Jl. Merdeka No. 137,Palembang,Sumatera Selatan
CUST03213,Maya Kurniawan,maya.kurniawan.3213@example.com,F,2024-11-23,Jl. Merdeka No. 156,Medan,Sumatera Utara
CUST03214,Dewi Nugroho,dewi.nugroho.3214@example.com,F,2024-08-10,Jl. Sudirman No. 111,Samarinda,Kalimantan Timur
CUST03215,Farah Rahmawati,farah.rahmawati.3215@example.com,F,2024-07-08,Jl. Merdeka No. 75,Denpasar,Bali
CUST03216,Rina Hakim,rina.hakim.3216@example.com,F,2024-08-02,Jl. Melati No. 131,Surakarta,Jawa Tengah
CUST03217,Ilham Kurniawan,ilham.kurniawan.3217@example.com,F,2024-08-27,Jl. Pemuda No. 1,Jakarta,DKI Jakarta
CUST03218,Bima Utami,bima.utami.3218@example.com,M,2024-11-05,Jl. Pemuda No. 112,Semarang,Jawa Tengah
CUST03219,Dewi Saputra,dewi.saputra.3219@example.com,F,2024-03-30,Jl. Gajah Mada No. 76,Bekasi,Jawa Barat
CUST03220,Hendra Anggraini,hendra.anggraini.3220@example.com,F,2024-02-14,Jl. Merdeka No. 37,Samarinda,Kalimantan Timur
CUST03221,Farah Lestari,farah.lestari.3221@example.com,M,2024-06-11,Jl. Veteran No. 202,Bandung,Jawa Barat
CUST03222,Ilham Pratama,ilham.pratama.3222@example.com,M,2024-05-20,Jl. Gajah Mada No. 121,Depok,Jawa Barat
CUST03223,Dimas Santoso,dimas.santoso.3223@example.com,M,2024-02-01,Jl. Diponegoro No. 32,Sleman,DI Yogyakarta
CUST03224,Nabila Ramadhan,nabila.ramadhan.3224@example.com,F,2024-09-01,Jl. Gajah Mada No. 129,Palembang,Sumatera Selatan
CUST03225,Nadia Syahputra,nadia.syahputra.3225@example.com,M,2024-08-19,Jl. Diponegoro No. 205,Surabaya,Jawa Timur
CUST03226,Rizky Syahputra,rizky.syahputra.3226@example.com,F,2024-09-30,Jl. Melati No. 170,Palembang,Sumatera Selatan
CUST03227,Dimas Utami,dimas.utami.3227@example.com,F,2024-01-11,Jl. Merdeka No. 247,Tangerang,Banten
CUST03228,Ilham Permana,ilham.permana.3228@example.com,M,2024-08-13,Jl. Merdeka No. 27,Malang,Jawa Timur
CUST03229,Bayu Permana,bayu.permana.3229@example.com,F,2024-07-03,Jl. Pemuda No. 164,Makassar,Sulawesi Selatan
CUST03230,Aisyah Rahmawati,aisyah.rahmawati.3230@example.com,F,2024-04-29,Jl. Sudirman No. 59,Yogyakarta,DI Yogyakarta
CUST03231,Bima Hakim,bima.hakim.3231@example.com,F,2024-12-29,Jl. Diponegoro No. 82,Jakarta,DKI Jakarta
CUST03232,Yoga Saputra,yoga.saputra.3232@example.com,M,2024-01-26,Jl. Pemuda No. 193,Palembang,Sumatera Selatan
CUST03233,Aulia Saputra,aulia.saputra.3233@example.com,M,2024-05-10,Jl. Diponegoro No. 115,Jakarta,DKI Jakarta
CUST03234,Maya Permana,maya.permana.3234@example.com,M,2024-09-01,Jl. Melati No. 174,Tangerang,Banten
CUST03235,Aisyah Permana,aisyah.permana.3235@example.com,M,2024-10-31,Jl. Diponegoro No. 228,Jakarta,DKI Jakarta
CUST03236,Reza Kurniawan,reza.kurniawan.3236@example.com,M,2024-06-29,Jl. Pemuda No. 175,Bantul,DI Yogyakarta
CUST03237,Andi Permana,andi.permana.3237@example.com,F,2024-02-06,Jl. Veteran No. 126,Pontianak,Kalimantan Barat
CUST03238,Dewi Setiawan,dewi.setiawan.3238@example.com,M,2024-10-23,Jl. Pemuda No. 245,Semarang,Jawa Tengah
CUST03239,Rina Maulana,rina.maulana.3239@example.com,F,2024-11-26,Jl. Sudirman No. 150,Medan,Sumatera Utara
CUST03240,Aisyah Hidayat,aisyah.hidayat.3240@example.com,F,2024-10-12,Jl. Gajah Mada No. 224,Bekasi,Jawa Barat
CUST03241,Dimas Permana,dimas.permana.3241@example.com,M,2024-08-20,Jl. Pemuda No. 42,Samarinda,Kalimantan Timur
CUST03242,Putri Syahputra,putri.syahputra.3242@example.com,F,2024-07-03,Jl. Gajah Mada No. 22,Bogor,Jawa Barat
CUST03243,Maya Puspitasari,maya.puspitasari.3243@example.com,M,2024-01-29,Jl. Veteran No. 106,Malang,Jawa Timur
CUST03244,Maya Setiawan,maya.setiawan.3244@example.com,F,2024-01-06,Jl. Merdeka No. 85,Medan,Sumatera Utara
CUST03245,Aisyah Setiawan,aisyah.setiawan.3245@example.com,M,2024-01-28,Jl. Kenanga No. 244,Denpasar,Bali
CUST03246,Rina Lestari,rina.lestari.3246@example.com,F,2024-04-12,Jl. Gajah Mada No. 84,Bekasi,Jawa Barat
CUST03247,Ahmad Wijaya,ahmad.wijaya.3247@example.com,F,2024-04-08,Jl. Gajah Mada No. 81,Bandung,Jawa Barat
CUST03248,Tiara Puspitasari,tiara.puspitasari.3248@example.com,M,2024-07-30,Jl. Diponegoro No. 153,Bekasi,Jawa Barat
CUST03249,Galih Puspitasari,galih.puspitasari.3249@example.com,M,2024-06-14,Jl. Veteran No. 16,Bekasi,Jawa Barat
CUST03250,Naufal Kurniawan,naufal.kurniawan.3250@example.com,M,2024-05-18,Jl. Veteran No. 141,Pontianak,Kalimantan Barat
CUST03251,Intan Maulana,intan.maulana.3251@example.com,F,2024-01-08,Jl. Kenanga No. 98,Yogyakarta,DI Yogyakarta
CUST03252,Intan Hidayat,intan.hidayat.3252@example.com,M,2024-08-21,Jl. Melati No. 150,Bandung,Jawa Barat
CUST03253,Dimas Santoso,dimas.santoso.3253@example.com,F,2024-09-09,Jl. Sudirman No. 53,Sleman,DI Yogyakarta
CUST03254,Raka Saputra,raka.saputra.3254@example.com,F,2024-07-14,Jl. Merdeka No. 121,Balikpapan,Kalimantan Timur
CUST03255,Naufal Wulandari,naufal.wulandari.3255@example.com,F,2024-02-06,Jl. Gajah Mada No. 162,Makassar,Sulawesi Selatan
CUST03256,Dewi Nugroho,dewi.nugroho.3256@example.com,M,2024-04-26,Jl. Gajah Mada No. 38,Bogor,Jawa Barat
CUST03257,Rina Wulandari,rina.wulandari.3257@example.com,F,2024-01-11,Jl. Gajah Mada No. 69,Balikpapan,Kalimantan Timur
CUST03258,Yoga Nugroho,yoga.nugroho.3258@example.com,M,2024-08-15,Jl. Pemuda No. 219,Denpasar,Bali
CUST03259,Siti Maulana,siti.maulana.3259@example.com,M,2024-07-08,Jl. Diponegoro No. 140,Balikpapan,Kalimantan Timur
CUST03260,Hendra Setiawan,hendra.setiawan.3260@example.com,F,2024-08-16,Jl. Kenanga No. 92,Sleman,DI Yogyakarta
CUST03261,Tiara Utami,tiara.utami.3261@example.com,M,2024-10-21,Jl. Diponegoro No. 182,Palembang,Sumatera Selatan
CUST03262,Putri Lestari,putri.lestari.3262@example.com,M,2024-08-24,Jl. Pemuda No. 177,Bekasi,Jawa Barat
CUST03263,Siti Ramadhan,siti.ramadhan.3263@example.com,M,2024-10-31,Jl. Veteran No. 38,Surabaya,Jawa Timur
CUST03264,Aisyah Pratama,aisyah.pratama.3264@example.com,F,2024-10-11,Jl. Diponegoro No. 88,Denpasar,Bali
CUST03265,Rizky Anggraini,rizky.anggraini.3265@example.com,M,2024-01-03,Jl. Gajah Mada No. 81,Denpasar,Bali
CUST03266,Dewi Hakim,dewi.hakim.3266@example.com,M,2024-02-03,Jl. Diponegoro No. 35,Makassar,Sulawesi Selatan
CUST03267,Naufal Wulandari,naufal.wulandari.3267@example.com,M,2024-10-03,Jl. Veteran No. 161,Depok,Jawa Barat
CUST03268,Bayu Santoso,bayu.santoso.3268@example.com,M,2024-12-21,Jl. Merdeka No. 216,Sleman,DI Yogyakarta
CUST03269,Intan Permana,intan.permana.3269@example.com,F,2024-10-21,Jl. Melati No. 243,Samarinda,Kalimantan Timur
CUST03270,Aulia Puspitasari,aulia.puspitasari.3270@example.com,F,2024-10-20,Jl. Melati No. 167,Denpasar,Bali
CUST03271,Bagas Permana,bagas.permana.3271@example.com,F,2024-11-01,Jl. Gajah Mada No. 211,Medan,Sumatera Utara
CUST03272,Rizky Santoso,rizky.santoso.3272@example.com,F,2024-09-26,Jl. Kenanga No. 72,Surabaya,Jawa Timur
CUST03273,Dewi Ramadhan,dewi.ramadhan.3273@example.com,F,2024-05-27,Jl. Merdeka No. 189,Surakarta,Jawa Tengah
CUST03274,Hendra Puspitasari,hendra.puspitasari.3274@example.com,F,2024-11-27,Jl. Diponegoro No. 216,Bandung,Jawa Barat
CUST03275,Raka Ramadhan,raka.ramadhan.3275@example.com,M,2024-12-30,Jl. Pemuda No. 203,Palembang,Sumatera Selatan
CUST03276,Farah Kurniawan,farah.kurniawan.3276@example.com,M,2024-11-28,Jl. Diponegoro No. 111,Depok,Jawa Barat
CUST03277,Bagas Maulana,bagas.maulana.3277@example.com,M,2024-05-27,Jl. Pemuda No. 167,Samarinda,Kalimantan Timur
CUST03278,Reza Hidayat,reza.hidayat.3278@example.com,F,2024-06-23,Jl. Veteran No. 28,Samarinda,Kalimantan Timur
CUST03279,Bagas Maulana,bagas.maulana.3279@example.com,F,2024-06-15,Jl. Merdeka No. 171,Sleman,DI Yogyakarta
CUST03280,Siti Setiawan,siti.setiawan.3280@example.com,F,2024-03-10,Jl. Melati No. 112,Bandung,Jawa Barat
CUST03281,Andi Nugroho,andi.nugroho.3281@example.com,M,2024-02-15,Jl. Gajah Mada No. 155,Medan,Sumatera Utara
CUST03282,Dewi Ramadhan,dewi.ramadhan.3282@example.com,F,2024-09-05,Jl. Melati No. 184,Malang,Jawa Timur
CUST03283,Maya Hidayat,maya.hidayat.3283@example.com,F,2024-03-23,Jl. Merdeka No. 103,Pontianak,Kalimantan Barat
CUST03284,Reza Kurniawan,reza.kurniawan.3284@example.com,M,2024-07-03,Jl. Veteran No. 80,Surabaya,Jawa Timur
CUST03285,Ahmad Puspitasari,ahmad.puspitasari.3285@example.com,M,2024-10-14,Jl. Sudirman No. 184,Depok,Jawa Barat
CUST03286,Yoga Wijaya,yoga.wijaya.3286@example.com,M,2024-03-13,Jl. Merdeka No. 31,Palembang,Sumatera Selatan
CUST03287,Galih Wijaya,galih.wijaya.3287@example.com,F,2024-04-23,Jl. Merdeka No. 186,Bekasi,Jawa Barat
CUST03288,Raka Kurniawan,raka.kurniawan.3288@example.com,F,2024-05-07,Jl. Diponegoro No. 160,Bantul,DI Yogyakarta
CUST03289,Ilham Firmansyah,ilham.firmansyah.3289@example.com,M,2024-04-04,Jl. Melati No. 245,Palembang,Sumatera Selatan
CUST03290,Yoga Santoso,yoga.santoso.3290@example.com,M,2024-01-06,Jl. Diponegoro No. 129,Malang,Jawa Timur
CUST03291,Andi Permana,andi.permana.3291@example.com,F,2024-06-03,Jl. Melati No. 99,Tangerang,Banten
CUST03292,Dewi Rahmawati,dewi.rahmawati.3292@example.com,F,2024-03-08,Jl. Pemuda No. 202,Bandung,Jawa Barat
CUST03293,Nadia Permana,nadia.permana.3293@example.com,M,2024-08-13,Jl. Merdeka No. 85,Pontianak,Kalimantan Barat
CUST03294,Bayu Kurniawan,bayu.kurniawan.3294@example.com,M,2024-03-07,Jl. Melati No. 213,Surakarta,Jawa Tengah
CUST03295,Fajar Setiawan,fajar.setiawan.3295@example.com,M,2024-03-12,Jl. Diponegoro No. 146,Balikpapan,Kalimantan Timur
CUST03296,Fajar Maulana,fajar.maulana.3296@example.com,M,2024-01-28,Jl. Kenanga No. 48,Palembang,Sumatera Selatan
CUST03297,Ilham Hidayat,ilham.hidayat.3297@example.com,F,2024-09-19,Jl. Gajah Mada No. 92,Bogor,Jawa Barat
CUST03298,Intan Hakim,intan.hakim.3298@example.com,F,2024-02-06,Jl. Sudirman No. 62,Balikpapan,Kalimantan Timur
CUST03299,Arif Ramadhan,arif.ramadhan.3299@example.com,F,2024-05-31,Jl. Sudirman No. 154,Bantul,DI Yogyakarta
CUST03300,Hendra Anggraini,hendra.anggraini.3300@example.com,M,2024-12-15,Jl. Merdeka No. 224,Makassar,Sulawesi Selatan
CUST03301,Nabila Ramadhan,nabila.ramadhan.3301@example.com,M,2024-08-15,Jl. Merdeka No. 71,Medan,Sumatera Utara
CUST03302,Nadia Permana,nadia.permana.3302@example.com,M,2024-01-29,Jl. Pemuda No. 207,Pontianak,Kalimantan Barat
CUST03303,Naufal Lestari,naufal.lestari.3303@example.com,F,2024-03-15,Jl. Gajah Mada No. 9,Sleman,DI Yogyakarta
CUST03304,Arif Maulana,arif.maulana.3304@example.com,F,2024-07-04,Jl. Veteran No. 187,Tangerang,Banten
CUST03305,Maya Pratama,maya.pratama.3305@example.com,M,2024-03-12,Jl. Gajah Mada No. 246,Surabaya,Jawa Timur
CUST03306,Farah Saputra,farah.saputra.3306@example.com,F,2024-04-07,Jl. Pemuda No. 147,Bantul,DI Yogyakarta
CUST03307,Nabila Ramadhan,nabila.ramadhan.3307@example.com,F,2024-09-11,Jl. Melati No. 68,Bogor,Jawa Barat
CUST03308,Nabila Maulana,nabila.maulana.3308@example.com,M,2024-04-18,Jl. Sudirman No. 250,Depok,Jawa Barat
CUST03309,Hendra Kurniawan,hendra.kurniawan.3309@example.com,M,2024-08-01,Jl. Gajah Mada No. 20,Semarang,Jawa Tengah
CUST03310,Tiara Kurniawan,tiara.kurniawan.3310@example.com,M,2024-08-31,Jl. Gajah Mada No. 247,Makassar,Sulawesi Selatan
CUST03311,Ahmad Santoso,ahmad.santoso.3311@example.com,F,2024-10-05,Jl. Veteran No. 28,Sleman,DI Yogyakarta
CUST03312,Intan Anggraini,intan.anggraini.3312@example.com,M,2024-03-14,Jl. Veteran No. 119,Samarinda,Kalimantan Timur
CUST03313,Ahmad Rahmawati,ahmad.rahmawati.3313@example.com,F,2024-07-28,Jl. Veteran No. 246,Surabaya,Jawa Timur
CUST03314,Tiara Wulandari,tiara.wulandari.3314@example.com,M,2024-08-28,Jl. Gajah Mada No. 113,Palembang,Sumatera Selatan
CUST03315,Hendra Hidayat,hendra.hidayat.3315@example.com,M,2024-03-28,Jl. Kenanga No. 40,Malang,Jawa Timur
CUST03316,Intan Santoso,intan.santoso.3316@example.com,M,2024-03-07,Jl. Pemuda No. 178,Malang,Jawa Timur
CUST03317,Rafi Wulandari,rafi.wulandari.3317@example.com,F,2024-03-09,Jl. Gajah Mada No. 24,Makassar,Sulawesi Selatan
CUST03318,Intan Hakim,intan.hakim.3318@example.com,M,2024-05-17,Jl. Pemuda No. 115,Sleman,DI Yogyakarta
CUST03319,Rafi Kurniawan,rafi.kurniawan.3319@example.com,F,2024-02-25,Jl. Gajah Mada No. 113,Samarinda,Kalimantan Timur
CUST03320,Siti Nugroho,siti.nugroho.3320@example.com,M,2024-06-09,Jl. Gajah Mada No. 34,Bekasi,Jawa Barat
CUST03321,Reza Saputra,reza.saputra.3321@example.com,M,2024-03-04,Jl. Veteran No. 110,Bantul,DI Yogyakarta
CUST03322,Rina Setiawan,rina.setiawan.3322@example.com,F,2024-09-10,Jl. Merdeka No. 57,Semarang,Jawa Tengah
CUST03323,Bagas Saputra,bagas.saputra.3323@example.com,M,2024-02-01,Jl. Merdeka No. 45,Depok,Jawa Barat
CUST03324,Arif Saputra,arif.saputra.3324@example.com,F,2024-09-22,Jl. Sudirman No. 88,Makassar,Sulawesi Selatan
CUST03325,Ahmad Hidayat,ahmad.hidayat.3325@example.com,F,2024-12-01,Jl. Veteran No. 16,Medan,Sumatera Utara
CUST03326,Tiara Syahputra,tiara.syahputra.3326@example.com,M,2024-05-26,Jl. Veteran No. 214,Surakarta,Jawa Tengah
CUST03327,Arif Setiawan,arif.setiawan.3327@example.com,M,2024-10-20,Jl. Sudirman No. 124,Sleman,DI Yogyakarta
CUST03328,Aisyah Maulana,aisyah.maulana.3328@example.com,F,2024-03-15,Jl. Gajah Mada No. 150,Depok,Jawa Barat
CUST03329,Dimas Setiawan,dimas.setiawan.3329@example.com,F,2024-10-24,Jl. Diponegoro No. 47,Makassar,Sulawesi Selatan
CUST03330,Putri Rahmawati,putri.rahmawati.3330@example.com,M,2024-08-17,Jl. Gajah Mada No. 83,Samarinda,Kalimantan Timur
CUST03331,Andi Hakim,andi.hakim.3331@example.com,M,2024-12-28,Jl. Veteran No. 167,Medan,Sumatera Utara
CUST03332,Putri Maulana,putri.maulana.3332@example.com,M,2024-11-11,Jl. Pemuda No. 130,Yogyakarta,DI Yogyakarta
CUST03333,Adit Puspitasari,adit.puspitasari.3333@example.com,F,2024-01-07,Jl. Gajah Mada No. 50,Tangerang,Banten
CUST03334,Dimas Wijaya,dimas.wijaya.3334@example.com,M,2024-12-21,Jl. Sudirman No. 228,Palembang,Sumatera Selatan
CUST03335,Siti Firmansyah,siti.firmansyah.3335@example.com,M,2024-01-23,Jl. Pemuda No. 216,Denpasar,Bali
CUST03336,Rina Permana,rina.permana.3336@example.com,M,2024-09-11,Jl. Veteran No. 208,Makassar,Sulawesi Selatan
CUST03337,Bagas Hakim,bagas.hakim.3337@example.com,F,2024-06-29,Jl. Melati No. 101,Makassar,Sulawesi Selatan
CUST03338,Dewi Setiawan,dewi.setiawan.3338@example.com,M,2025-01-01,Jl. Merdeka No. 28,Pontianak,Kalimantan Barat
CUST03339,Hendra Kurniawan,hendra.kurniawan.3339@example.com,M,2024-01-24,Jl. Pemuda No. 52,Semarang,Jawa Tengah
CUST03340,Andi Nugroho,andi.nugroho.3340@example.com,M,2024-08-20,Jl. Diponegoro No. 55,Samarinda,Kalimantan Timur
CUST03341,Rina Hakim,rina.hakim.3341@example.com,F,2024-01-18,Jl. Sudirman No. 160,Jakarta,DKI Jakarta
CUST03342,Farah Saputra,farah.saputra.3342@example.com,M,2024-10-14,Jl. Diponegoro No. 4,Surabaya,Jawa Timur
CUST03343,Yoga Saputra,yoga.saputra.3343@example.com,M,2024-07-21,Jl. Merdeka No. 209,Sleman,DI Yogyakarta
CUST03344,Tiara Permana,tiara.permana.3344@example.com,F,2024-09-10,Jl. Diponegoro No. 234,Medan,Sumatera Utara
CUST03345,Bima Rahmawati,bima.rahmawati.3345@example.com,M,2024-06-15,Jl. Veteran No. 166,Denpasar,Bali
CUST03346,Aulia Hakim,aulia.hakim.3346@example.com,F,2024-04-12,Jl. Melati No. 244,Bekasi,Jawa Barat
CUST03347,Maya Firmansyah,maya.firmansyah.3347@example.com,M,2024-08-28,Jl. Sudirman No. 37,Semarang,Jawa Tengah
CUST03348,Adit Setiawan,adit.setiawan.3348@example.com,F,2024-10-22,Jl. Melati No. 119,Yogyakarta,DI Yogyakarta
CUST03349,Yoga Pratama,yoga.pratama.3349@example.com,F,2024-05-11,Jl. Kenanga No. 246,Pontianak,Kalimantan Barat
CUST03350,Putri Nugroho,putri.nugroho.3350@example.com,F,2024-11-05,Jl. Sudirman No. 41,Pontianak,Kalimantan Barat
CUST03351,Yoga Lestari,yoga.lestari.3351@example.com,F,2024-03-07,Jl. Pemuda No. 74,Pontianak,Kalimantan Barat
CUST03352,Naufal Anggraini,naufal.anggraini.3352@example.com,F,2024-12-04,Jl. Sudirman No. 179,Samarinda,Kalimantan Timur
CUST03353,Maya Utami,maya.utami.3353@example.com,F,2024-08-13,Jl. Gajah Mada No. 111,Denpasar,Bali
CUST03354,Farah Syahputra,farah.syahputra.3354@example.com,F,2024-01-06,Jl. Sudirman No. 74,Balikpapan,Kalimantan Timur
CUST03355,Bayu Ramadhan,bayu.ramadhan.3355@example.com,M,2024-01-27,Jl. Melati No. 200,Balikpapan,Kalimantan Timur
CUST03356,Dewi Anggraini,dewi.anggraini.3356@example.com,M,2024-09-08,Jl. Diponegoro No. 200,Medan,Sumatera Utara
CUST03357,Bima Pratama,bima.pratama.3357@example.com,M,2024-07-11,Jl. Gajah Mada No. 19,Bantul,DI Yogyakarta
CUST03358,Aulia Puspitasari,aulia.puspitasari.3358@example.com,F,2024-06-04,Jl. Diponegoro No. 56,Medan,Sumatera Utara
CUST03359,Nabila Lestari,nabila.lestari.3359@example.com,F,2024-06-11,Jl. Gajah Mada No. 76,Semarang,Jawa Tengah
CUST03360,Yoga Anggraini,yoga.anggraini.3360@example.com,M,2024-05-16,Jl. Diponegoro No. 153,Surabaya,Jawa Timur
CUST03361,Bagas Santoso,bagas.santoso.3361@example.com,F,2024-02-23,Jl. Gajah Mada No. 177,Samarinda,Kalimantan Timur
CUST03362,Ilham Ramadhan,ilham.ramadhan.3362@example.com,F,2024-05-25,Jl. Sudirman No. 135,Medan,Sumatera Utara
CUST03363,Aisyah Nugroho,aisyah.nugroho.3363@example.com,F,2024-06-16,Jl. Diponegoro No. 149,Sleman,DI Yogyakarta
CUST03364,Bima Santoso,bima.santoso.3364@example.com,F,2024-05-23,Jl. Melati No. 183,Medan,Sumatera Utara
CUST03365,Maya Nugroho,maya.nugroho.3365@example.com,F,2024-10-07,Jl. Merdeka No. 49,Bantul,DI Yogyakarta
CUST03366,Adit Hakim,adit.hakim.3366@example.com,F,2024-10-29,Jl. Pemuda No. 247,Surabaya,Jawa Timur
CUST03367,Siti Maulana,siti.maulana.3367@example.com,M,2024-08-26,Jl. Gajah Mada No. 249,Medan,Sumatera Utara
CUST03368,Bagas Santoso,bagas.santoso.3368@example.com,M,2024-07-04,Jl. Melati No. 46,Bekasi,Jawa Barat
CUST03369,Ahmad Permana,ahmad.permana.3369@example.com,M,2024-12-21,Jl. Sudirman No. 224,Semarang,Jawa Tengah
CUST03370,Dewi Lestari,dewi.lestari.3370@example.com,M,2024-05-21,Jl. Gajah Mada No. 63,Bantul,DI Yogyakarta
CUST03371,Ahmad Kurniawan,ahmad.kurniawan.3371@example.com,M,2024-06-25,Jl. Merdeka No. 177,Samarinda,Kalimantan Timur
CUST03372,Nabila Anggraini,nabila.anggraini.3372@example.com,F,2024-07-02,Jl. Kenanga No. 140,Palembang,Sumatera Selatan
CUST03373,Galih Puspitasari,galih.puspitasari.3373@example.com,F,2024-03-07,Jl. Veteran No. 75,Pontianak,Kalimantan Barat
CUST03374,Rizky Pratama,rizky.pratama.3374@example.com,M,2024-01-17,Jl. Pemuda No. 159,Malang,Jawa Timur
CUST03375,Farah Ramadhan,farah.ramadhan.3375@example.com,F,2024-02-26,Jl. Gajah Mada No. 215,Bogor,Jawa Barat
CUST03376,Reza Firmansyah,reza.firmansyah.3376@example.com,F,2024-10-14,Jl. Pemuda No. 217,Tangerang,Banten
CUST03377,Fajar Wulandari,fajar.wulandari.3377@example.com,F,2024-03-31,Jl. Sudirman No. 91,Semarang,Jawa Tengah
CUST03378,Bagas Hidayat,bagas.hidayat.3378@example.com,M,2024-12-20,Jl. Gajah Mada No. 176,Balikpapan,Kalimantan Timur
CUST03379,Siti Setiawan,siti.setiawan.3379@example.com,M,2024-11-23,Jl. Merdeka No. 151,Surakarta,Jawa Tengah
CUST03380,Maya Permana,maya.permana.3380@example.com,F,2024-05-09,Jl. Sudirman No. 199,Balikpapan,Kalimantan Timur
CUST03381,Aulia Santoso,aulia.santoso.3381@example.com,F,2024-01-28,Jl. Merdeka No. 200,Jakarta,DKI Jakarta
CUST03382,Ahmad Santoso,ahmad.santoso.3382@example.com,M,2024-01-11,Jl. Diponegoro No. 64,Surakarta,Jawa Tengah
CUST03383,Fajar Puspitasari,fajar.puspitasari.3383@example.com,M,2024-08-03,Jl. Pemuda No. 243,Balikpapan,Kalimantan Timur
CUST03384,Dimas Syahputra,dimas.syahputra.3384@example.com,F,2024-12-07,Jl. Kenanga No. 233,Yogyakarta,DI Yogyakarta
CUST03385,Dewi Wijaya,dewi.wijaya.3385@example.com,M,2024-09-15,Jl. Melati No. 225,Surabaya,Jawa Timur
CUST03386,Tiara Nugroho,tiara.nugroho.3386@example.com,M,2024-08-17,Jl. Sudirman No. 92,Bandung,Jawa Barat
CUST03387,Ilham Ramadhan,ilham.ramadhan.3387@example.com,F,2024-12-02,Jl. Pemuda No. 113,Jakarta,DKI Jakarta
CUST03388,Aisyah Pratama,aisyah.pratama.3388@example.com,F,2024-03-18,Jl. Merdeka No. 13,Bogor,Jawa Barat
CUST03389,Siti Anggraini,siti.anggraini.3389@example.com,F,2024-08-08,Jl. Gajah Mada No. 168,Bandung,Jawa Barat
CUST03390,Siti Wijaya,siti.wijaya.3390@example.com,M,2024-09-10,Jl. Veteran No. 41,Surabaya,Jawa Timur
CUST03391,Yoga Lestari,yoga.lestari.3391@example.com,F,2024-02-21,Jl. Veteran No. 183,Surabaya,Jawa Timur
CUST03392,Dimas Hidayat,dimas.hidayat.3392@example.com,F,2024-03-31,Jl. Diponegoro No. 83,Tangerang,Banten
CUST03393,Aulia Firmansyah,aulia.firmansyah.3393@example.com,M,2024-10-06,Jl. Merdeka No. 29,Bandung,Jawa Barat
CUST03394,Arif Santoso,arif.santoso.3394@example.com,M,2024-02-25,Jl. Kenanga No. 248,Samarinda,Kalimantan Timur
CUST03395,Arif Ramadhan,arif.ramadhan.3395@example.com,F,2024-08-05,Jl. Gajah Mada No. 36,Bantul,DI Yogyakarta
CUST03396,Farah Syahputra,farah.syahputra.3396@example.com,F,2024-10-04,Jl. Pemuda No. 35,Malang,Jawa Timur
CUST03397,Dewi Permana,dewi.permana.3397@example.com,M,2024-07-22,Jl. Veteran No. 15,Denpasar,Bali
CUST03398,Fajar Permana,fajar.permana.3398@example.com,M,2024-11-28,Jl. Diponegoro No. 209,Pontianak,Kalimantan Barat
CUST03399,Ilham Setiawan,ilham.setiawan.3399@example.com,M,2024-12-06,Jl. Melati No. 150,Makassar,Sulawesi Selatan
CUST03400,Rina Maulana,rina.maulana.3400@example.com,M,2024-11-14,Jl. Gajah Mada No. 156,Bogor,Jawa Barat
CUST03401,Reza Maulana,reza.maulana.3401@example.com,M,2024-10-23,Jl. Sudirman No. 89,Balikpapan,Kalimantan Timur
CUST03402,Rafi Ramadhan,rafi.ramadhan.3402@example.com,F,2024-03-25,Jl. Melati No. 62,Yogyakarta,DI Yogyakarta
CUST03403,Adit Hakim,adit.hakim.3403@example.com,M,2024-04-24,Jl. Merdeka No. 196,Palembang,Sumatera Selatan
CUST03404,Farah Saputra,farah.saputra.3404@example.com,M,2024-10-13,Jl. Pemuda No. 233,Bantul,DI Yogyakarta
CUST03405,Maya Santoso,maya.santoso.3405@example.com,M,2024-01-31,Jl. Melati No. 178,Bantul,DI Yogyakarta
CUST03406,Aisyah Puspitasari,aisyah.puspitasari.3406@example.com,F,2024-01-28,Jl. Merdeka No. 173,Bekasi,Jawa Barat
CUST03407,Rafi Firmansyah,rafi.firmansyah.3407@example.com,F,2024-09-18,Jl. Sudirman No. 160,Depok,Jawa Barat
CUST03408,Aulia Permana,aulia.permana.3408@example.com,F,2024-01-12,Jl. Diponegoro No. 47,Bogor,Jawa Barat
CUST03409,Rafi Nugroho,rafi.nugroho.3409@example.com,M,2024-01-30,Jl. Kenanga No. 250,Denpasar,Bali
CUST03410,Andi Permana,andi.permana.3410@example.com,F,2024-06-08,Jl. Diponegoro No. 19,Depok,Jawa Barat
CUST03411,Tiara Wulandari,tiara.wulandari.3411@example.com,F,2024-12-02,Jl. Kenanga No. 25,Sleman,DI Yogyakarta
CUST03412,Naufal Anggraini,naufal.anggraini.3412@example.com,F,2024-05-07,Jl. Gajah Mada No. 211,Depok,Jawa Barat
CUST03413,Intan Firmansyah,intan.firmansyah.3413@example.com,M,2024-06-12,Jl. Pemuda No. 217,Bandung,Jawa Barat
CUST03414,Maya Wulandari,maya.wulandari.3414@example.com,M,2024-08-28,Jl. Diponegoro No. 109,Semarang,Jawa Tengah
CUST03415,Tiara Firmansyah,tiara.firmansyah.3415@example.com,F,2024-03-02,Jl. Merdeka No. 185,Sleman,DI Yogyakarta
CUST03416,Rina Nugroho,rina.nugroho.3416@example.com,M,2024-07-08,Jl. Merdeka No. 47,Surakarta,Jawa Tengah
CUST03417,Siti Syahputra,siti.syahputra.3417@example.com,M,2024-11-03,Jl. Melati No. 61,Bekasi,Jawa Barat
CUST03418,Galih Wijaya,galih.wijaya.3418@example.com,F,2024-08-05,Jl. Kenanga No. 105,Yogyakarta,DI Yogyakarta
CUST03419,Aulia Saputra,aulia.saputra.3419@example.com,F,2024-10-01,Jl. Gajah Mada No. 181,Bantul,DI Yogyakarta
CUST03420,Andi Wulandari,andi.wulandari.3420@example.com,F,2024-01-06,Jl. Sudirman No. 58,Denpasar,Bali
CUST03421,Nabila Permana,nabila.permana.3421@example.com,F,2024-12-16,Jl. Gajah Mada No. 95,Jakarta,DKI Jakarta
CUST03422,Nabila Santoso,nabila.santoso.3422@example.com,M,2024-04-23,Jl. Veteran No. 35,Makassar,Sulawesi Selatan
CUST03423,Andi Rahmawati,andi.rahmawati.3423@example.com,F,2024-12-04,Jl. Veteran No. 72,Surabaya,Jawa Timur
CUST03424,Dimas Firmansyah,dimas.firmansyah.3424@example.com,F,2024-06-29,Jl. Diponegoro No. 99,Denpasar,Bali
CUST03425,Nabila Puspitasari,nabila.puspitasari.3425@example.com,F,2024-02-14,Jl. Melati No. 73,Depok,Jawa Barat
CUST03426,Nadia Firmansyah,nadia.firmansyah.3426@example.com,M,2024-11-17,Jl. Melati No. 117,Balikpapan,Kalimantan Timur
CUST03427,Naufal Syahputra,naufal.syahputra.3427@example.com,M,2024-10-19,Jl. Pemuda No. 221,Surabaya,Jawa Timur
CUST03428,Dewi Wulandari,dewi.wulandari.3428@example.com,F,2024-07-14,Jl. Sudirman No. 240,Bekasi,Jawa Barat
CUST03429,Hendra Firmansyah,hendra.firmansyah.3429@example.com,M,2024-10-20,Jl. Melati No. 160,Yogyakarta,DI Yogyakarta
CUST03430,Naufal Utami,naufal.utami.3430@example.com,F,2024-10-03,Jl. Melati No. 102,Makassar,Sulawesi Selatan
CUST03431,Ahmad Firmansyah,ahmad.firmansyah.3431@example.com,F,2024-05-12,Jl. Merdeka No. 61,Denpasar,Bali
CUST03432,Farah Pratama,farah.pratama.3432@example.com,F,2024-04-22,Jl. Merdeka No. 138,Malang,Jawa Timur
CUST03433,Nabila Pratama,nabila.pratama.3433@example.com,F,2024-07-17,Jl. Melati No. 27,Sleman,DI Yogyakarta
CUST03434,Raka Anggraini,raka.anggraini.3434@example.com,F,2024-12-14,Jl. Gajah Mada No. 2,Balikpapan,Kalimantan Timur
CUST03435,Bayu Firmansyah,bayu.firmansyah.3435@example.com,M,2024-10-29,Jl. Sudirman No. 180,Jakarta,DKI Jakarta
CUST03436,Raka Nugroho,raka.nugroho.3436@example.com,M,2024-09-01,Jl. Veteran No. 47,Makassar,Sulawesi Selatan
CUST03437,Yoga Pratama,yoga.pratama.3437@example.com,M,2024-05-04,Jl. Gajah Mada No. 120,Depok,Jawa Barat
CUST03438,Raka Utami,raka.utami.3438@example.com,M,2024-12-14,Jl. Diponegoro No. 188,Surabaya,Jawa Timur
CUST03439,Adit Puspitasari,adit.puspitasari.3439@example.com,M,2024-07-09,Jl. Sudirman No. 14,Denpasar,Bali
CUST03440,Andi Hidayat,andi.hidayat.3440@example.com,M,2024-07-31,Jl. Merdeka No. 159,Tangerang,Banten
CUST03441,Ilham Wulandari,ilham.wulandari.3441@example.com,F,2024-03-31,Jl. Veteran No. 54,Depok,Jawa Barat
CUST03442,Hendra Wijaya,hendra.wijaya.3442@example.com,F,2024-04-08,Jl. Sudirman No. 14,Sleman,DI Yogyakarta
CUST03443,Aulia Anggraini,aulia.anggraini.3443@example.com,F,2024-05-08,Jl. Melati No. 165,Surabaya,Jawa Timur
CUST03444,Reza Wijaya,reza.wijaya.3444@example.com,M,2024-11-10,Jl. Melati No. 85,Yogyakarta,DI Yogyakarta
CUST03445,Reza Utami,reza.utami.3445@example.com,M,2024-01-17,Jl. Diponegoro No. 5,Bandung,Jawa Barat
CUST03446,Dewi Anggraini,dewi.anggraini.3446@example.com,F,2024-02-20,Jl. Merdeka No. 116,Samarinda,Kalimantan Timur
CUST03447,Maya Pratama,maya.pratama.3447@example.com,M,2024-03-12,Jl. Diponegoro No. 98,Yogyakarta,DI Yogyakarta
CUST03448,Hendra Rahmawati,hendra.rahmawati.3448@example.com,M,2024-05-01,Jl. Pemuda No. 119,Makassar,Sulawesi Selatan
CUST03449,Nadia Nugroho,nadia.nugroho.3449@example.com,F,2024-05-07,Jl. Merdeka No. 5,Surabaya,Jawa Timur
CUST03450,Tiara Santoso,tiara.santoso.3450@example.com,F,2024-08-23,Jl. Gajah Mada No. 166,Jakarta,DKI Jakarta
CUST03451,Bagas Firmansyah,bagas.firmansyah.3451@example.com,F,2024-05-07,Jl. Pemuda No. 221,Pontianak,Kalimantan Barat
CUST03452,Dimas Hakim,dimas.hakim.3452@example.com,M,2024-10-24,Jl. Diponegoro No. 191,Yogyakarta,DI Yogyakarta
CUST03453,Siti Maulana,siti.maulana.3453@example.com,M,2024-05-08,Jl. Veteran No. 175,Samarinda,Kalimantan Timur
CUST03454,Andi Utami,andi.utami.3454@example.com,M,2024-03-09,Jl. Veteran No. 163,Surabaya,Jawa Timur
CUST03455,Reza Saputra,reza.saputra.3455@example.com,F,2024-02-29,Jl. Veteran No. 22,Samarinda,Kalimantan Timur
CUST03456,Tiara Wulandari,tiara.wulandari.3456@example.com,M,2024-06-17,Jl. Veteran No. 204,Tangerang,Banten
CUST03457,Bayu Saputra,bayu.saputra.3457@example.com,M,2024-02-24,Jl. Diponegoro No. 98,Surabaya,Jawa Timur
CUST03458,Siti Wijaya,siti.wijaya.3458@example.com,F,2024-03-18,Jl. Kenanga No. 166,Denpasar,Bali
CUST03459,Rafi Kurniawan,rafi.kurniawan.3459@example.com,F,2024-07-23,Jl. Diponegoro No. 232,Medan,Sumatera Utara
CUST03460,Arif Hidayat,arif.hidayat.3460@example.com,F,2024-12-08,Jl. Sudirman No. 116,Surakarta,Jawa Tengah
CUST03461,Ahmad Wijaya,ahmad.wijaya.3461@example.com,M,2024-04-01,Jl. Merdeka No. 30,Denpasar,Bali
CUST03462,Naufal Wijaya,naufal.wijaya.3462@example.com,F,2024-09-19,Jl. Kenanga No. 15,Medan,Sumatera Utara
CUST03463,Aulia Santoso,aulia.santoso.3463@example.com,F,2024-09-12,Jl. Melati No. 97,Tangerang,Banten
CUST03464,Reza Setiawan,reza.setiawan.3464@example.com,F,2024-03-15,Jl. Pemuda No. 103,Jakarta,DKI Jakarta
CUST03465,Fajar Santoso,fajar.santoso.3465@example.com,F,2024-12-04,Jl. Merdeka No. 219,Bogor,Jawa Barat
CUST03466,Hendra Pratama,hendra.pratama.3466@example.com,F,2024-11-26,Jl. Sudirman No. 5,Yogyakarta,DI Yogyakarta
CUST03467,Rizky Hidayat,rizky.hidayat.3467@example.com,M,2024-08-07,Jl. Merdeka No. 94,Sleman,DI Yogyakarta
CUST03468,Nabila Utami,nabila.utami.3468@example.com,M,2024-07-11,Jl. Merdeka No. 72,Jakarta,DKI Jakarta
CUST03469,Farah Maulana,farah.maulana.3469@example.com,M,2024-08-07,Jl. Diponegoro No. 170,Bogor,Jawa Barat
CUST03470,Bima Syahputra,bima.syahputra.3470@example.com,F,2024-04-29,Jl. Gajah Mada No. 45,Samarinda,Kalimantan Timur
CUST03471,Fajar Saputra,fajar.saputra.3471@example.com,F,2024-10-20,Jl. Kenanga No. 229,Surabaya,Jawa Timur
CUST03472,Bagas Permana,bagas.permana.3472@example.com,M,2024-05-13,Jl. Pemuda No. 145,Tangerang,Banten
CUST03473,Putri Syahputra,putri.syahputra.3473@example.com,F,2024-09-17,Jl. Diponegoro No. 112,Bekasi,Jawa Barat
CUST03474,Maya Setiawan,maya.setiawan.3474@example.com,M,2024-02-19,Jl. Diponegoro No. 136,Balikpapan,Kalimantan Timur
CUST03475,Galih Utami,galih.utami.3475@example.com,F,2024-08-07,Jl. Melati No. 194,Yogyakarta,DI Yogyakarta
CUST03476,Rafi Nugroho,rafi.nugroho.3476@example.com,M,2024-06-08,Jl. Pemuda No. 73,Bogor,Jawa Barat
CUST03477,Raka Setiawan,raka.setiawan.3477@example.com,F,2024-12-17,Jl. Gajah Mada No. 199,Semarang,Jawa Tengah
CUST03478,Arif Firmansyah,arif.firmansyah.3478@example.com,F,2024-08-17,Jl. Diponegoro No. 203,Pontianak,Kalimantan Barat
CUST03479,Rizky Rahmawati,rizky.rahmawati.3479@example.com,F,2024-12-16,Jl. Kenanga No. 173,Malang,Jawa Timur
CUST03480,Aulia Pratama,aulia.pratama.3480@example.com,M,2024-12-24,Jl. Sudirman No. 1,Makassar,Sulawesi Selatan
CUST03481,Tiara Pratama,tiara.pratama.3481@example.com,M,2024-12-06,Jl. Merdeka No. 232,Surabaya,Jawa Timur
CUST03482,Aisyah Lestari,aisyah.lestari.3482@example.com,M,2024-10-11,Jl. Gajah Mada No. 2,Malang,Jawa Timur
CUST03483,Bagas Wulandari,bagas.wulandari.3483@example.com,F,2024-10-29,Jl. Melati No. 243,Pontianak,Kalimantan Barat
CUST03484,Fajar Wulandari,fajar.wulandari.3484@example.com,M,2024-04-04,Jl. Pemuda No. 88,Balikpapan,Kalimantan Timur
CUST03485,Bagas Syahputra,bagas.syahputra.3485@example.com,F,2024-06-30,Jl. Kenanga No. 151,Sleman,DI Yogyakarta
CUST03486,Yoga Maulana,yoga.maulana.3486@example.com,F,2024-05-12,Jl. Diponegoro No. 152,Semarang,Jawa Tengah
CUST03487,Andi Maulana,andi.maulana.3487@example.com,M,2024-02-25,Jl. Merdeka No. 182,Medan,Sumatera Utara
CUST03488,Arif Permana,arif.permana.3488@example.com,M,2024-11-30,Jl. Sudirman No. 2,Denpasar,Bali
CUST03489,Hendra Hakim,hendra.hakim.3489@example.com,F,2024-06-15,Jl. Veteran No. 247,Sleman,DI Yogyakarta
CUST03490,Arif Syahputra,arif.syahputra.3490@example.com,M,2024-04-03,Jl. Merdeka No. 126,Sleman,DI Yogyakarta
CUST03491,Naufal Firmansyah,naufal.firmansyah.3491@example.com,F,2024-03-03,Jl. Sudirman No. 197,Surakarta,Jawa Tengah
CUST03492,Bagas Saputra,bagas.saputra.3492@example.com,M,2024-07-05,Jl. Merdeka No. 91,Malang,Jawa Timur
CUST03493,Naufal Puspitasari,naufal.puspitasari.3493@example.com,M,2024-05-12,Jl. Merdeka No. 181,Malang,Jawa Timur
CUST03494,Bagas Lestari,bagas.lestari.3494@example.com,F,2024-05-11,Jl. Gajah Mada No. 195,Pontianak,Kalimantan Barat
CUST03495,Aulia Maulana,aulia.maulana.3495@example.com,F,2024-09-11,Jl. Diponegoro No. 166,Bogor,Jawa Barat
CUST03496,Arif Firmansyah,arif.firmansyah.3496@example.com,M,2024-10-22,Jl. Veteran No. 86,Bogor,Jawa Barat
CUST03497,Rafi Hidayat,rafi.hidayat.3497@example.com,M,2024-09-28,Jl. Kenanga No. 78,Denpasar,Bali
CUST03498,Maya Rahmawati,maya.rahmawati.3498@example.com,M,2024-09-21,Jl. Merdeka No. 207,Yogyakarta,DI Yogyakarta
CUST03499,Raka Anggraini,raka.anggraini.3499@example.com,F,2024-09-28,Jl. Gajah Mada No. 234,Balikpapan,Kalimantan Timur
CUST03500,Aisyah Ramadhan,aisyah.ramadhan.3500@example.com,M,2025-01-01,Jl. Sudirman No. 73,Depok,Jawa Barat
CUST03501,Rina Wijaya,rina.wijaya.3501@example.com,F,2024-07-10,Jl. Gajah Mada No. 190,Balikpapan,Kalimantan Timur
CUST03502,Rina Permana,rina.permana.3502@example.com,M,2024-02-14,Jl. Sudirman No. 122,Sleman,DI Yogyakarta
CUST03503,Aisyah Setiawan,aisyah.setiawan.3503@example.com,F,2024-08-06,Jl. Sudirman No. 15,Palembang,Sumatera Selatan
CUST03504,Maya Santoso,maya.santoso.3504@example.com,M,2024-01-22,Jl. Kenanga No. 52,Makassar,Sulawesi Selatan
CUST03505,Putri Puspitasari,putri.puspitasari.3505@example.com,M,2024-11-19,Jl. Veteran No. 248,Balikpapan,Kalimantan Timur
CUST03506,Bagas Hidayat,bagas.hidayat.3506@example.com,M,2024-08-21,Jl. Sudirman No. 164,Pontianak,Kalimantan Barat
CUST03507,Bima Nugroho,bima.nugroho.3507@example.com,M,2024-10-07,Jl. Pemuda No. 62,Makassar,Sulawesi Selatan
CUST03508,Nadia Puspitasari,nadia.puspitasari.3508@example.com,M,2024-01-22,Jl. Melati No. 154,Bandung,Jawa Barat
CUST03509,Rafi Maulana,rafi.maulana.3509@example.com,M,2024-07-18,Jl. Pemuda No. 55,Jakarta,DKI Jakarta
CUST03510,Aulia Santoso,aulia.santoso.3510@example.com,M,2024-10-26,Jl. Sudirman No. 218,Makassar,Sulawesi Selatan
CUST03511,Ilham Utami,ilham.utami.3511@example.com,M,2024-05-29,Jl. Melati No. 192,Bandung,Jawa Barat
CUST03512,Hendra Ramadhan,hendra.ramadhan.3512@example.com,M,2024-06-09,Jl. Sudirman No. 110,Depok,Jawa Barat
CUST03513,Hendra Wijaya,hendra.wijaya.3513@example.com,F,2024-08-07,Jl. Gajah Mada No. 214,Semarang,Jawa Tengah
CUST03514,Fajar Utami,fajar.utami.3514@example.com,F,2024-05-07,Jl. Melati No. 20,Tangerang,Banten
CUST03515,Adit Firmansyah,adit.firmansyah.3515@example.com,F,2024-01-26,Jl. Diponegoro No. 98,Surakarta,Jawa Tengah
CUST03516,Adit Maulana,adit.maulana.3516@example.com,F,2024-07-26,Jl. Diponegoro No. 77,Surakarta,Jawa Tengah
CUST03517,Nadia Hidayat,nadia.hidayat.3517@example.com,M,2024-02-03,Jl. Melati No. 70,Bantul,DI Yogyakarta
CUST03518,Rina Saputra,rina.saputra.3518@example.com,M,2024-02-18,Jl. Diponegoro No. 162,Tangerang,Banten
CUST03519,Intan Maulana,intan.maulana.3519@example.com,M,2024-02-14,Jl. Pemuda No. 190,Bogor,Jawa Barat
CUST03520,Aulia Anggraini,aulia.anggraini.3520@example.com,F,2024-01-04,Jl. Veteran No. 166,Malang,Jawa Timur
CUST03521,Ilham Firmansyah,ilham.firmansyah.3521@example.com,F,2024-01-24,Jl. Pemuda No. 128,Bantul,DI Yogyakarta
CUST03522,Tiara Maulana,tiara.maulana.3522@example.com,F,2024-01-06,Jl. Gajah Mada No. 54,Makassar,Sulawesi Selatan
CUST03523,Rina Utami,rina.utami.3523@example.com,M,2024-01-05,Jl. Veteran No. 228,Medan,Sumatera Utara
CUST03524,Dimas Setiawan,dimas.setiawan.3524@example.com,F,2024-09-26,Jl. Sudirman No. 142,Denpasar,Bali
CUST03525,Bagas Setiawan,bagas.setiawan.3525@example.com,F,2024-10-19,Jl. Merdeka No. 62,Bekasi,Jawa Barat
CUST03526,Raka Wijaya,raka.wijaya.3526@example.com,F,2024-10-14,Jl. Veteran No. 98,Depok,Jawa Barat
CUST03527,Adit Pratama,adit.pratama.3527@example.com,F,2024-05-02,Jl. Pemuda No. 169,Jakarta,DKI Jakarta
CUST03528,Galih Santoso,galih.santoso.3528@example.com,M,2024-02-27,Jl. Kenanga No. 77,Yogyakarta,DI Yogyakarta
CUST03529,Aulia Wulandari,aulia.wulandari.3529@example.com,F,2024-07-20,Jl. Diponegoro No. 60,Malang,Jawa Timur
CUST03530,Aisyah Syahputra,aisyah.syahputra.3530@example.com,F,2024-11-19,Jl. Diponegoro No. 211,Medan,Sumatera Utara
CUST03531,Nadia Nugroho,nadia.nugroho.3531@example.com,M,2024-07-22,Jl. Gajah Mada No. 124,Samarinda,Kalimantan Timur
CUST03532,Dimas Utami,dimas.utami.3532@example.com,F,2024-01-10,Jl. Veteran No. 18,Bogor,Jawa Barat
CUST03533,Rafi Wijaya,rafi.wijaya.3533@example.com,F,2024-06-17,Jl. Gajah Mada No. 169,Malang,Jawa Timur
CUST03534,Aulia Rahmawati,aulia.rahmawati.3534@example.com,M,2024-02-09,Jl. Veteran No. 143,Makassar,Sulawesi Selatan
CUST03535,Naufal Puspitasari,naufal.puspitasari.3535@example.com,M,2024-04-25,Jl. Pemuda No. 9,Bantul,DI Yogyakarta
CUST03536,Ahmad Utami,ahmad.utami.3536@example.com,F,2024-01-12,Jl. Diponegoro No. 49,Surabaya,Jawa Timur
CUST03537,Reza Kurniawan,reza.kurniawan.3537@example.com,M,2024-02-17,Jl. Pemuda No. 153,Bandung,Jawa Barat
CUST03538,Galih Santoso,galih.santoso.3538@example.com,M,2024-08-26,Jl. Sudirman No. 203,Bantul,DI Yogyakarta
CUST03539,Maya Setiawan,maya.setiawan.3539@example.com,F,2024-05-10,Jl. Veteran No. 157,Surabaya,Jawa Timur
CUST03540,Arif Setiawan,arif.setiawan.3540@example.com,M,2024-11-16,Jl. Pemuda No. 172,Makassar,Sulawesi Selatan
CUST03541,Rizky Nugroho,rizky.nugroho.3541@example.com,M,2024-04-22,Jl. Pemuda No. 54,Pontianak,Kalimantan Barat
CUST03542,Arif Santoso,arif.santoso.3542@example.com,F,2024-01-31,Jl. Melati No. 9,Samarinda,Kalimantan Timur
CUST03543,Dewi Firmansyah,dewi.firmansyah.3543@example.com,M,2024-06-13,Jl. Merdeka No. 239,Surabaya,Jawa Timur
CUST03544,Nabila Anggraini,nabila.anggraini.3544@example.com,M,2024-08-22,Jl. Diponegoro No. 75,Bantul,DI Yogyakarta
CUST03545,Siti Maulana,siti.maulana.3545@example.com,M,2024-11-29,Jl. Veteran No. 198,Samarinda,Kalimantan Timur
CUST03546,Ilham Ramadhan,ilham.ramadhan.3546@example.com,F,2024-03-04,Jl. Gajah Mada No. 117,Bandung,Jawa Barat
CUST03547,Raka Wulandari,raka.wulandari.3547@example.com,M,2024-08-02,Jl. Sudirman No. 107,Jakarta,DKI Jakarta
CUST03548,Siti Rahmawati,siti.rahmawati.3548@example.com,M,2024-12-03,Jl. Merdeka No. 71,Balikpapan,Kalimantan Timur
CUST03549,Dewi Anggraini,dewi.anggraini.3549@example.com,F,2024-01-23,Jl. Veteran No. 109,Surabaya,Jawa Timur
CUST03550,Galih Hakim,galih.hakim.3550@example.com,F,2024-10-23,Jl. Kenanga No. 9,Malang,Jawa Timur
CUST03551,Raka Pratama,raka.pratama.3551@example.com,F,2024-05-18,Jl. Diponegoro No. 70,Semarang,Jawa Tengah
CUST03552,Yoga Lestari,yoga.lestari.3552@example.com,F,2024-08-29,Jl. Merdeka No. 151,Yogyakarta,DI Yogyakarta
CUST03553,Putri Ramadhan,putri.ramadhan.3553@example.com,M,2024-10-21,Jl. Veteran No. 245,Surabaya,Jawa Timur
CUST03554,Siti Nugroho,siti.nugroho.3554@example.com,M,2024-06-07,Jl. Pemuda No. 48,Pontianak,Kalimantan Barat
CUST03555,Aisyah Pratama,aisyah.pratama.3555@example.com,F,2024-10-03,Jl. Diponegoro No. 199,Palembang,Sumatera Selatan
CUST03556,Farah Permana,farah.permana.3556@example.com,F,2024-03-03,Jl. Veteran No. 167,Malang,Jawa Timur
CUST03557,Andi Permana,andi.permana.3557@example.com,F,2024-03-21,Jl. Melati No. 50,Bantul,DI Yogyakarta
CUST03558,Adit Nugroho,adit.nugroho.3558@example.com,F,2024-12-01,Jl. Veteran No. 249,Bekasi,Jawa Barat
CUST03559,Nabila Anggraini,nabila.anggraini.3559@example.com,F,2024-06-14,Jl. Gajah Mada No. 114,Bekasi,Jawa Barat
CUST03560,Bima Wulandari,bima.wulandari.3560@example.com,F,2024-10-30,Jl. Sudirman No. 59,Bandung,Jawa Barat
CUST03561,Rizky Firmansyah,rizky.firmansyah.3561@example.com,M,2024-04-19,Jl. Pemuda No. 71,Makassar,Sulawesi Selatan
CUST03562,Hendra Rahmawati,hendra.rahmawati.3562@example.com,F,2024-03-07,Jl. Sudirman No. 168,Surakarta,Jawa Tengah
CUST03563,Naufal Rahmawati,naufal.rahmawati.3563@example.com,F,2024-05-06,Jl. Gajah Mada No. 142,Pontianak,Kalimantan Barat
CUST03564,Aulia Permana,aulia.permana.3564@example.com,F,2024-07-23,Jl. Melati No. 66,Malang,Jawa Timur
CUST03565,Tiara Pratama,tiara.pratama.3565@example.com,F,2024-02-28,Jl. Diponegoro No. 215,Bandung,Jawa Barat
CUST03566,Maya Permana,maya.permana.3566@example.com,F,2024-10-19,Jl. Sudirman No. 95,Samarinda,Kalimantan Timur
CUST03567,Yoga Lestari,yoga.lestari.3567@example.com,F,2024-01-10,Jl. Kenanga No. 158,Samarinda,Kalimantan Timur
CUST03568,Hendra Permana,hendra.permana.3568@example.com,M,2024-11-27,Jl. Sudirman No. 80,Yogyakarta,DI Yogyakarta
CUST03569,Raka Hakim,raka.hakim.3569@example.com,M,2024-02-06,Jl. Melati No. 231,Bantul,DI Yogyakarta
CUST03570,Maya Pratama,maya.pratama.3570@example.com,F,2024-06-02,Jl. Melati No. 116,Bantul,DI Yogyakarta
CUST03571,Reza Maulana,reza.maulana.3571@example.com,M,2024-11-10,Jl. Kenanga No. 146,Makassar,Sulawesi Selatan
CUST03572,Reza Kurniawan,reza.kurniawan.3572@example.com,M,2024-04-13,Jl. Sudirman No. 190,Denpasar,Bali
CUST03573,Bima Pratama,bima.pratama.3573@example.com,F,2024-07-31,Jl. Diponegoro No. 4,Jakarta,DKI Jakarta
CUST03574,Reza Nugroho,reza.nugroho.3574@example.com,F,2024-01-20,Jl. Kenanga No. 100,Malang,Jawa Timur
CUST03575,Ilham Lestari,ilham.lestari.3575@example.com,M,2024-06-18,Jl. Gajah Mada No. 162,Yogyakarta,DI Yogyakarta
CUST03576,Bima Syahputra,bima.syahputra.3576@example.com,F,2024-09-01,Jl. Pemuda No. 115,Depok,Jawa Barat
CUST03577,Reza Syahputra,reza.syahputra.3577@example.com,F,2024-06-15,Jl. Kenanga No. 70,Bogor,Jawa Barat
CUST03578,Dimas Hidayat,dimas.hidayat.3578@example.com,M,2024-05-08,Jl. Pemuda No. 22,Jakarta,DKI Jakarta
CUST03579,Yoga Saputra,yoga.saputra.3579@example.com,F,2024-02-18,Jl. Merdeka No. 184,Sleman,DI Yogyakarta
CUST03580,Maya Kurniawan,maya.kurniawan.3580@example.com,M,2024-01-12,Jl. Melati No. 184,Denpasar,Bali
CUST03581,Yoga Kurniawan,yoga.kurniawan.3581@example.com,M,2024-01-19,Jl. Veteran No. 189,Denpasar,Bali
CUST03582,Bayu Hidayat,bayu.hidayat.3582@example.com,M,2024-01-07,Jl. Merdeka No. 149,Makassar,Sulawesi Selatan
CUST03583,Arif Anggraini,arif.anggraini.3583@example.com,F,2024-01-25,Jl. Veteran No. 119,Denpasar,Bali
CUST03584,Ahmad Syahputra,ahmad.syahputra.3584@example.com,F,2024-07-17,Jl. Sudirman No. 9,Surabaya,Jawa Timur
CUST03585,Nabila Santoso,nabila.santoso.3585@example.com,F,2024-06-27,Jl. Kenanga No. 240,Bogor,Jawa Barat
CUST03586,Nadia Ramadhan,nadia.ramadhan.3586@example.com,F,2024-10-17,Jl. Melati No. 210,Bogor,Jawa Barat
CUST03587,Farah Nugroho,farah.nugroho.3587@example.com,M,2024-11-26,Jl. Pemuda No. 74,Bekasi,Jawa Barat
CUST03588,Andi Maulana,andi.maulana.3588@example.com,F,2024-12-14,Jl. Merdeka No. 12,Sleman,DI Yogyakarta
CUST03589,Aulia Ramadhan,aulia.ramadhan.3589@example.com,M,2024-08-25,Jl. Melati No. 187,Balikpapan,Kalimantan Timur
CUST03590,Tiara Kurniawan,tiara.kurniawan.3590@example.com,F,2024-07-30,Jl. Merdeka No. 175,Pontianak,Kalimantan Barat
CUST03591,Fajar Nugroho,fajar.nugroho.3591@example.com,F,2024-10-07,Jl. Merdeka No. 201,Bekasi,Jawa Barat
CUST03592,Nadia Nugroho,nadia.nugroho.3592@example.com,M,2024-09-17,Jl. Melati No. 210,Pontianak,Kalimantan Barat
CUST03593,Ilham Maulana,ilham.maulana.3593@example.com,F,2024-03-01,Jl. Gajah Mada No. 78,Bandung,Jawa Barat
CUST03594,Arif Utami,arif.utami.3594@example.com,F,2024-06-06,Jl. Merdeka No. 187,Bantul,DI Yogyakarta
CUST03595,Bayu Puspitasari,bayu.puspitasari.3595@example.com,M,2024-11-10,Jl. Sudirman No. 189,Malang,Jawa Timur
CUST03596,Andi Firmansyah,andi.firmansyah.3596@example.com,F,2024-10-02,Jl. Veteran No. 217,Depok,Jawa Barat
CUST03597,Bima Wijaya,bima.wijaya.3597@example.com,M,2024-09-21,Jl. Veteran No. 158,Bantul,DI Yogyakarta
CUST03598,Galih Hakim,galih.hakim.3598@example.com,F,2024-06-17,Jl. Pemuda No. 231,Semarang,Jawa Tengah
CUST03599,Maya Anggraini,maya.anggraini.3599@example.com,M,2024-11-27,Jl. Merdeka No. 161,Palembang,Sumatera Selatan
CUST03600,Dimas Wijaya,dimas.wijaya.3600@example.com,F,2024-10-16,Jl. Sudirman No. 45,Bogor,Jawa Barat
CUST03601,Putri Setiawan,putri.setiawan.3601@example.com,M,2024-05-19,Jl. Sudirman No. 42,Surabaya,Jawa Timur
CUST03602,Rafi Syahputra,rafi.syahputra.3602@example.com,F,2024-12-14,Jl. Sudirman No. 176,Sleman,DI Yogyakarta
CUST03603,Naufal Rahmawati,naufal.rahmawati.3603@example.com,M,2024-08-12,Jl. Veteran No. 229,Medan,Sumatera Utara
CUST03604,Aulia Saputra,aulia.saputra.3604@example.com,M,2024-09-12,Jl. Kenanga No. 238,Yogyakarta,DI Yogyakarta
CUST03605,Galih Puspitasari,galih.puspitasari.3605@example.com,M,2024-09-21,Jl. Sudirman No. 181,Malang,Jawa Timur
CUST03606,Siti Santoso,siti.santoso.3606@example.com,M,2024-08-30,Jl. Sudirman No. 52,Sleman,DI Yogyakarta
CUST03607,Yoga Santoso,yoga.santoso.3607@example.com,F,2024-06-26,Jl. Sudirman No. 27,Surakarta,Jawa Tengah
CUST03608,Rina Ramadhan,rina.ramadhan.3608@example.com,M,2024-05-01,Jl. Merdeka No. 115,Bantul,DI Yogyakarta
CUST03609,Dimas Utami,dimas.utami.3609@example.com,F,2024-10-09,Jl. Melati No. 58,Palembang,Sumatera Selatan
CUST03610,Tiara Utami,tiara.utami.3610@example.com,F,2024-03-26,Jl. Gajah Mada No. 126,Pontianak,Kalimantan Barat
CUST03611,Fajar Syahputra,fajar.syahputra.3611@example.com,F,2024-03-08,Jl. Sudirman No. 3,Surakarta,Jawa Tengah
CUST03612,Rina Hidayat,rina.hidayat.3612@example.com,M,2024-07-09,Jl. Pemuda No. 126,Bandung,Jawa Barat
CUST03613,Aulia Pratama,aulia.pratama.3613@example.com,F,2024-02-18,Jl. Sudirman No. 105,Bogor,Jawa Barat
CUST03614,Putri Maulana,putri.maulana.3614@example.com,F,2024-12-17,Jl. Gajah Mada No. 139,Bandung,Jawa Barat
CUST03615,Putri Pratama,putri.pratama.3615@example.com,M,2024-11-18,Jl. Kenanga No. 37,Pontianak,Kalimantan Barat
CUST03616,Reza Permana,reza.permana.3616@example.com,F,2024-01-13,Jl. Diponegoro No. 197,Surakarta,Jawa Tengah
CUST03617,Tiara Maulana,tiara.maulana.3617@example.com,F,2024-09-28,Jl. Veteran No. 170,Bogor,Jawa Barat
CUST03618,Farah Nugroho,farah.nugroho.3618@example.com,M,2024-04-26,Jl. Melati No. 176,Surabaya,Jawa Timur
CUST03619,Tiara Maulana,tiara.maulana.3619@example.com,M,2024-12-19,Jl. Veteran No. 24,Bantul,DI Yogyakarta
CUST03620,Naufal Maulana,naufal.maulana.3620@example.com,F,2024-03-27,Jl. Diponegoro No. 241,Semarang,Jawa Tengah
CUST03621,Putri Santoso,putri.santoso.3621@example.com,M,2024-05-29,Jl. Melati No. 134,Tangerang,Banten
CUST03622,Hendra Setiawan,hendra.setiawan.3622@example.com,F,2024-02-05,Jl. Sudirman No. 82,Tangerang,Banten
CUST03623,Arif Anggraini,arif.anggraini.3623@example.com,M,2024-06-16,Jl. Kenanga No. 9,Yogyakarta,DI Yogyakarta
CUST03624,Ahmad Pratama,ahmad.pratama.3624@example.com,F,2024-11-21,Jl. Pemuda No. 66,Surabaya,Jawa Timur
CUST03625,Aisyah Maulana,aisyah.maulana.3625@example.com,F,2024-12-18,Jl. Gajah Mada No. 25,Makassar,Sulawesi Selatan
CUST03626,Bagas Hakim,bagas.hakim.3626@example.com,M,2024-11-25,Jl. Sudirman No. 10,Bantul,DI Yogyakarta
CUST03627,Siti Puspitasari,siti.puspitasari.3627@example.com,M,2024-01-18,Jl. Sudirman No. 196,Sleman,DI Yogyakarta
CUST03628,Farah Firmansyah,farah.firmansyah.3628@example.com,M,2024-07-09,Jl. Diponegoro No. 32,Jakarta,DKI Jakarta
CUST03629,Putri Hakim,putri.hakim.3629@example.com,F,2024-03-15,Jl. Diponegoro No. 223,Makassar,Sulawesi Selatan
CUST03630,Aulia Saputra,aulia.saputra.3630@example.com,F,2024-01-19,Jl. Melati No. 42,Denpasar,Bali
CUST03631,Dimas Utami,dimas.utami.3631@example.com,F,2024-05-29,Jl. Merdeka No. 156,Surabaya,Jawa Timur
CUST03632,Rizky Rahmawati,rizky.rahmawati.3632@example.com,M,2024-09-13,Jl. Kenanga No. 215,Bogor,Jawa Barat
CUST03633,Galih Lestari,galih.lestari.3633@example.com,F,2024-10-25,Jl. Sudirman No. 169,Yogyakarta,DI Yogyakarta
CUST03634,Dewi Hidayat,dewi.hidayat.3634@example.com,F,2024-05-31,Jl. Gajah Mada No. 236,Denpasar,Bali
CUST03635,Rizky Hakim,rizky.hakim.3635@example.com,M,2024-12-22,Jl. Merdeka No. 237,Palembang,Sumatera Selatan
CUST03636,Andi Pratama,andi.pratama.3636@example.com,M,2024-05-19,Jl. Pemuda No. 52,Bandung,Jawa Barat
CUST03637,Andi Anggraini,andi.anggraini.3637@example.com,M,2024-01-10,Jl. Pemuda No. 150,Tangerang,Banten
CUST03638,Andi Saputra,andi.saputra.3638@example.com,F,2025-01-01,Jl. Pemuda No. 89,Jakarta,DKI Jakarta
CUST03639,Raka Puspitasari,raka.puspitasari.3639@example.com,F,2024-01-17,Jl. Sudirman No. 39,Palembang,Sumatera Selatan
CUST03640,Aulia Maulana,aulia.maulana.3640@example.com,M,2024-11-04,Jl. Merdeka No. 218,Samarinda,Kalimantan Timur
CUST03641,Arif Anggraini,arif.anggraini.3641@example.com,F,2024-08-20,Jl. Veteran No. 155,Denpasar,Bali
CUST03642,Arif Firmansyah,arif.firmansyah.3642@example.com,M,2024-04-08,Jl. Kenanga No. 28,Bekasi,Jawa Barat
CUST03643,Farah Firmansyah,farah.firmansyah.3643@example.com,F,2024-10-21,Jl. Diponegoro No. 160,Balikpapan,Kalimantan Timur
CUST03644,Bagas Wulandari,bagas.wulandari.3644@example.com,F,2024-01-02,Jl. Diponegoro No. 99,Palembang,Sumatera Selatan
CUST03645,Rafi Rahmawati,rafi.rahmawati.3645@example.com,M,2024-06-29,Jl. Veteran No. 174,Tangerang,Banten
CUST03646,Rafi Rahmawati,rafi.rahmawati.3646@example.com,F,2024-11-29,Jl. Veteran No. 193,Bandung,Jawa Barat
CUST03647,Raka Ramadhan,raka.ramadhan.3647@example.com,F,2024-06-11,Jl. Merdeka No. 3,Jakarta,DKI Jakarta
CUST03648,Naufal Santoso,naufal.santoso.3648@example.com,F,2024-04-29,Jl. Gajah Mada No. 118,Jakarta,DKI Jakarta
CUST03649,Tiara Firmansyah,tiara.firmansyah.3649@example.com,M,2024-09-28,Jl. Gajah Mada No. 77,Medan,Sumatera Utara
CUST03650,Intan Maulana,intan.maulana.3650@example.com,F,2024-10-28,Jl. Melati No. 240,Sleman,DI Yogyakarta
CUST03651,Nadia Puspitasari,nadia.puspitasari.3651@example.com,F,2024-03-01,Jl. Sudirman No. 96,Bandung,Jawa Barat
CUST03652,Naufal Saputra,naufal.saputra.3652@example.com,M,2024-09-06,Jl. Merdeka No. 136,Bogor,Jawa Barat
CUST03653,Siti Lestari,siti.lestari.3653@example.com,M,2024-06-17,Jl. Veteran No. 68,Surakarta,Jawa Tengah
CUST03654,Bayu Setiawan,bayu.setiawan.3654@example.com,M,2024-05-15,Jl. Merdeka No. 106,Depok,Jawa Barat
CUST03655,Nabila Utami,nabila.utami.3655@example.com,M,2024-01-09,Jl. Gajah Mada No. 153,Surabaya,Jawa Timur
CUST03656,Aulia Pratama,aulia.pratama.3656@example.com,M,2024-04-17,Jl. Pemuda No. 205,Bogor,Jawa Barat
CUST03657,Rafi Puspitasari,rafi.puspitasari.3657@example.com,M,2024-12-02,Jl. Merdeka No. 90,Makassar,Sulawesi Selatan
CUST03658,Nadia Hakim,nadia.hakim.3658@example.com,M,2024-04-11,Jl. Merdeka No. 62,Sleman,DI Yogyakarta
CUST03659,Yoga Wulandari,yoga.wulandari.3659@example.com,M,2024-10-12,Jl. Gajah Mada No. 19,Yogyakarta,DI Yogyakarta
CUST03660,Putri Ramadhan,putri.ramadhan.3660@example.com,M,2024-02-05,Jl. Sudirman No. 185,Tangerang,Banten
CUST03661,Rina Wulandari,rina.wulandari.3661@example.com,M,2024-09-09,Jl. Gajah Mada No. 41,Surabaya,Jawa Timur
CUST03662,Naufal Utami,naufal.utami.3662@example.com,F,2024-02-26,Jl. Merdeka No. 18,Malang,Jawa Timur
CUST03663,Reza Utami,reza.utami.3663@example.com,F,2024-08-10,Jl. Gajah Mada No. 118,Bekasi,Jawa Barat
CUST03664,Dimas Hakim,dimas.hakim.3664@example.com,M,2024-12-01,Jl. Gajah Mada No. 122,Bekasi,Jawa Barat
CUST03665,Tiara Wijaya,tiara.wijaya.3665@example.com,F,2024-02-25,Jl. Merdeka No. 176,Medan,Sumatera Utara
CUST03666,Bagas Lestari,bagas.lestari.3666@example.com,M,2024-04-23,Jl. Pemuda No. 231,Tangerang,Banten
CUST03667,Bagas Firmansyah,bagas.firmansyah.3667@example.com,F,2024-03-04,Jl. Gajah Mada No. 213,Malang,Jawa Timur
CUST03668,Raka Kurniawan,raka.kurniawan.3668@example.com,F,2024-06-13,Jl. Melati No. 95,Yogyakarta,DI Yogyakarta
CUST03669,Bima Utami,bima.utami.3669@example.com,F,2024-06-14,Jl. Diponegoro No. 86,Depok,Jawa Barat
CUST03670,Naufal Setiawan,naufal.setiawan.3670@example.com,M,2024-02-28,Jl. Merdeka No. 17,Jakarta,DKI Jakarta
CUST03671,Reza Santoso,reza.santoso.3671@example.com,F,2024-07-17,Jl. Gajah Mada No. 164,Sleman,DI Yogyakarta
CUST03672,Fajar Hidayat,fajar.hidayat.3672@example.com,M,2024-04-26,Jl. Gajah Mada No. 174,Yogyakarta,DI Yogyakarta
CUST03673,Raka Ramadhan,raka.ramadhan.3673@example.com,M,2024-07-11,Jl. Gajah Mada No. 119,Makassar,Sulawesi Selatan
CUST03674,Rina Firmansyah,rina.firmansyah.3674@example.com,M,2024-11-25,Jl. Kenanga No. 248,Malang,Jawa Timur
CUST03675,Farah Puspitasari,farah.puspitasari.3675@example.com,M,2024-04-23,Jl. Sudirman No. 33,Malang,Jawa Timur
CUST03676,Rizky Utami,rizky.utami.3676@example.com,M,2024-01-24,Jl. Diponegoro No. 233,Surabaya,Jawa Timur
CUST03677,Maya Hidayat,maya.hidayat.3677@example.com,M,2024-04-15,Jl. Pemuda No. 51,Palembang,Sumatera Selatan
CUST03678,Bayu Rahmawati,bayu.rahmawati.3678@example.com,M,2024-07-15,Jl. Pemuda No. 47,Jakarta,DKI Jakarta
CUST03679,Farah Utami,farah.utami.3679@example.com,M,2024-09-19,Jl. Kenanga No. 53,Bantul,DI Yogyakarta
CUST03680,Naufal Hakim,naufal.hakim.3680@example.com,F,2024-07-10,Jl. Veteran No. 144,Yogyakarta,DI Yogyakarta
CUST03681,Naufal Ramadhan,naufal.ramadhan.3681@example.com,M,2024-11-09,Jl. Gajah Mada No. 156,Denpasar,Bali
CUST03682,Tiara Lestari,tiara.lestari.3682@example.com,M,2024-11-19,Jl. Sudirman No. 48,Bantul,DI Yogyakarta
CUST03683,Dimas Kurniawan,dimas.kurniawan.3683@example.com,F,2024-05-15,Jl. Sudirman No. 207,Pontianak,Kalimantan Barat
CUST03684,Bima Saputra,bima.saputra.3684@example.com,M,2024-12-24,Jl. Merdeka No. 72,Yogyakarta,DI Yogyakarta
CUST03685,Bayu Hidayat,bayu.hidayat.3685@example.com,F,2024-01-27,Jl. Melati No. 176,Yogyakarta,DI Yogyakarta
CUST03686,Aisyah Setiawan,aisyah.setiawan.3686@example.com,M,2024-06-22,Jl. Sudirman No. 128,Palembang,Sumatera Selatan
CUST03687,Intan Santoso,intan.santoso.3687@example.com,F,2024-09-20,Jl. Veteran No. 32,Malang,Jawa Timur
CUST03688,Ahmad Saputra,ahmad.saputra.3688@example.com,M,2024-11-11,Jl. Merdeka No. 47,Pontianak,Kalimantan Barat
CUST03689,Yoga Saputra,yoga.saputra.3689@example.com,F,2024-08-17,Jl. Melati No. 84,Balikpapan,Kalimantan Timur
CUST03690,Bima Pratama,bima.pratama.3690@example.com,F,2024-06-23,Jl. Pemuda No. 74,Depok,Jawa Barat
CUST03691,Aulia Ramadhan,aulia.ramadhan.3691@example.com,M,2024-07-25,Jl. Sudirman No. 52,Tangerang,Banten
CUST03692,Rina Wijaya,rina.wijaya.3692@example.com,F,2024-01-21,Jl. Diponegoro No. 125,Medan,Sumatera Utara
CUST03693,Maya Saputra,maya.saputra.3693@example.com,M,2024-02-04,Jl. Pemuda No. 216,Yogyakarta,DI Yogyakarta
CUST03694,Rafi Maulana,rafi.maulana.3694@example.com,F,2024-01-10,Jl. Diponegoro No. 62,Samarinda,Kalimantan Timur
CUST03695,Aisyah Nugroho,aisyah.nugroho.3695@example.com,F,2024-07-28,Jl. Diponegoro No. 232,Tangerang,Banten
CUST03696,Ahmad Santoso,ahmad.santoso.3696@example.com,F,2024-11-14,Jl. Kenanga No. 70,Denpasar,Bali
CUST03697,Fajar Saputra,fajar.saputra.3697@example.com,F,2024-05-31,Jl. Melati No. 27,Malang,Jawa Timur
CUST03698,Fajar Firmansyah,fajar.firmansyah.3698@example.com,M,2024-01-14,Jl. Gajah Mada No. 197,Makassar,Sulawesi Selatan
CUST03699,Nabila Syahputra,nabila.syahputra.3699@example.com,F,2024-04-24,Jl. Kenanga No. 181,Pontianak,Kalimantan Barat
CUST03700,Rina Permana,rina.permana.3700@example.com,F,2024-09-23,Jl. Pemuda No. 30,Semarang,Jawa Tengah
CUST03701,Bagas Lestari,bagas.lestari.3701@example.com,M,2024-11-18,Jl. Kenanga No. 55,Bandung,Jawa Barat
CUST03702,Nabila Kurniawan,nabila.kurniawan.3702@example.com,M,2024-04-24,Jl. Veteran No. 178,Pontianak,Kalimantan Barat
CUST03703,Dewi Lestari,dewi.lestari.3703@example.com,F,2024-12-16,Jl. Gajah Mada No. 215,Malang,Jawa Timur
CUST03704,Maya Wulandari,maya.wulandari.3704@example.com,F,2024-12-29,Jl. Kenanga No. 187,Semarang,Jawa Tengah
CUST03705,Rina Setiawan,rina.setiawan.3705@example.com,M,2024-12-17,Jl. Sudirman No. 82,Samarinda,Kalimantan Timur
CUST03706,Arif Anggraini,arif.anggraini.3706@example.com,F,2024-12-11,Jl. Merdeka No. 211,Surakarta,Jawa Tengah
CUST03707,Siti Firmansyah,siti.firmansyah.3707@example.com,M,2024-12-14,Jl. Pemuda No. 141,Malang,Jawa Timur
CUST03708,Rafi Anggraini,rafi.anggraini.3708@example.com,M,2024-07-10,Jl. Gajah Mada No. 218,Semarang,Jawa Tengah
CUST03709,Bagas Pratama,bagas.pratama.3709@example.com,M,2024-06-26,Jl. Merdeka No. 79,Makassar,Sulawesi Selatan
CUST03710,Andi Permana,andi.permana.3710@example.com,M,2024-07-25,Jl. Merdeka No. 244,Depok,Jawa Barat
CUST03711,Siti Hakim,siti.hakim.3711@example.com,M,2024-01-05,Jl. Pemuda No. 137,Malang,Jawa Timur
CUST03712,Putri Setiawan,putri.setiawan.3712@example.com,F,2024-11-28,Jl. Merdeka No. 223,Depok,Jawa Barat
CUST03713,Dewi Rahmawati,dewi.rahmawati.3713@example.com,M,2024-02-11,Jl. Melati No. 157,Pontianak,Kalimantan Barat
CUST03714,Rizky Maulana,rizky.maulana.3714@example.com,F,2024-08-31,Jl. Diponegoro No. 130,Jakarta,DKI Jakarta
CUST03715,Rizky Wulandari,rizky.wulandari.3715@example.com,F,2024-02-13,Jl. Kenanga No. 171,Balikpapan,Kalimantan Timur
CUST03716,Nabila Permana,nabila.permana.3716@example.com,M,2024-07-07,Jl. Merdeka No. 184,Tangerang,Banten
CUST03717,Bima Rahmawati,bima.rahmawati.3717@example.com,M,2024-12-27,Jl. Melati No. 45,Bogor,Jawa Barat
CUST03718,Dewi Permana,dewi.permana.3718@example.com,M,2024-08-27,Jl. Kenanga No. 244,Medan,Sumatera Utara
CUST03719,Maya Hakim,maya.hakim.3719@example.com,F,2024-11-06,Jl. Kenanga No. 10,Bekasi,Jawa Barat
CUST03720,Ahmad Hidayat,ahmad.hidayat.3720@example.com,F,2024-02-08,Jl. Kenanga No. 57,Semarang,Jawa Tengah
CUST03721,Andi Rahmawati,andi.rahmawati.3721@example.com,F,2024-07-16,Jl. Diponegoro No. 128,Bantul,DI Yogyakarta
CUST03722,Nabila Nugroho,nabila.nugroho.3722@example.com,M,2024-05-22,Jl. Merdeka No. 210,Balikpapan,Kalimantan Timur
CUST03723,Tiara Rahmawati,tiara.rahmawati.3723@example.com,F,2024-01-22,Jl. Kenanga No. 215,Samarinda,Kalimantan Timur
CUST03724,Ilham Saputra,ilham.saputra.3724@example.com,F,2024-10-22,Jl. Kenanga No. 204,Semarang,Jawa Tengah
CUST03725,Aisyah Saputra,aisyah.saputra.3725@example.com,F,2024-02-08,Jl. Melati No. 245,Depok,Jawa Barat
CUST03726,Dewi Rahmawati,dewi.rahmawati.3726@example.com,F,2024-04-11,Jl. Sudirman No. 138,Depok,Jawa Barat
CUST03727,Bayu Puspitasari,bayu.puspitasari.3727@example.com,M,2024-10-09,Jl. Sudirman No. 104,Surabaya,Jawa Timur
CUST03728,Intan Setiawan,intan.setiawan.3728@example.com,M,2024-03-21,Jl. Pemuda No. 223,Makassar,Sulawesi Selatan
CUST03729,Tiara Hidayat,tiara.hidayat.3729@example.com,F,2024-09-24,Jl. Sudirman No. 16,Bantul,DI Yogyakarta
CUST03730,Reza Hidayat,reza.hidayat.3730@example.com,M,2024-03-18,Jl. Gajah Mada No. 98,Surabaya,Jawa Timur
CUST03731,Dewi Wulandari,dewi.wulandari.3731@example.com,F,2024-02-15,Jl. Sudirman No. 63,Palembang,Sumatera Selatan
CUST03732,Siti Maulana,siti.maulana.3732@example.com,M,2024-04-12,Jl. Gajah Mada No. 168,Pontianak,Kalimantan Barat
CUST03733,Intan Wulandari,intan.wulandari.3733@example.com,F,2024-10-24,Jl. Veteran No. 180,Malang,Jawa Timur
CUST03734,Intan Rahmawati,intan.rahmawati.3734@example.com,F,2024-01-01,Jl. Diponegoro No. 248,Bantul,DI Yogyakarta
CUST03735,Nadia Firmansyah,nadia.firmansyah.3735@example.com,M,2024-11-06,Jl. Gajah Mada No. 29,Semarang,Jawa Tengah
CUST03736,Intan Rahmawati,intan.rahmawati.3736@example.com,M,2024-06-29,Jl. Merdeka No. 130,Surabaya,Jawa Timur
CUST03737,Hendra Pratama,hendra.pratama.3737@example.com,M,2024-06-06,Jl. Kenanga No. 205,Tangerang,Banten
CUST03738,Bagas Hidayat,bagas.hidayat.3738@example.com,M,2024-10-17,Jl. Merdeka No. 123,Surakarta,Jawa Tengah
CUST03739,Yoga Hidayat,yoga.hidayat.3739@example.com,M,2024-12-19,Jl. Diponegoro No. 126,Makassar,Sulawesi Selatan
CUST03740,Hendra Utami,hendra.utami.3740@example.com,M,2024-07-24,Jl. Diponegoro No. 178,Surabaya,Jawa Timur
CUST03741,Bima Syahputra,bima.syahputra.3741@example.com,M,2024-08-22,Jl. Gajah Mada No. 144,Samarinda,Kalimantan Timur
CUST03742,Dewi Setiawan,dewi.setiawan.3742@example.com,M,2024-02-29,Jl. Merdeka No. 91,Bekasi,Jawa Barat
CUST03743,Siti Kurniawan,siti.kurniawan.3743@example.com,F,2024-01-01,Jl. Sudirman No. 167,Bogor,Jawa Barat
CUST03744,Aulia Santoso,aulia.santoso.3744@example.com,M,2024-03-28,Jl. Gajah Mada No. 30,Balikpapan,Kalimantan Timur
CUST03745,Dimas Saputra,dimas.saputra.3745@example.com,F,2024-02-20,Jl. Gajah Mada No. 153,Yogyakarta,DI Yogyakarta
CUST03746,Naufal Lestari,naufal.lestari.3746@example.com,F,2024-01-22,Jl. Gajah Mada No. 117,Jakarta,DKI Jakarta
CUST03747,Maya Wijaya,maya.wijaya.3747@example.com,M,2024-04-09,Jl. Melati No. 218,Yogyakarta,DI Yogyakarta
CUST03748,Andi Lestari,andi.lestari.3748@example.com,F,2024-05-11,Jl. Melati No. 119,Balikpapan,Kalimantan Timur
CUST03749,Reza Hidayat,reza.hidayat.3749@example.com,F,2024-03-27,Jl. Sudirman No. 93,Bekasi,Jawa Barat
CUST03750,Rina Maulana,rina.maulana.3750@example.com,M,2024-03-21,Jl. Kenanga No. 72,Makassar,Sulawesi Selatan
CUST03751,Ilham Permana,ilham.permana.3751@example.com,M,2024-09-12,Jl. Pemuda No. 229,Bantul,DI Yogyakarta
CUST03752,Hendra Rahmawati,hendra.rahmawati.3752@example.com,M,2024-08-04,Jl. Merdeka No. 79,Bogor,Jawa Barat
CUST03753,Ahmad Hidayat,ahmad.hidayat.3753@example.com,M,2024-04-21,Jl. Veteran No. 97,Semarang,Jawa Tengah
CUST03754,Arif Kurniawan,arif.kurniawan.3754@example.com,F,2024-10-07,Jl. Diponegoro No. 117,Surakarta,Jawa Tengah
CUST03755,Intan Utami,intan.utami.3755@example.com,F,2024-09-07,Jl. Veteran No. 72,Bekasi,Jawa Barat
CUST03756,Reza Setiawan,reza.setiawan.3756@example.com,F,2024-10-10,Jl. Merdeka No. 66,Pontianak,Kalimantan Barat
CUST03757,Dimas Kurniawan,dimas.kurniawan.3757@example.com,F,2024-03-01,Jl. Kenanga No. 138,Tangerang,Banten
CUST03758,Bima Syahputra,bima.syahputra.3758@example.com,M,2024-01-04,Jl. Merdeka No. 195,Medan,Sumatera Utara
CUST03759,Reza Nugroho,reza.nugroho.3759@example.com,F,2024-01-15,Jl. Kenanga No. 249,Yogyakarta,DI Yogyakarta
CUST03760,Rina Lestari,rina.lestari.3760@example.com,F,2024-03-30,Jl. Pemuda No. 238,Surakarta,Jawa Tengah
CUST03761,Rina Lestari,rina.lestari.3761@example.com,M,2024-10-20,Jl. Diponegoro No. 33,Pontianak,Kalimantan Barat
CUST03762,Rina Saputra,rina.saputra.3762@example.com,F,2024-10-09,Jl. Pemuda No. 161,Depok,Jawa Barat
CUST03763,Aulia Wijaya,aulia.wijaya.3763@example.com,M,2024-12-04,Jl. Diponegoro No. 152,Bekasi,Jawa Barat
CUST03764,Nadia Wijaya,nadia.wijaya.3764@example.com,F,2024-03-18,Jl. Kenanga No. 90,Yogyakarta,DI Yogyakarta
CUST03765,Bima Anggraini,bima.anggraini.3765@example.com,F,2024-09-07,Jl. Kenanga No. 76,Surabaya,Jawa Timur
CUST03766,Nabila Saputra,nabila.saputra.3766@example.com,M,2024-07-26,Jl. Merdeka No. 104,Balikpapan,Kalimantan Timur
CUST03767,Dewi Utami,dewi.utami.3767@example.com,F,2024-11-08,Jl. Kenanga No. 12,Jakarta,DKI Jakarta
CUST03768,Raka Anggraini,raka.anggraini.3768@example.com,M,2024-08-23,Jl. Kenanga No. 54,Jakarta,DKI Jakarta
CUST03769,Reza Anggraini,reza.anggraini.3769@example.com,M,2024-07-18,Jl. Veteran No. 18,Depok,Jawa Barat
CUST03770,Rizky Hidayat,rizky.hidayat.3770@example.com,F,2024-12-08,Jl. Kenanga No. 109,Makassar,Sulawesi Selatan
CUST03771,Bayu Utami,bayu.utami.3771@example.com,M,2024-10-09,Jl. Diponegoro No. 130,Sleman,DI Yogyakarta
CUST03772,Fajar Nugroho,fajar.nugroho.3772@example.com,F,2024-10-24,Jl. Gajah Mada No. 137,Palembang,Sumatera Selatan
CUST03773,Bayu Hakim,bayu.hakim.3773@example.com,M,2024-04-14,Jl. Sudirman No. 131,Bekasi,Jawa Barat
CUST03774,Bima Saputra,bima.saputra.3774@example.com,M,2024-11-06,Jl. Veteran No. 72,Samarinda,Kalimantan Timur
CUST03775,Ilham Puspitasari,ilham.puspitasari.3775@example.com,M,2024-06-26,Jl. Pemuda No. 228,Tangerang,Banten
CUST03776,Fajar Wulandari,fajar.wulandari.3776@example.com,M,2024-03-13,Jl. Veteran No. 46,Denpasar,Bali
CUST03777,Tiara Hidayat,tiara.hidayat.3777@example.com,F,2024-11-12,Jl. Gajah Mada No. 206,Malang,Jawa Timur
CUST03778,Rizky Hakim,rizky.hakim.3778@example.com,M,2024-08-08,Jl. Melati No. 177,Bantul,DI Yogyakarta
CUST03779,Yoga Ramadhan,yoga.ramadhan.3779@example.com,M,2024-03-31,Jl. Pemuda No. 26,Pontianak,Kalimantan Barat
CUST03780,Adit Rahmawati,adit.rahmawati.3780@example.com,F,2024-08-12,Jl. Diponegoro No. 79,Jakarta,DKI Jakarta
CUST03781,Rina Nugroho,rina.nugroho.3781@example.com,M,2024-07-17,Jl. Pemuda No. 235,Medan,Sumatera Utara
CUST03782,Nadia Santoso,nadia.santoso.3782@example.com,M,2024-11-17,Jl. Sudirman No. 69,Semarang,Jawa Tengah
CUST03783,Raka Firmansyah,raka.firmansyah.3783@example.com,M,2024-02-18,Jl. Kenanga No. 150,Samarinda,Kalimantan Timur
CUST03784,Bagas Utami,bagas.utami.3784@example.com,M,2024-02-16,Jl. Veteran No. 27,Denpasar,Bali
CUST03785,Dewi Hidayat,dewi.hidayat.3785@example.com,F,2024-03-16,Jl. Kenanga No. 94,Depok,Jawa Barat
CUST03786,Siti Nugroho,siti.nugroho.3786@example.com,M,2024-08-29,Jl. Veteran No. 83,Medan,Sumatera Utara
CUST03787,Raka Rahmawati,raka.rahmawati.3787@example.com,F,2024-03-03,Jl. Pemuda No. 187,Balikpapan,Kalimantan Timur
CUST03788,Rina Anggraini,rina.anggraini.3788@example.com,F,2024-07-19,Jl. Kenanga No. 229,Yogyakarta,DI Yogyakarta
CUST03789,Arif Maulana,arif.maulana.3789@example.com,F,2024-12-17,Jl. Diponegoro No. 3,Bandung,Jawa Barat
CUST03790,Galih Permana,galih.permana.3790@example.com,F,2024-03-20,Jl. Merdeka No. 126,Makassar,Sulawesi Selatan
CUST03791,Siti Utami,siti.utami.3791@example.com,F,2024-07-09,Jl. Merdeka No. 205,Surabaya,Jawa Timur
CUST03792,Yoga Syahputra,yoga.syahputra.3792@example.com,M,2024-01-13,Jl. Veteran No. 67,Medan,Sumatera Utara
CUST03793,Intan Setiawan,intan.setiawan.3793@example.com,F,2024-03-13,Jl. Melati No. 104,Pontianak,Kalimantan Barat
CUST03794,Rina Hakim,rina.hakim.3794@example.com,F,2024-01-20,Jl. Merdeka No. 96,Semarang,Jawa Tengah
CUST03795,Naufal Syahputra,naufal.syahputra.3795@example.com,F,2024-09-10,Jl. Sudirman No. 111,Bantul,DI Yogyakarta
CUST03796,Maya Utami,maya.utami.3796@example.com,F,2024-02-16,Jl. Sudirman No. 5,Semarang,Jawa Tengah
CUST03797,Ilham Anggraini,ilham.anggraini.3797@example.com,M,2024-08-27,Jl. Gajah Mada No. 112,Sleman,DI Yogyakarta
CUST03798,Siti Hidayat,siti.hidayat.3798@example.com,F,2024-09-07,Jl. Diponegoro No. 186,Medan,Sumatera Utara
CUST03799,Bima Santoso,bima.santoso.3799@example.com,M,2024-03-19,Jl. Diponegoro No. 89,Makassar,Sulawesi Selatan
CUST03800,Intan Wijaya,intan.wijaya.3800@example.com,F,2024-09-16,Jl. Kenanga No. 46,Sleman,DI Yogyakarta
CUST03801,Adit Saputra,adit.saputra.3801@example.com,F,2024-01-20,Jl. Melati No. 181,Palembang,Sumatera Selatan
CUST03802,Nadia Puspitasari,nadia.puspitasari.3802@example.com,F,2024-07-09,Jl. Gajah Mada No. 186,Balikpapan,Kalimantan Timur
CUST03803,Aulia Setiawan,aulia.setiawan.3803@example.com,M,2024-03-06,Jl. Gajah Mada No. 29,Palembang,Sumatera Selatan
CUST03804,Raka Kurniawan,raka.kurniawan.3804@example.com,M,2024-06-27,Jl. Pemuda No. 69,Denpasar,Bali
CUST03805,Aulia Lestari,aulia.lestari.3805@example.com,F,2024-10-03,Jl. Diponegoro No. 28,Bekasi,Jawa Barat
CUST03806,Bayu Kurniawan,bayu.kurniawan.3806@example.com,M,2024-04-22,Jl. Veteran No. 76,Depok,Jawa Barat
CUST03807,Dewi Hakim,dewi.hakim.3807@example.com,F,2024-06-27,Jl. Kenanga No. 3,Pontianak,Kalimantan Barat
CUST03808,Bima Utami,bima.utami.3808@example.com,F,2024-07-29,Jl. Pemuda No. 114,Depok,Jawa Barat
CUST03809,Rafi Lestari,rafi.lestari.3809@example.com,F,2024-12-19,Jl. Gajah Mada No. 18,Yogyakarta,DI Yogyakarta
CUST03810,Ilham Puspitasari,ilham.puspitasari.3810@example.com,F,2024-08-12,Jl. Gajah Mada No. 147,Bekasi,Jawa Barat
CUST03811,Putri Rahmawati,putri.rahmawati.3811@example.com,F,2024-07-05,Jl. Diponegoro No. 124,Semarang,Jawa Tengah
CUST03812,Aisyah Syahputra,aisyah.syahputra.3812@example.com,M,2024-05-08,Jl. Kenanga No. 97,Samarinda,Kalimantan Timur
CUST03813,Adit Lestari,adit.lestari.3813@example.com,F,2024-09-22,Jl. Veteran No. 2,Tangerang,Banten
CUST03814,Ahmad Hakim,ahmad.hakim.3814@example.com,F,2024-06-16,Jl. Sudirman No. 145,Bantul,DI Yogyakarta
CUST03815,Siti Permana,siti.permana.3815@example.com,F,2024-02-26,Jl. Kenanga No. 137,Tangerang,Banten
CUST03816,Yoga Pratama,yoga.pratama.3816@example.com,F,2024-01-20,Jl. Pemuda No. 39,Depok,Jawa Barat
CUST03817,Galih Utami,galih.utami.3817@example.com,M,2024-09-25,Jl. Merdeka No. 68,Depok,Jawa Barat
CUST03818,Naufal Puspitasari,naufal.puspitasari.3818@example.com,M,2024-07-05,Jl. Gajah Mada No. 100,Palembang,Sumatera Selatan
CUST03819,Rafi Syahputra,rafi.syahputra.3819@example.com,M,2024-11-19,Jl. Melati No. 154,Bantul,DI Yogyakarta
CUST03820,Farah Lestari,farah.lestari.3820@example.com,F,2024-08-11,Jl. Sudirman No. 169,Samarinda,Kalimantan Timur
CUST03821,Nadia Ramadhan,nadia.ramadhan.3821@example.com,M,2024-07-02,Jl. Merdeka No. 57,Jakarta,DKI Jakarta
CUST03822,Aisyah Maulana,aisyah.maulana.3822@example.com,F,2024-05-19,Jl. Diponegoro No. 122,Balikpapan,Kalimantan Timur
CUST03823,Reza Puspitasari,reza.puspitasari.3823@example.com,M,2024-01-15,Jl. Kenanga No. 9,Sleman,DI Yogyakarta
CUST03824,Farah Anggraini,farah.anggraini.3824@example.com,M,2024-05-01,Jl. Pemuda No. 44,Tangerang,Banten
CUST03825,Galih Hidayat,galih.hidayat.3825@example.com,M,2024-07-11,Jl. Melati No. 31,Surakarta,Jawa Tengah
CUST03826,Tiara Setiawan,tiara.setiawan.3826@example.com,M,2024-10-22,Jl. Kenanga No. 25,Sleman,DI Yogyakarta
CUST03827,Rafi Lestari,rafi.lestari.3827@example.com,F,2024-03-04,Jl. Sudirman No. 162,Denpasar,Bali
CUST03828,Adit Pratama,adit.pratama.3828@example.com,F,2024-04-07,Jl. Gajah Mada No. 143,Pontianak,Kalimantan Barat
CUST03829,Rafi Kurniawan,rafi.kurniawan.3829@example.com,F,2024-03-21,Jl. Diponegoro No. 176,Bekasi,Jawa Barat
CUST03830,Rafi Hidayat,rafi.hidayat.3830@example.com,M,2024-12-04,Jl. Sudirman No. 3,Bekasi,Jawa Barat
CUST03831,Dimas Pratama,dimas.pratama.3831@example.com,F,2024-07-17,Jl. Merdeka No. 213,Makassar,Sulawesi Selatan
CUST03832,Dimas Anggraini,dimas.anggraini.3832@example.com,M,2024-10-11,Jl. Diponegoro No. 26,Yogyakarta,DI Yogyakarta
CUST03833,Raka Saputra,raka.saputra.3833@example.com,M,2024-08-16,Jl. Diponegoro No. 247,Makassar,Sulawesi Selatan
CUST03834,Rizky Permana,rizky.permana.3834@example.com,M,2024-03-03,Jl. Veteran No. 220,Semarang,Jawa Tengah
CUST03835,Raka Ramadhan,raka.ramadhan.3835@example.com,F,2024-09-05,Jl. Diponegoro No. 69,Makassar,Sulawesi Selatan
CUST03836,Galih Wijaya,galih.wijaya.3836@example.com,M,2024-03-24,Jl. Merdeka No. 152,Palembang,Sumatera Selatan
CUST03837,Ahmad Hidayat,ahmad.hidayat.3837@example.com,F,2024-07-01,Jl. Merdeka No. 199,Samarinda,Kalimantan Timur
CUST03838,Rina Saputra,rina.saputra.3838@example.com,M,2024-12-02,Jl. Veteran No. 184,Pontianak,Kalimantan Barat
CUST03839,Rafi Wijaya,rafi.wijaya.3839@example.com,M,2024-08-24,Jl. Kenanga No. 217,Sleman,DI Yogyakarta
CUST03840,Reza Rahmawati,reza.rahmawati.3840@example.com,M,2024-04-13,Jl. Merdeka No. 48,Bantul,DI Yogyakarta
CUST03841,Tiara Syahputra,tiara.syahputra.3841@example.com,M,2024-07-18,Jl. Veteran No. 157,Samarinda,Kalimantan Timur
CUST03842,Ahmad Lestari,ahmad.lestari.3842@example.com,F,2024-11-19,Jl. Melati No. 27,Depok,Jawa Barat
CUST03843,Nabila Permana,nabila.permana.3843@example.com,F,2024-05-20,Jl. Sudirman No. 167,Samarinda,Kalimantan Timur
CUST03844,Hendra Firmansyah,hendra.firmansyah.3844@example.com,M,2024-03-06,Jl. Merdeka No. 26,Sleman,DI Yogyakarta
CUST03845,Arif Puspitasari,arif.puspitasari.3845@example.com,M,2024-06-16,Jl. Merdeka No. 53,Balikpapan,Kalimantan Timur
CUST03846,Bima Hidayat,bima.hidayat.3846@example.com,F,2024-08-13,Jl. Kenanga No. 19,Jakarta,DKI Jakarta
CUST03847,Maya Rahmawati,maya.rahmawati.3847@example.com,F,2024-05-09,Jl. Gajah Mada No. 126,Semarang,Jawa Tengah
CUST03848,Maya Kurniawan,maya.kurniawan.3848@example.com,F,2024-09-27,Jl. Diponegoro No. 220,Semarang,Jawa Tengah
CUST03849,Yoga Puspitasari,yoga.puspitasari.3849@example.com,M,2024-08-13,Jl. Gajah Mada No. 235,Yogyakarta,DI Yogyakarta
CUST03850,Hendra Lestari,hendra.lestari.3850@example.com,M,2024-03-09,Jl. Merdeka No. 187,Makassar,Sulawesi Selatan
CUST03851,Fajar Permana,fajar.permana.3851@example.com,F,2024-11-04,Jl. Melati No. 125,Samarinda,Kalimantan Timur
CUST03852,Rina Permana,rina.permana.3852@example.com,M,2024-01-28,Jl. Merdeka No. 165,Medan,Sumatera Utara
CUST03853,Reza Pratama,reza.pratama.3853@example.com,M,2024-03-18,Jl. Gajah Mada No. 79,Surakarta,Jawa Tengah
CUST03854,Rina Santoso,rina.santoso.3854@example.com,M,2024-02-14,Jl. Sudirman No. 16,Pontianak,Kalimantan Barat
CUST03855,Yoga Pratama,yoga.pratama.3855@example.com,F,2024-01-16,Jl. Sudirman No. 101,Yogyakarta,DI Yogyakarta
CUST03856,Rina Syahputra,rina.syahputra.3856@example.com,M,2024-05-20,Jl. Pemuda No. 111,Bekasi,Jawa Barat
CUST03857,Fajar Saputra,fajar.saputra.3857@example.com,M,2024-01-12,Jl. Merdeka No. 116,Surabaya,Jawa Timur
CUST03858,Putri Santoso,putri.santoso.3858@example.com,M,2024-12-29,Jl. Gajah Mada No. 222,Denpasar,Bali
CUST03859,Yoga Saputra,yoga.saputra.3859@example.com,M,2024-01-01,Jl. Kenanga No. 194,Palembang,Sumatera Selatan
CUST03860,Maya Puspitasari,maya.puspitasari.3860@example.com,M,2024-02-03,Jl. Kenanga No. 174,Bandung,Jawa Barat
CUST03861,Maya Anggraini,maya.anggraini.3861@example.com,M,2024-04-22,Jl. Pemuda No. 170,Samarinda,Kalimantan Timur
CUST03862,Dimas Wulandari,dimas.wulandari.3862@example.com,M,2024-08-08,Jl. Gajah Mada No. 241,Tangerang,Banten
CUST03863,Raka Anggraini,raka.anggraini.3863@example.com,M,2024-07-01,Jl. Pemuda No. 40,Depok,Jawa Barat
CUST03864,Nadia Permana,nadia.permana.3864@example.com,M,2024-08-25,Jl. Pemuda No. 149,Depok,Jawa Barat
CUST03865,Intan Anggraini,intan.anggraini.3865@example.com,F,2024-11-07,Jl. Merdeka No. 211,Denpasar,Bali
CUST03866,Aisyah Lestari,aisyah.lestari.3866@example.com,M,2024-06-09,Jl. Sudirman No. 150,Medan,Sumatera Utara
CUST03867,Putri Hidayat,putri.hidayat.3867@example.com,M,2024-01-21,Jl. Diponegoro No. 158,Bekasi,Jawa Barat
CUST03868,Aulia Lestari,aulia.lestari.3868@example.com,M,2024-04-23,Jl. Merdeka No. 21,Tangerang,Banten
CUST03869,Aulia Puspitasari,aulia.puspitasari.3869@example.com,F,2024-08-01,Jl. Veteran No. 126,Makassar,Sulawesi Selatan
CUST03870,Farah Lestari,farah.lestari.3870@example.com,F,2024-02-09,Jl. Sudirman No. 205,Makassar,Sulawesi Selatan
CUST03871,Fajar Ramadhan,fajar.ramadhan.3871@example.com,M,2024-03-17,Jl. Merdeka No. 172,Bekasi,Jawa Barat
CUST03872,Ilham Nugroho,ilham.nugroho.3872@example.com,M,2024-01-31,Jl. Melati No. 165,Bandung,Jawa Barat
CUST03873,Ilham Permana,ilham.permana.3873@example.com,M,2024-05-17,Jl. Melati No. 131,Denpasar,Bali
CUST03874,Andi Santoso,andi.santoso.3874@example.com,F,2024-11-30,Jl. Gajah Mada No. 12,Makassar,Sulawesi Selatan
CUST03875,Bima Lestari,bima.lestari.3875@example.com,M,2024-11-22,Jl. Melati No. 41,Samarinda,Kalimantan Timur
CUST03876,Aisyah Setiawan,aisyah.setiawan.3876@example.com,F,2024-03-28,Jl. Gajah Mada No. 155,Bantul,DI Yogyakarta
CUST03877,Ahmad Kurniawan,ahmad.kurniawan.3877@example.com,F,2024-12-29,Jl. Melati No. 209,Depok,Jawa Barat
CUST03878,Yoga Saputra,yoga.saputra.3878@example.com,F,2024-11-13,Jl. Kenanga No. 1,Bogor,Jawa Barat
CUST03879,Siti Anggraini,siti.anggraini.3879@example.com,M,2024-05-29,Jl. Melati No. 161,Malang,Jawa Timur
CUST03880,Dewi Permana,dewi.permana.3880@example.com,F,2024-07-29,Jl. Kenanga No. 132,Bantul,DI Yogyakarta
CUST03881,Nadia Rahmawati,nadia.rahmawati.3881@example.com,F,2024-02-07,Jl. Kenanga No. 245,Malang,Jawa Timur
CUST03882,Bagas Lestari,bagas.lestari.3882@example.com,M,2024-09-15,Jl. Gajah Mada No. 180,Jakarta,DKI Jakarta
CUST03883,Yoga Saputra,yoga.saputra.3883@example.com,F,2024-06-17,Jl. Diponegoro No. 28,Medan,Sumatera Utara
CUST03884,Intan Hidayat,intan.hidayat.3884@example.com,M,2024-01-21,Jl. Merdeka No. 116,Bogor,Jawa Barat
CUST03885,Adit Kurniawan,adit.kurniawan.3885@example.com,F,2024-07-05,Jl. Gajah Mada No. 133,Surabaya,Jawa Timur
CUST03886,Yoga Kurniawan,yoga.kurniawan.3886@example.com,F,2024-01-11,Jl. Kenanga No. 176,Bantul,DI Yogyakarta
CUST03887,Tiara Maulana,tiara.maulana.3887@example.com,M,2024-09-19,Jl. Merdeka No. 182,Bekasi,Jawa Barat
CUST03888,Dimas Ramadhan,dimas.ramadhan.3888@example.com,M,2024-08-22,Jl. Merdeka No. 236,Semarang,Jawa Tengah
CUST03889,Aisyah Wulandari,aisyah.wulandari.3889@example.com,M,2024-05-29,Jl. Sudirman No. 73,Makassar,Sulawesi Selatan
CUST03890,Intan Santoso,intan.santoso.3890@example.com,M,2024-06-11,Jl. Diponegoro No. 9,Jakarta,DKI Jakarta
CUST03891,Nadia Anggraini,nadia.anggraini.3891@example.com,M,2024-10-24,Jl. Melati No. 239,Surakarta,Jawa Tengah
CUST03892,Siti Syahputra,siti.syahputra.3892@example.com,M,2024-03-31,Jl. Melati No. 215,Bantul,DI Yogyakarta
CUST03893,Tiara Maulana,tiara.maulana.3893@example.com,F,2024-02-24,Jl. Kenanga No. 90,Palembang,Sumatera Selatan
CUST03894,Farah Saputra,farah.saputra.3894@example.com,M,2024-11-13,Jl. Melati No. 98,Bogor,Jawa Barat
CUST03895,Aulia Permana,aulia.permana.3895@example.com,M,2024-12-04,Jl. Diponegoro No. 156,Bogor,Jawa Barat
CUST03896,Tiara Pratama,tiara.pratama.3896@example.com,M,2024-03-12,Jl. Pemuda No. 194,Bogor,Jawa Barat
CUST03897,Rafi Anggraini,rafi.anggraini.3897@example.com,M,2024-10-03,Jl. Sudirman No. 107,Surakarta,Jawa Tengah
CUST03898,Bayu Permana,bayu.permana.3898@example.com,F,2024-03-05,Jl. Sudirman No. 53,Malang,Jawa Timur
CUST03899,Arif Kurniawan,arif.kurniawan.3899@example.com,M,2024-06-13,Jl. Pemuda No. 57,Bekasi,Jawa Barat
CUST03900,Nadia Pratama,nadia.pratama.3900@example.com,F,2024-01-29,Jl. Melati No. 91,Bogor,Jawa Barat
CUST03901,Dimas Saputra,dimas.saputra.3901@example.com,F,2024-02-11,Jl. Veteran No. 116,Medan,Sumatera Utara
CUST03902,Tiara Utami,tiara.utami.3902@example.com,M,2024-12-08,Jl. Kenanga No. 173,Balikpapan,Kalimantan Timur
CUST03903,Siti Rahmawati,siti.rahmawati.3903@example.com,F,2024-10-30,Jl. Gajah Mada No. 234,Depok,Jawa Barat
CUST03904,Tiara Wulandari,tiara.wulandari.3904@example.com,F,2024-06-21,Jl. Veteran No. 192,Surakarta,Jawa Tengah
CUST03905,Reza Wulandari,reza.wulandari.3905@example.com,F,2024-01-02,Jl. Kenanga No. 149,Surabaya,Jawa Timur
CUST03906,Rina Pratama,rina.pratama.3906@example.com,F,2024-06-20,Jl. Sudirman No. 176,Bandung,Jawa Barat
CUST03907,Ahmad Utami,ahmad.utami.3907@example.com,M,2024-02-17,Jl. Kenanga No. 26,Sleman,DI Yogyakarta
CUST03908,Farah Anggraini,farah.anggraini.3908@example.com,M,2024-05-07,Jl. Veteran No. 95,Sleman,DI Yogyakarta
CUST03909,Bayu Lestari,bayu.lestari.3909@example.com,M,2024-03-13,Jl. Veteran No. 239,Semarang,Jawa Tengah
CUST03910,Bima Puspitasari,bima.puspitasari.3910@example.com,F,2024-01-17,Jl. Merdeka No. 128,Malang,Jawa Timur
CUST03911,Maya Kurniawan,maya.kurniawan.3911@example.com,M,2024-04-25,Jl. Diponegoro No. 109,Semarang,Jawa Tengah
CUST03912,Rizky Anggraini,rizky.anggraini.3912@example.com,F,2024-04-05,Jl. Melati No. 61,Jakarta,DKI Jakarta
CUST03913,Nabila Firmansyah,nabila.firmansyah.3913@example.com,M,2024-04-19,Jl. Merdeka No. 209,Tangerang,Banten
CUST03914,Andi Kurniawan,andi.kurniawan.3914@example.com,F,2024-10-28,Jl. Diponegoro No. 93,Makassar,Sulawesi Selatan
CUST03915,Bayu Rahmawati,bayu.rahmawati.3915@example.com,F,2024-04-21,Jl. Pemuda No. 93,Denpasar,Bali
CUST03916,Reza Kurniawan,reza.kurniawan.3916@example.com,M,2024-12-19,Jl. Veteran No. 14,Samarinda,Kalimantan Timur
CUST03917,Hendra Syahputra,hendra.syahputra.3917@example.com,M,2024-11-27,Jl. Melati No. 90,Bandung,Jawa Barat
CUST03918,Dimas Syahputra,dimas.syahputra.3918@example.com,F,2024-05-03,Jl. Sudirman No. 54,Yogyakarta,DI Yogyakarta
CUST03919,Intan Hidayat,intan.hidayat.3919@example.com,F,2024-05-19,Jl. Merdeka No. 59,Denpasar,Bali
CUST03920,Ilham Wulandari,ilham.wulandari.3920@example.com,F,2024-01-17,Jl. Melati No. 30,Yogyakarta,DI Yogyakarta
CUST03921,Ahmad Santoso,ahmad.santoso.3921@example.com,F,2024-01-25,Jl. Gajah Mada No. 28,Bekasi,Jawa Barat
CUST03922,Rizky Nugroho,rizky.nugroho.3922@example.com,F,2024-02-12,Jl. Sudirman No. 48,Samarinda,Kalimantan Timur
CUST03923,Rina Anggraini,rina.anggraini.3923@example.com,M,2024-05-05,Jl. Sudirman No. 146,Bogor,Jawa Barat
CUST03924,Rafi Maulana,rafi.maulana.3924@example.com,F,2024-02-29,Jl. Diponegoro No. 108,Denpasar,Bali
CUST03925,Reza Ramadhan,reza.ramadhan.3925@example.com,M,2024-10-03,Jl. Veteran No. 36,Samarinda,Kalimantan Timur
CUST03926,Rafi Lestari,rafi.lestari.3926@example.com,F,2024-02-06,Jl. Kenanga No. 42,Malang,Jawa Timur
CUST03927,Arif Setiawan,arif.setiawan.3927@example.com,F,2024-01-24,Jl. Diponegoro No. 201,Tangerang,Banten
CUST03928,Andi Santoso,andi.santoso.3928@example.com,F,2024-11-25,Jl. Merdeka No. 146,Medan,Sumatera Utara
CUST03929,Bayu Puspitasari,bayu.puspitasari.3929@example.com,F,2024-09-02,Jl. Kenanga No. 33,Yogyakarta,DI Yogyakarta
CUST03930,Aulia Pratama,aulia.pratama.3930@example.com,M,2024-03-06,Jl. Sudirman No. 18,Sleman,DI Yogyakarta
CUST03931,Adit Puspitasari,adit.puspitasari.3931@example.com,M,2024-02-25,Jl. Melati No. 209,Surabaya,Jawa Timur
CUST03932,Bayu Wijaya,bayu.wijaya.3932@example.com,M,2024-02-12,Jl. Merdeka No. 232,Malang,Jawa Timur
CUST03933,Maya Maulana,maya.maulana.3933@example.com,F,2024-07-16,Jl. Pemuda No. 224,Surakarta,Jawa Tengah
CUST03934,Nabila Puspitasari,nabila.puspitasari.3934@example.com,F,2024-07-05,Jl. Melati No. 225,Bekasi,Jawa Barat
CUST03935,Arif Utami,arif.utami.3935@example.com,M,2024-03-05,Jl. Sudirman No. 88,Sleman,DI Yogyakarta
CUST03936,Hendra Wulandari,hendra.wulandari.3936@example.com,M,2024-07-11,Jl. Melati No. 148,Jakarta,DKI Jakarta
CUST03937,Yoga Santoso,yoga.santoso.3937@example.com,F,2024-09-11,Jl. Sudirman No. 53,Surabaya,Jawa Timur
CUST03938,Ahmad Firmansyah,ahmad.firmansyah.3938@example.com,M,2024-08-04,Jl. Diponegoro No. 67,Bandung,Jawa Barat
CUST03939,Ahmad Kurniawan,ahmad.kurniawan.3939@example.com,F,2024-11-17,Jl. Sudirman No. 126,Depok,Jawa Barat
CUST03940,Putri Kurniawan,putri.kurniawan.3940@example.com,M,2024-06-13,Jl. Merdeka No. 116,Balikpapan,Kalimantan Timur
CUST03941,Aisyah Kurniawan,aisyah.kurniawan.3941@example.com,F,2024-12-13,Jl. Pemuda No. 249,Bantul,DI Yogyakarta
CUST03942,Rizky Utami,rizky.utami.3942@example.com,M,2024-03-17,Jl. Merdeka No. 129,Depok,Jawa Barat
CUST03943,Nadia Firmansyah,nadia.firmansyah.3943@example.com,M,2024-05-16,Jl. Pemuda No. 174,Jakarta,DKI Jakarta
CUST03944,Adit Puspitasari,adit.puspitasari.3944@example.com,M,2024-03-06,Jl. Veteran No. 34,Samarinda,Kalimantan Timur
CUST03945,Putri Nugroho,putri.nugroho.3945@example.com,F,2024-08-15,Jl. Melati No. 166,Bekasi,Jawa Barat
CUST03946,Reza Saputra,reza.saputra.3946@example.com,F,2024-05-24,Jl. Kenanga No. 9,Palembang,Sumatera Selatan
CUST03947,Rina Permana,rina.permana.3947@example.com,F,2024-10-04,Jl. Veteran No. 2,Semarang,Jawa Tengah
CUST03948,Aisyah Santoso,aisyah.santoso.3948@example.com,F,2024-04-20,Jl. Veteran No. 206,Balikpapan,Kalimantan Timur
CUST03949,Intan Setiawan,intan.setiawan.3949@example.com,M,2024-06-07,Jl. Merdeka No. 20,Balikpapan,Kalimantan Timur
CUST03950,Nadia Wijaya,nadia.wijaya.3950@example.com,M,2024-12-14,Jl. Pemuda No. 147,Bogor,Jawa Barat
CUST03951,Nabila Hidayat,nabila.hidayat.3951@example.com,F,2024-02-11,Jl. Melati No. 241,Pontianak,Kalimantan Barat
CUST03952,Bayu Wijaya,bayu.wijaya.3952@example.com,F,2024-07-30,Jl. Pemuda No. 134,Surabaya,Jawa Timur
CUST03953,Siti Saputra,siti.saputra.3953@example.com,M,2024-02-13,Jl. Kenanga No. 1,Balikpapan,Kalimantan Timur
CUST03954,Arif Wulandari,arif.wulandari.3954@example.com,F,2024-08-01,Jl. Kenanga No. 39,Bantul,DI Yogyakarta
CUST03955,Fajar Hidayat,fajar.hidayat.3955@example.com,F,2024-12-28,Jl. Kenanga No. 166,Jakarta,DKI Jakarta
CUST03956,Rizky Wulandari,rizky.wulandari.3956@example.com,M,2024-03-01,Jl. Diponegoro No. 169,Denpasar,Bali
CUST03957,Bima Firmansyah,bima.firmansyah.3957@example.com,F,2024-01-12,Jl. Kenanga No. 162,Tangerang,Banten
CUST03958,Farah Setiawan,farah.setiawan.3958@example.com,M,2024-12-15,Jl. Melati No. 10,Bantul,DI Yogyakarta
CUST03959,Rizky Kurniawan,rizky.kurniawan.3959@example.com,M,2024-08-16,Jl. Gajah Mada No. 236,Pontianak,Kalimantan Barat
CUST03960,Maya Saputra,maya.saputra.3960@example.com,F,2024-03-20,Jl. Merdeka No. 164,Pontianak,Kalimantan Barat
CUST03961,Siti Utami,siti.utami.3961@example.com,M,2024-07-10,Jl. Pemuda No. 230,Samarinda,Kalimantan Timur
CUST03962,Rizky Anggraini,rizky.anggraini.3962@example.com,M,2024-07-20,Jl. Merdeka No. 234,Denpasar,Bali
CUST03963,Adit Anggraini,adit.anggraini.3963@example.com,M,2024-08-13,Jl. Kenanga No. 69,Semarang,Jawa Tengah
CUST03964,Fajar Hidayat,fajar.hidayat.3964@example.com,F,2024-02-29,Jl. Melati No. 226,Medan,Sumatera Utara
CUST03965,Tiara Saputra,tiara.saputra.3965@example.com,M,2024-03-12,Jl. Pemuda No. 183,Pontianak,Kalimantan Barat
CUST03966,Andi Permana,andi.permana.3966@example.com,F,2024-01-01,Jl. Diponegoro No. 197,Semarang,Jawa Tengah
CUST03967,Nabila Lestari,nabila.lestari.3967@example.com,F,2024-01-23,Jl. Merdeka No. 64,Denpasar,Bali
CUST03968,Aulia Anggraini,aulia.anggraini.3968@example.com,F,2024-01-29,Jl. Pemuda No. 165,Pontianak,Kalimantan Barat
CUST03969,Rina Lestari,rina.lestari.3969@example.com,M,2024-04-28,Jl. Kenanga No. 211,Bantul,DI Yogyakarta
CUST03970,Reza Lestari,reza.lestari.3970@example.com,F,2024-10-09,Jl. Gajah Mada No. 189,Malang,Jawa Timur
CUST03971,Maya Santoso,maya.santoso.3971@example.com,M,2024-02-23,Jl. Gajah Mada No. 209,Denpasar,Bali
CUST03972,Rina Utami,rina.utami.3972@example.com,M,2024-12-21,Jl. Kenanga No. 37,Bekasi,Jawa Barat
CUST03973,Galih Wijaya,galih.wijaya.3973@example.com,F,2024-10-09,Jl. Kenanga No. 13,Palembang,Sumatera Selatan
CUST03974,Rafi Kurniawan,rafi.kurniawan.3974@example.com,M,2024-08-02,Jl. Sudirman No. 21,Sleman,DI Yogyakarta
CUST03975,Yoga Saputra,yoga.saputra.3975@example.com,F,2024-09-10,Jl. Sudirman No. 132,Surabaya,Jawa Timur
CUST03976,Farah Saputra,farah.saputra.3976@example.com,F,2024-03-28,Jl. Melati No. 184,Depok,Jawa Barat
CUST03977,Yoga Kurniawan,yoga.kurniawan.3977@example.com,F,2024-02-20,Jl. Merdeka No. 19,Palembang,Sumatera Selatan
CUST03978,Fajar Kurniawan,fajar.kurniawan.3978@example.com,M,2024-09-06,Jl. Veteran No. 148,Pontianak,Kalimantan Barat
CUST03979,Nadia Utami,nadia.utami.3979@example.com,F,2024-10-16,Jl. Veteran No. 22,Surakarta,Jawa Tengah
CUST03980,Putri Lestari,putri.lestari.3980@example.com,M,2024-11-22,Jl. Veteran No. 104,Balikpapan,Kalimantan Timur
CUST03981,Bagas Anggraini,bagas.anggraini.3981@example.com,F,2024-04-14,Jl. Melati No. 102,Yogyakarta,DI Yogyakarta
CUST03982,Naufal Hidayat,naufal.hidayat.3982@example.com,F,2024-02-24,Jl. Kenanga No. 148,Surakarta,Jawa Tengah
CUST03983,Siti Lestari,siti.lestari.3983@example.com,F,2024-07-20,Jl. Gajah Mada No. 237,Tangerang,Banten
CUST03984,Tiara Lestari,tiara.lestari.3984@example.com,M,2024-03-01,Jl. Merdeka No. 133,Yogyakarta,DI Yogyakarta
CUST03985,Aulia Pratama,aulia.pratama.3985@example.com,M,2024-06-14,Jl. Merdeka No. 158,Bandung,Jawa Barat
CUST03986,Ilham Setiawan,ilham.setiawan.3986@example.com,M,2024-09-04,Jl. Melati No. 206,Bantul,DI Yogyakarta
CUST03987,Naufal Wulandari,naufal.wulandari.3987@example.com,F,2024-12-13,Jl. Pemuda No. 143,Surabaya,Jawa Timur
CUST03988,Naufal Lestari,naufal.lestari.3988@example.com,F,2024-09-28,Jl. Merdeka No. 111,Balikpapan,Kalimantan Timur
CUST03989,Dewi Hidayat,dewi.hidayat.3989@example.com,M,2024-01-05,Jl. Sudirman No. 33,Sleman,DI Yogyakarta
CUST03990,Siti Syahputra,siti.syahputra.3990@example.com,F,2024-12-15,Jl. Kenanga No. 109,Surakarta,Jawa Tengah
CUST03991,Reza Lestari,reza.lestari.3991@example.com,F,2024-02-10,Jl. Veteran No. 77,Semarang,Jawa Tengah
CUST03992,Rina Wulandari,rina.wulandari.3992@example.com,F,2024-05-14,Jl. Gajah Mada No. 91,Bogor,Jawa Barat
CUST03993,Bima Wijaya,bima.wijaya.3993@example.com,F,2024-05-07,Jl. Merdeka No. 122,Samarinda,Kalimantan Timur
CUST03994,Rizky Permana,rizky.permana.3994@example.com,M,2024-11-24,Jl. Veteran No. 165,Bogor,Jawa Barat
CUST03995,Maya Santoso,maya.santoso.3995@example.com,F,2024-10-05,Jl. Pemuda No. 108,Depok,Jawa Barat
CUST03996,Adit Maulana,adit.maulana.3996@example.com,F,2024-07-27,Jl. Gajah Mada No. 41,Sleman,DI Yogyakarta
CUST03997,Andi Lestari,andi.lestari.3997@example.com,M,2024-08-25,Jl. Diponegoro No. 107,Depok,Jawa Barat
CUST03998,Intan Rahmawati,intan.rahmawati.3998@example.com,M,2024-05-22,Jl. Merdeka No. 178,Yogyakarta,DI Yogyakarta
CUST03999,Siti Ramadhan,siti.ramadhan.3999@example.com,F,2024-04-24,Jl. Merdeka No. 4,Depok,Jawa Barat
CUST04000,Farah Hidayat,farah.hidayat.4000@example.com,F,2024-08-06,Jl. Sudirman No. 58,Makassar,Sulawesi Selatan
