address_event_id,customer_id,effective_date,street,city,province,event_type
CAE0000001,CUST00001,2024-01-01,Jl. Pemuda No. 127,Sleman,DI Yogyakarta,INITIAL
CAE0000002,CUST00002,2024-01-01,Jl. Merdeka No. 125,Samarinda,Kalimantan Timur,INITIAL
CAE0000003,CUST00003,2024-01-01,Jl. Merdeka No. 205,Sleman,DI Yogyakarta,INITIAL
CAE0000004,CUST00004,2024-01-01,Jl. Pemuda No. 135,Balikpapan,Kalimantan Timur,INITIAL
CAE0000005,CUST00005,2024-01-01,Jl. Sudirman No. 245,Surakarta,Jawa Tengah,INITIAL
CAE0000006,CUST00006,2024-01-01,Jl. Veteran No. 168,Surabaya,Jawa Timur,INITIAL
CAE0000007,CUST00007,2024-01-01,Jl. Diponegoro No. 157,Malang,Jawa Timur,INITIAL
CAE0000008,CUST00008,2024-01-01,Jl. Diponegoro No. 193,Semarang,Jawa Tengah,INITIAL
CAE0000009,CUST00008,2026-07-09,Jl. Veteran No. 65,Balikpapan,Kalimantan Timur,MOVE
CAE0000010,CUST00009,2024-01-01,Jl. Diponegoro No. 195,Bogor,Jawa Barat,INITIAL
CAE0000011,CUST00009,2026-04-30,Jl. Sudirman No. 220,Bandung,Jawa Barat,MOVE
CAE0000012,CUST00009,2026-08-31,Jl. Pemuda No. 25,Denpasar,Bali,MOVE
CAE0000013,CUST00010,2024-01-01,Jl. Merdeka No. 31,Semarang,Jawa Tengah,INITIAL
CAE0000014,CUST00011,2024-01-01,Jl. Pemuda No. 16,Tangerang,Banten,INITIAL
CAE0000015,CUST00012,2024-01-01,Jl. Gajah Mada No. 129,Palembang,Sumatera Selatan,INITIAL
CAE0000016,CUST00012,2025-12-25,Jl. Melati No. 166,Surakarta,Jawa Tengah,MOVE
CAE0000017,CUST00013,2024-01-01,Jl. Kenanga No. 198,Yogyakarta,DI Yogyakarta,INITIAL
CAE0000018,CUST00014,2024-01-01,Jl. Melati No. 159,Bogor,Jawa Barat,INITIAL
CAE0000019,CUST00015,2024-01-01,Jl. Veteran No. 130,Tangerang,Banten,INITIAL
CAE0000020,CUST00016,2024-01-01,Jl. Diponegoro No. 126,Samarinda,Kalimantan Timur,INITIAL
CAE0000021,CUST00017,2024-01-01,Jl. Pemuda No. 55,Surakarta,Jawa Tengah,INITIAL
CAE0000022,CUST00018,2024-01-01,Jl. Sudirman No. 56,Jakarta,DKI Jakarta,INITIAL
CAE0000023,CUST00019,2024-01-01,Jl. Diponegoro No. 23,Surakarta,Jawa Tengah,INITIAL
CAE0000024,CUST00020,2024-01-01,Jl. Gajah Mada No. 3,Depok,Jawa Barat,INITIAL
CAE0000025,CUST00021,2024-01-01,Jl. Sudirman No. 17,Sleman,DI Yogyakarta,INITIAL
CAE0000026,CUST00022,2024-01-01,Jl. Sudirman No. 36,Jakarta,DKI Jakarta,INITIAL
CAE0000027,CUST00023,2024-01-01,Jl. Gajah Mada No. 58,Samarinda,Kalimantan Timur,INITIAL
CAE0000028,CUST00024,2024-01-01,Jl. Pemuda No. 36,Bogor,Jawa Barat,INITIAL
CAE0000029,CUST00025,2024-01-01,Jl. Merdeka No. 18,Tangerang,Banten,INITIAL
CAE0000030,CUST00025,2026-08-30,Jl. Gajah Mada No. 196,Bekasi,Jawa Barat,MOVE
CAE0000031,CUST00026,2024-01-01,Jl. Pemuda No. 232,Bantul,DI Yogyakarta,INITIAL
CAE0000032,CUST00027,2024-01-01,Jl. Pemuda No. 96,Medan,Sumatera Utara,INITIAL
CAE0000033,CUST00027,2025-08-11,Jl. Kenanga No. 172,Bekasi,Jawa Barat,MOVE
CAE0000034,CUST00028,2024-01-01,Jl. Diponegoro No. 184,Palembang,Sumatera Selatan,INITIAL
CAE0000035,CUST00029,2024-01-01,Jl. Kenanga No. 235,Malang,Jawa Timur,INITIAL
CAE0000036,CUST00030,2024-01-01,Jl. Diponegoro No. 94,Bandung,Jawa Barat,INITIAL
CAE0000037,CUST00031,2024-01-01,Jl. Sudirman No. 73,Sleman,DI Yogyakarta,INITIAL
CAE0000038,CUST00031,2026-06-05,Jl. Veteran No. 184,Jakarta,DKI Jakarta,MOVE
CAE0000039,CUST00032,2024-01-01,Jl. Gajah Mada No. 28,Surabaya,Jawa Timur,INITIAL
CAE0000040,CUST00033,2024-01-01,Jl. Pemuda No. 175,Balikpapan,Kalimantan Timur,INITIAL
CAE0000041,CUST00033,2025-07-31,Jl. Sudirman No. 34,Bogor,Jawa Barat,MOVE
CAE0000042,CUST00033,2025-08-20,Jl. Diponegoro No. 125,Surakarta,Jawa Tengah,MOVE
CAE0000043,CUST00034,2024-01-01,Jl. Gajah Mada No. 25,Semarang,Jawa Tengah,INITIAL
CAE0000044,CUST00035,2024-01-01,Jl. Pemuda No. 207,Bandung,Jawa Barat,INITIAL
CAE0000045,CUST00036,2024-01-01,Jl. Gajah Mada No. 205,Sleman,DI Yogyakarta,INITIAL
CAE0000046,CUST00037,2024-01-01,Jl. Veteran No. 26,Yogyakarta,DI Yogyakarta,INITIAL
CAE0000047,CUST00038,2024-01-01,Jl. Pemuda No. 66,Jakarta,DKI Jakarta,INITIAL
CAE0000048,CUST00039,2024-01-01,Jl. Diponegoro No. 53,Pontianak,Kalimantan Barat,INITIAL
CAE0000049,CUST00039,2026-03-21,Jl. Merdeka No. 183,Balikpapan,Kalimantan Timur,MOVE
CAE0000050,CUST00040,2024-01-01,Jl. Kenanga No. 198,Medan,Sumatera Utara,INITIAL
CAE0000051,CUST00041,2024-01-01,Jl. Sudirman No. 69,Palembang,Sumatera Selatan,INITIAL
CAE0000052,CUST00041,2026-09-23,Jl. Melati No. 156,Bekasi,Jawa Barat,MOVE
CAE0000053,CUST00042,2024-01-01,Jl. Melati No. 202,Surakarta,Jawa Tengah,INITIAL
CAE0000054,CUST00043,2024-01-01,Jl. Merdeka No. 238,Depok,Jawa Barat,INITIAL
CAE0000055,CUST00044,2024-01-01,Jl. Pemuda No. 26,Pontianak,Kalimantan Barat,INITIAL
CAE0000056,CUST00045,2024-01-01,Jl. Gajah Mada No. 42,Semarang,Jawa Tengah,INITIAL
CAE0000057,CUST00046,2024-01-01,Jl. Kenanga No. 225,Surabaya,Jawa Timur,INITIAL
CAE0000058,CUST00047,2024-01-01,Jl. Melati No. 243,Bandung,Jawa Barat,INITIAL
CAE0000059,CUST00048,2024-01-01,Jl. Kenanga No. 67,Semarang,Jawa Tengah,INITIAL
CAE0000060,CUST00049,2024-01-01,Jl. Kenanga No. 44,Sleman,DI Yogyakarta,INITIAL
CAE0000061,CUST00050,2024-01-01,Jl. Veteran No. 82,Surabaya,Jawa Timur,INITIAL
CAE0000062,CUST00050,2025-04-21,Jl. Veteran No. 198,Bekasi,Jawa Barat,MOVE
CAE0000063,CUST00051,2024-01-01,Jl. Veteran No. 209,Palembang,Sumatera Selatan,INITIAL
CAE0000064,CUST00052,2024-01-01,Jl. Kenanga No. 41,Pontianak,Kalimantan Barat,INITIAL
CAE0000065,CUST00053,2024-01-01,Jl. Melati No. 185,Jakarta,DKI Jakarta,INITIAL
CAE0000066,CUST00053,2025-03-27,Jl. Merdeka No. 242,Surabaya,Jawa Timur,MOVE
CAE0000067,CUST00053,2026-05-25,Jl. Gajah Mada No. 132,Denpasar,Bali,MOVE
CAE0000068,CUST00054,2024-01-01,Jl. Kenanga No. 75,Tangerang,Banten,INITIAL
CAE0000069,CUST00054,2026-01-12,Jl. Pemuda No. 198,Palembang,Sumatera Selatan,MOVE
CAE0000070,CUST00055,2024-01-01,Jl. Pemuda No. 195,Samarinda,Kalimantan Timur,INITIAL
CAE0000071,CUST00056,2024-01-01,Jl. Sudirman No. 73,Depok,Jawa Barat,INITIAL
CAE0000072,CUST00057,2024-01-01,Jl. Merdeka No. 56,Pontianak,Kalimantan Barat,INITIAL
CAE0000073,CUST00058,2024-01-01,Jl. Kenanga No. 116,Denpasar,Bali,INITIAL
CAE0000074,CUST00058,2025-01-31,Jl. Diponegoro No. 144,Medan,Sumatera Utara,MOVE
CAE0000075,CUST00058,2026-05-31,Jl. Merdeka No. 83,Yogyakarta,DI Yogyakarta,MOVE
CAE0000076,CUST00059,2024-01-01,Jl. Gajah Mada No. 145,Jakarta,DKI Jakarta,INITIAL
CAE0000077,CUST00060,2024-01-01,Jl. Melati No. 186,Malang,Jawa Timur,INITIAL
CAE0000078,CUST00061,2024-01-01,Jl. Pemuda No. 78,Tangerang,Banten,INITIAL
CAE0000079,CUST00062,2024-01-01,Jl. Pemuda No. 199,Surakarta,Jawa Tengah,INITIAL
CAE0000080,CUST00063,2024-01-01,Jl. Kenanga No. 248,Bantul,DI Yogyakarta,INITIAL
CAE0000081,CUST00064,2024-01-01,Jl. Melati No. 48,Makassar,Sulawesi Selatan,INITIAL
CAE0000082,CUST00064,2026-05-30,Jl. Gajah Mada No. 11,Palembang,Sumatera Selatan,MOVE
CAE0000083,CUST00065,2024-01-01,Jl. Pemuda No. 215,Bogor,Jawa Barat,INITIAL
CAE0000084,CUST00066,2024-01-01,Jl. Sudirman No. 187,Surakarta,Jawa Tengah,INITIAL
CAE0000085,CUST00067,2024-01-01,Jl. Melati No. 93,Surabaya,Jawa Timur,INITIAL
CAE0000086,CUST00068,2024-01-01,Jl. Melati No. 191,Medan,Sumatera Utara,INITIAL
CAE0000087,CUST00069,2024-01-01,Jl. Veteran No. 140,Surakarta,Jawa Tengah,INITIAL
CAE0000088,CUST00070,2024-01-01,Jl. Veteran No. 103,Balikpapan,Kalimantan Timur,INITIAL
CAE0000089,CUST00071,2024-01-01,Jl. Kenanga No. 176,Pontianak,Kalimantan Barat,INITIAL
CAE0000090,CUST00072,2024-01-01,Jl. Gajah Mada No. 58,Bantul,DI Yogyakarta,INITIAL
CAE0000091,CUST00072,2026-03-02,Jl. Veteran No. 114,Malang,Jawa Timur,MOVE
CAE0000092,CUST00073,2024-01-01,Jl. Merdeka No. 20,Semarang,Jawa Tengah,INITIAL
CAE0000093,CUST00074,2024-01-01,Jl. Pemuda No. 25,Jakarta,DKI Jakarta,INITIAL
CAE0000094,CUST00075,2024-01-01,Jl. Pemuda No. 198,Bogor,Jawa Barat,INITIAL
CAE0000095,CUST00075,2025-06-20,Jl. Merdeka No. 104,Malang,Jawa Timur,MOVE
CAE0000096,CUST00076,2024-01-01,Jl. Kenanga No. 23,Pontianak,Kalimantan Barat,INITIAL
CAE0000097,CUST00077,2024-01-01,Jl. Sudirman No. 222,Surabaya,Jawa Timur,INITIAL
CAE0000098,CUST00078,2024-01-01,Jl. Kenanga No. 77,Jakarta,DKI Jakarta,INITIAL
CAE0000099,CUST00079,2024-01-01,Jl. Kenanga No. 139,Pontianak,Kalimantan Barat,INITIAL
CAE0000100,CUST00080,2024-01-01,Jl. Gajah Mada No. 210,Depok,Jawa Barat,INITIAL
CAE0000101,CUST00081,2024-01-01,Jl. Merdeka No. 76,Denpasar,Bali,INITIAL
CAE0000102,CUST00082,2024-01-01,Jl. Pemuda No. 182,Medan,Sumatera Utara,INITIAL
CAE0000103,CUST00083,2024-01-01,Jl. Kenanga No. 110,Yogyakarta,DI Yogyakarta,INITIAL
CAE0000104,CUST00084,2024-01-01,Jl. Pemuda No. 188,Balikpapan,Kalimantan Timur,INITIAL
CAE0000105,CUST00084,2026-01-21,Jl. Kenanga No. 187,Yogyakarta,DI Yogyakarta,MOVE
CAE0000106,CUST00085,2024-01-01,Jl. Pemuda No. 231,Depok,Jawa Barat,INITIAL
CAE0000107,CUST00085,2026-02-08,Jl. Gajah Mada No. 117,Bogor,Jawa Barat,MOVE
CAE0000108,CUST00086,2024-01-01,Jl. Kenanga No. 193,Tangerang,Banten,INITIAL
CAE0000109,CUST00087,2024-01-01,Jl. Kenanga No. 51,Tangerang,Banten,INITIAL
CAE0000110,CUST00087,2025-03-05,Jl. Gajah Mada No. 138,Medan,Sumatera Utara,MOVE
CAE0000111,CUST00087,2025-07-14,Jl. Melati No. 146,Bandung,Jawa Barat,MOVE
CAE0000112,CUST00088,2024-01-01,Jl. Merdeka No. 138,Surabaya,Jawa Timur,INITIAL
CAE0000113,CUST00089,2024-01-01,Jl. Gajah Mada No. 25,Surakarta,Jawa Tengah,INITIAL
CAE0000114,CUST00090,2024-01-01,Jl. Pemuda No. 13,Malang,Jawa Timur,INITIAL
CAE0000115,CUST00091,2024-01-01,Jl. Diponegoro No. 39,Balikpapan,Kalimantan Timur,INITIAL
CAE0000116,CUST00092,2024-01-01,Jl. Kenanga No. 58,Depok,Jawa Barat,INITIAL
CAE0000117,CUST00092,2026-09-19,Jl. Diponegoro No. 78,Bandung,Jawa Barat,MOVE
CAE0000118,CUST00093,2024-01-01,Jl. Pemuda No. 210,Balikpapan,Kalimantan Timur,INITIAL
CAE0000119,CUST00094,2024-01-01,Jl. Sudirman No. 67,Makassar,Sulawesi Selatan,INITIAL
CAE0000120,CUST00095,2024-01-01,Jl. Gajah Mada No. 154,Palembang,Sumatera Selatan,INITIAL
CAE0000121,CUST00096,2024-01-01,Jl. Pemuda No. 33,Malang,Jawa Timur,INITIAL
CAE0000122,CUST00096,2025-04-18,Jl. Melati No. 193,Palembang,Sumatera Selatan,MOVE
CAE0000123,CUST00097,2024-01-01,Jl. Pemuda No. 138,Tangerang,Banten,INITIAL
CAE0000124,CUST00098,2024-01-01,Jl. Kenanga No. 223,Balikpapan,Kalimantan Timur,INITIAL
CAE0000125,CUST00099,2024-01-01,Jl. Kenanga No. 136,Makassar,Sulawesi Selatan,INITIAL
CAE0000126,CUST00099,2026-01-14,Jl. Diponegoro No. 157,Jakarta,DKI Jakarta,MOVE
CAE0000127,CUST00100,2024-01-01,Jl. Sudirman No. 114,Sleman,DI Yogyakarta,INITIAL
CAE0000128,CUST00101,2024-01-01,Jl. Merdeka No. 238,Balikpapan,Kalimantan Timur,INITIAL
CAE0000129,CUST00102,2024-01-01,Jl. Kenanga No. 219,Pontianak,Kalimantan Barat,INITIAL
CAE0000130,CUST00103,2024-01-01,Jl. Gajah Mada No. 27,Bekasi,Jawa Barat,INITIAL
CAE0000131,CUST00104,2024-01-01,Jl. Diponegoro No. 134,Pontianak,Kalimantan Barat,INITIAL
CAE0000132,CUST00105,2024-01-01,Jl. Pemuda No. 230,Palembang,Sumatera Selatan,INITIAL
CAE0000133,CUST00106,2024-01-01,Jl. Melati No. 234,Pontianak,Kalimantan Barat,INITIAL
CAE0000134,CUST00107,2024-01-01,Jl. Veteran No. 159,Bandung,Jawa Barat,INITIAL
CAE0000135,CUST00108,2024-01-01,Jl. Melati No. 66,Jakarta,DKI Jakarta,INITIAL
CAE0000136,CUST00109,2024-01-01,Jl. Sudirman No. 246,Bogor,Jawa Barat,INITIAL
CAE0000137,CUST00110,2024-01-01,Jl. Veteran No. 90,Samarinda,Kalimantan Timur,INITIAL
CAE0000138,CUST00111,2024-01-01,Jl. Kenanga No. 45,Bandung,Jawa Barat,INITIAL
CAE0000139,CUST00112,2024-01-01,Jl. Merdeka No. 132,Yogyakarta,DI Yogyakarta,INITIAL
CAE0000140,CUST00113,2024-01-01,Jl. Sudirman No. 156,Yogyakarta,DI Yogyakarta,INITIAL
CAE0000141,CUST00114,2024-01-01,Jl. Gajah Mada No. 191,Malang,Jawa Timur,INITIAL
CAE0000142,CUST00115,2024-01-01,Jl. Merdeka No. 176,Pontianak,Kalimantan Barat,INITIAL
CAE0000143,CUST00116,2024-01-01,Jl. Sudirman No. 44,Makassar,Sulawesi Selatan,INITIAL
CAE0000144,CUST00116,2025-10-09,Jl. Veteran No. 42,Samarinda,Kalimantan Timur,MOVE
CAE0000145,CUST00117,2024-01-01,Jl. Sudirman No. 156,Balikpapan,Kalimantan Timur,INITIAL
CAE0000146,CUST00118,2024-01-01,Jl. Pemuda No. 26,Sleman,DI Yogyakarta,INITIAL
CAE0000147,CUST00119,2024-01-01,Jl. Diponegoro No. 102,Depok,Jawa Barat,INITIAL
CAE0000148,CUST00120,2024-01-01,Jl. Merdeka No. 219,Sleman,DI Yogyakarta,INITIAL
CAE0000149,CUST00121,2024-01-01,Jl. Gajah Mada No. 163,Semarang,Jawa Tengah,INITIAL
CAE0000150,CUST00122,2024-01-01,Jl. Diponegoro No. 87,Malang,Jawa Timur,INITIAL
CAE0000151,CUST00123,2024-01-01,Jl. Pemuda No. 58,Palembang,Sumatera Selatan,INITIAL
CAE0000152,CUST00124,2024-01-01,Jl. Diponegoro No. 18,Yogyakarta,DI Yogyakarta,INITIAL
CAE0000153,CUST00125,2024-01-01,Jl. Gajah Mada No. 203,Bantul,DI Yogyakarta,INITIAL
CAE0000154,CUST00126,2024-01-01,Jl. Melati No. 147,Bandung,Jawa Barat,INITIAL
CAE0000155,CUST00127,2024-01-01,Jl. Kenanga No. 98,Surabaya,Jawa Timur,INITIAL
CAE0000156,CUST00128,2024-01-01,Jl. Pemuda No. 116,Jakarta,DKI Jakarta,INITIAL
CAE0000157,CUST00129,2024-01-01,Jl. Veteran No. 161,Bekasi,Jawa Barat,INITIAL
CAE0000158,CUST00130,2024-01-01,Jl. Merdeka No. 96,Tangerang,Banten,INITIAL
CAE0000159,CUST00130,2025-12-12,Jl. Melati No. 173,Denpasar,Bali,MOVE
CAE0000160,CUST00131,2024-01-01,Jl. Diponegoro No. 55,Tangerang,Banten,INITIAL
CAE0000161,CUST00131,2025-11-03,Jl. Gajah Mada No. 26,Surabaya,Jawa Timur,MOVE
CAE0000162,CUST00132,2024-01-01,Jl. Pemuda No. 224,Bekasi,Jawa Barat,INITIAL
CAE0000163,CUST00132,2025-12-06,Jl. Kenanga No. 118,Malang,Jawa Timur,MOVE
CAE0000164,CUST00133,2024-01-01,Jl. Merdeka No. 241,Jakarta,DKI Jakarta,INITIAL
CAE0000165,CUST00134,2024-01-01,Jl. Melati No. 84,Malang,Jawa Timur,INITIAL
CAE0000166,CUST00134,2025-05-03,Jl. Sudirman No. 205,Bantul,DI Yogyakarta,MOVE
CAE0000167,CUST00135,2024-01-01,Jl. Sudirman No. 25,Jakarta,DKI Jakarta,INITIAL
CAE0000168,CUST00136,2024-01-01,Jl. Kenanga No. 45,Tangerang,Banten,INITIAL
CAE0000169,CUST00137,2024-01-01,Jl. Melati No. 15,Depok,Jawa Barat,INITIAL
CAE0000170,CUST00137,2026-06-26,Jl. Veteran No. 81,Makassar,Sulawesi Selatan,MOVE
CAE0000171,CUST00138,2024-01-01,Jl. Pemuda No. 207,Semarang,Jawa Tengah,INITIAL
CAE0000172,CUST00139,2024-01-01,Jl. Melati No. 36,Bantul,DI Yogyakarta,INITIAL
CAE0000173,CUST00139,2025-05-14,Jl. Merdeka No. 13,Tangerang,Banten,MOVE
CAE0000174,CUST00140,2024-01-01,Jl. Sudirman No. 33,Bandung,Jawa Barat,INITIAL
CAE0000175,CUST00141,2024-01-01,Jl. Kenanga No. 130,Depok,Jawa Barat,INITIAL
CAE0000176,CUST00142,2024-01-01,Jl. Pemuda No. 50,Yogyakarta,DI Yogyakarta,INITIAL
CAE0000177,CUST00142,2025-05-11,Jl. Melati No. 48,Jakarta,DKI Jakarta,MOVE
CAE0000178,CUST00143,2024-01-01,Jl. Veteran No. 188,Depok,Jawa Barat,INITIAL
CAE0000179,CUST00144,2024-01-01,Jl. Sudirman No. 38,Depok,Jawa Barat,INITIAL
CAE0000180,CUST00145,2024-01-01,Jl. Sudirman No. 171,Tangerang,Banten,INITIAL
CAE0000181,CUST00146,2024-01-01,Jl. Diponegoro No. 12,Bandung,Jawa Barat,INITIAL
CAE0000182,CUST00147,2024-01-01,Jl. Veteran No. 10,Jakarta,DKI Jakarta,INITIAL
CAE0000183,CUST00148,2024-01-01,Jl. Pemuda No. 166,Makassar,Sulawesi Selatan,INITIAL
CAE0000184,CUST00148,2025-04-29,Jl. Kenanga No. 223,Malang,Jawa Timur,MOVE
CAE0000185,CUST00148,2025-10-24,Jl. Gajah Mada No. 198,Surakarta,Jawa Tengah,MOVE
CAE0000186,CUST00149,2024-01-01,Jl. Pemuda No. 139,Depok,Jawa Barat,INITIAL
CAE0000187,CUST00150,2024-01-01,Jl. Pemuda No. 67,Semarang,Jawa Tengah,INITIAL
CAE0000188,CUST00151,2024-01-01,Jl. Diponegoro No. 125,Bekasi,Jawa Barat,INITIAL
CAE0000189,CUST00152,2024-01-01,Jl. Sudirman No. 162,Bogor,Jawa Barat,INITIAL
CAE0000190,CUST00153,2024-01-01,Jl. Gajah Mada No. 137,Bogor,Jawa Barat,INITIAL
CAE0000191,CUST00154,2024-01-01,Jl. Kenanga No. 171,Semarang,Jawa Tengah,INITIAL
CAE0000192,CUST00155,2024-01-01,Jl. Kenanga No. 205,Bantul,DI Yogyakarta,INITIAL
CAE0000193,CUST00156,2024-01-01,Jl. Kenanga No. 136,Bekasi,Jawa Barat,INITIAL
CAE0000194,CUST00157,2024-01-01,Jl. Pemuda No. 200,Yogyakarta,DI Yogyakarta,INITIAL
CAE0000195,CUST00157,2026-07-26,Jl. Pemuda No. 116,Bantul,DI Yogyakarta,MOVE
CAE0000196,CUST00158,2024-01-01,Jl. Veteran No. 51,Pontianak,Kalimantan Barat,INITIAL
CAE0000197,CUST00158,2025-07-11,Jl. Diponegoro No. 40,Surakarta,Jawa Tengah,MOVE
CAE0000198,CUST00159,2024-01-01,Jl. Melati No. 76,Bogor,Jawa Barat,INITIAL
CAE0000199,CUST00160,2024-01-01,Jl. Diponegoro No. 29,Depok,Jawa Barat,INITIAL
CAE0000200,CUST00161,2024-01-01,Jl. Merdeka No. 189,Yogyakarta,DI Yogyakarta,INITIAL
CAE0000201,CUST00162,2024-01-01,Jl. Gajah Mada No. 100,Malang,Jawa Timur,INITIAL
CAE0000202,CUST00163,2024-01-01,Jl. Melati No. 32,Surakarta,Jawa Tengah,INITIAL
CAE0000203,CUST00164,2024-01-01,Jl. Kenanga No. 133,Denpasar,Bali,INITIAL
CAE0000204,CUST00165,2024-01-01,Jl. Diponegoro No. 190,Pontianak,Kalimantan Barat,INITIAL
CAE0000205,CUST00166,2024-01-01,Jl. Sudirman No. 94,Semarang,Jawa Tengah,INITIAL
CAE0000206,CUST00166,2025-08-14,Jl. Diponegoro No. 133,Medan,Sumatera Utara,MOVE
CAE0000207,CUST00167,2024-01-01,Jl. Kenanga No. 237,Surakarta,Jawa Tengah,INITIAL
CAE0000208,CUST00168,2024-01-01,Jl. Diponegoro No. 114,Bandung,Jawa Barat,INITIAL
CAE0000209,CUST00169,2024-01-01,Jl. Kenanga No. 40,Bogor,Jawa Barat,INITIAL
CAE0000210,CUST00170,2024-01-01,Jl. Kenanga No. 75,Bandung,Jawa Barat,INITIAL
CAE0000211,CUST00171,2024-01-01,Jl. Pemuda No. 145,Jakarta,DKI Jakarta,INITIAL
CAE0000212,CUST00172,2024-01-01,Jl. Gajah Mada No. 51,Makassar,Sulawesi Selatan,INITIAL
CAE0000213,CUST00173,2024-01-01,Jl. Gajah Mada No. 159,Balikpapan,Kalimantan Timur,INITIAL
CAE0000214,CUST00174,2024-01-01,Jl. Merdeka No. 12,Bekasi,Jawa Barat,INITIAL
CAE0000215,CUST00175,2024-01-01,Jl. Pemuda No. 202,Pontianak,Kalimantan Barat,INITIAL
CAE0000216,CUST00176,2024-01-01,Jl. Sudirman No. 51,Sleman,DI Yogyakarta,INITIAL
CAE0000217,CUST00177,2024-01-01,Jl. Kenanga No. 246,Bekasi,Jawa Barat,INITIAL
CAE0000218,CUST00178,2024-01-01,Jl. Merdeka No. 147,Bantul,DI Yogyakarta,INITIAL
CAE0000219,CUST00179,2024-01-01,Jl. Gajah Mada No. 47,Surakarta,Jawa Tengah,INITIAL
CAE0000220,CUST00180,2024-01-01,Jl. Sudirman No. 186,Samarinda,Kalimantan Timur,INITIAL
CAE0000221,CUST00181,2024-01-01,Jl. Pemuda No. 149,Balikpapan,Kalimantan Timur,INITIAL
CAE0000222,CUST00182,2024-01-01,Jl. Veteran No. 158,Depok,Jawa Barat,INITIAL
CAE0000223,CUST00183,2024-01-01,Jl. Sudirman No. 224,Sleman,DI Yogyakarta,INITIAL
CAE0000224,CUST00183,2025-09-01,Jl. Sudirman No. 177,Samarinda,Kalimantan Timur,MOVE
CAE0000225,CUST00184,2024-01-01,Jl. Diponegoro No. 174,Makassar,Sulawesi Selatan,INITIAL
CAE0000226,CUST00185,2024-01-01,Jl. Merdeka No. 122,Bekasi,Jawa Barat,INITIAL
CAE0000227,CUST00186,2024-01-01,Jl. Veteran No. 81,Surabaya,Jawa Timur,INITIAL
CAE0000228,CUST00186,2025-01-18,Jl. Veteran No. 241,Makassar,Sulawesi Selatan,MOVE
CAE0000229,CUST00186,2026-05-26,Jl. Melati No. 42,Medan,Sumatera Utara,MOVE
CAE0000230,CUST00187,2024-01-01,Jl. Merdeka No. 175,Sleman,DI Yogyakarta,INITIAL
CAE0000231,CUST00188,2024-01-01,Jl. Gajah Mada No. 188,Palembang,Sumatera Selatan,INITIAL
CAE0000232,CUST00189,2024-01-01,Jl. Pemuda No. 155,Denpasar,Bali,INITIAL
CAE0000233,CUST00190,2024-01-01,Jl. Gajah Mada No. 48,Palembang,Sumatera Selatan,INITIAL
CAE0000234,CUST00191,2024-01-01,Jl. Diponegoro No. 153,Bekasi,Jawa Barat,INITIAL
CAE0000235,CUST00192,2024-01-01,Jl. Veteran No. 102,Balikpapan,Kalimantan Timur,INITIAL
CAE0000236,CUST00193,2024-01-01,Jl. Melati No. 117,Tangerang,Banten,INITIAL
CAE0000237,CUST00194,2024-01-01,Jl. Melati No. 95,Depok,Jawa Barat,INITIAL
CAE0000238,CUST00195,2024-01-01,Jl. Veteran No. 21,Bantul,DI Yogyakarta,INITIAL
CAE0000239,CUST00196,2024-01-01,Jl. Melati No. 202,Makassar,Sulawesi Selatan,INITIAL
CAE0000240,CUST00197,2024-01-01,Jl. Pemuda No. 142,Palembang,Sumatera Selatan,INITIAL
CAE0000241,CUST00198,2024-01-01,Jl. Veteran No. 27,Medan,Sumatera Utara,INITIAL
CAE0000242,CUST00199,2024-01-01,Jl. Veteran No. 234,Makassar,Sulawesi Selatan,INITIAL
CAE0000243,CUST00200,2024-01-01,Jl. Kenanga No. 108,Malang,Jawa Timur,INITIAL
CAE0000244,CUST00201,2024-01-01,Jl. Sudirman No. 154,Bandung,Jawa Barat,INITIAL
CAE0000245,CUST00202,2024-01-01,Jl. Gajah Mada No. 168,Medan,Sumatera Utara,INITIAL
CAE0000246,CUST00202,2025-01-27,Jl. Pemuda No. 38,Surabaya,Jawa Timur,MOVE
CAE0000247,CUST00203,2024-01-01,Jl. Merdeka No. 127,Samarinda,Kalimantan Timur,INITIAL
CAE0000248,CUST00204,2024-01-01,Jl. Pemuda No. 126,Medan,Sumatera Utara,INITIAL
CAE0000249,CUST00205,2024-01-01,Jl. Melati No. 120,Palembang,Sumatera Selatan,INITIAL
CAE0000250,CUST00206,2024-01-01,Jl. Melati No. 96,Palembang,Sumatera Selatan,INITIAL
CAE0000251,CUST00207,2024-01-01,Jl. Pemuda No. 43,Denpasar,Bali,INITIAL
CAE0000252,CUST00208,2024-01-01,Jl. Kenanga No. 23,Palembang,Sumatera Selatan,INITIAL
CAE0000253,CUST00209,2024-01-01,Jl. Pemuda No. 53,Bandung,Jawa Barat,INITIAL
CAE0000254,CUST00210,2024-01-01,Jl. Veteran No. 70,Tangerang,Banten,INITIAL
CAE0000255,CUST00211,2024-01-01,Jl. Melati No. 149,Balikpapan,Kalimantan Timur,INITIAL
CAE0000256,CUST00212,2024-01-01,Jl. Diponegoro No. 157,Denpasar,Bali,INITIAL
CAE0000257,CUST00213,2024-01-01,Jl. Pemuda No. 158,Jakarta,DKI Jakarta,INITIAL
CAE0000258,CUST00214,2024-01-01,Jl. Melati No. 26,Sleman,DI Yogyakarta,INITIAL
CAE0000259,CUST00215,2024-01-01,Jl. Veteran No. 25,Depok,Jawa Barat,INITIAL
CAE0000260,CUST00216,2024-01-01,Jl. Gajah Mada No. 125,Tangerang,Banten,INITIAL
CAE0000261,CUST00216,2026-05-23,Jl. Diponegoro No. 52,Balikpapan,Kalimantan Timur,MOVE
CAE0000262,CUST00217,2024-01-01,Jl. Gajah Mada No. 47,Tangerang,Banten,INITIAL
CAE0000263,CUST00218,2024-01-01,Jl. Diponegoro No. 96,Sleman,DI Yogyakarta,INITIAL
CAE0000264,CUST00218,2025-02-09,Jl. Veteran No. 134,Makassar,Sulawesi Selatan,MOVE
CAE0000265,CUST00219,2024-01-01,Jl. Diponegoro No. 36,Makassar,Sulawesi Selatan,INITIAL
CAE0000266,CUST00220,2024-01-01,Jl. Gajah Mada No. 89,Surakarta,Jawa Tengah,INITIAL
CAE0000267,CUST00221,2024-01-01,Jl. Kenanga No. 225,Palembang,Sumatera Selatan,INITIAL
CAE0000268,CUST00222,2024-01-01,Jl. Veteran No. 154,Palembang,Sumatera Selatan,INITIAL
CAE0000269,CUST00222,2025-04-24,Jl. Gajah Mada No. 200,Bogor,Jawa Barat,MOVE
CAE0000270,CUST00223,2024-01-01,Jl. Kenanga No. 236,Palembang,Sumatera Selatan,INITIAL
CAE0000271,CUST00224,2024-01-01,Jl. Kenanga No. 198,Yogyakarta,DI Yogyakarta,INITIAL
CAE0000272,CUST00225,2024-01-01,Jl. Melati No. 203,Medan,Sumatera Utara,INITIAL
CAE0000273,CUST00226,2024-01-01,Jl. Kenanga No. 94,Yogyakarta,DI Yogyakarta,INITIAL
CAE0000274,CUST00227,2024-01-01,Jl. Melati No. 105,Bandung,Jawa Barat,INITIAL
CAE0000275,CUST00228,2024-01-01,Jl. Gajah Mada No. 136,Surakarta,Jawa Tengah,INITIAL
CAE0000276,CUST00229,2024-01-01,Jl. Melati No. 21,Bandung,Jawa Barat,INITIAL
CAE0000277,CUST00230,2024-01-01,Jl. Kenanga No. 215,Medan,Sumatera Utara,INITIAL
CAE0000278,CUST00231,2024-01-01,Jl. Gajah Mada No. 198,Bekasi,Jawa Barat,INITIAL
CAE0000279,CUST00232,2024-01-01,Jl. Diponegoro No. 227,Semarang,Jawa Tengah,INITIAL
CAE0000280,CUST00233,2024-01-01,Jl. Sudirman No. 189,Pontianak,Kalimantan Barat,INITIAL
CAE0000281,CUST00234,2024-01-01,Jl. Diponegoro No. 211,Bantul,DI Yogyakarta,INITIAL
CAE0000282,CUST00235,2024-01-01,Jl. Gajah Mada No. 170,Bekasi,Jawa Barat,INITIAL
CAE0000283,CUST00236,2024-01-01,Jl. Veteran No. 190,Pontianak,Kalimantan Barat,INITIAL
CAE0000284,CUST00237,2024-01-01,Jl. Veteran No. 141,Depok,Jawa Barat,INITIAL
CAE0000285,CUST00237,2026-09-16,Jl. Pemuda No. 107,Medan,Sumatera Utara,MOVE
CAE0000286,CUST00238,2024-01-01,Jl. Merdeka No. 245,Yogyakarta,DI Yogyakarta,INITIAL
CAE0000287,CUST00239,2024-01-01,Jl. Sudirman No. 26,Bekasi,Jawa Barat,INITIAL
CAE0000288,CUST00240,2024-01-01,Jl. Gajah Mada No. 38,Samarinda,Kalimantan Timur,INITIAL
CAE0000289,CUST00241,2024-01-01,Jl. Merdeka No. 30,Balikpapan,Kalimantan Timur,INITIAL
CAE0000290,CUST00242,2024-01-01,Jl. Gajah Mada No. 9,Surakarta,Jawa Tengah,INITIAL
CAE0000291,CUST00243,2024-01-01,Jl. Veteran No. 120,Sleman,DI Yogyakarta,INITIAL
CAE0000292,CUST00243,2025-01-23,Jl. Merdeka No. 205,Surakarta,Jawa Tengah,MOVE
CAE0000293,CUST00243,2025-06-17,Jl. Merdeka No. 12,Bekasi,Jawa Barat,MOVE
CAE0000294,CUST00244,2024-01-01,Jl. Sudirman No. 82,Pontianak,Kalimantan Barat,INITIAL
CAE0000295,CUST00244,2025-11-20,Jl. Merdeka No. 66,Bekasi,Jawa Barat,MOVE
CAE0000296,CUST00245,2024-01-01,Jl. Kenanga No. 146,Surabaya,Jawa Timur,INITIAL
CAE0000297,CUST00246,2024-01-01,Jl. Pemuda No. 118,Malang,Jawa Timur,INITIAL
CAE0000298,CUST00247,2024-01-01,Jl. Pemuda No. 147,Balikpapan,Kalimantan Timur,INITIAL
CAE0000299,CUST00248,2024-01-01,Jl. Melati No. 99,Jakarta,DKI Jakarta,INITIAL
CAE0000300,CUST00249,2024-01-01,Jl. Melati No. 70,Surakarta,Jawa Tengah,INITIAL
CAE0000301,CUST00250,2024-01-01,Jl. Pemuda No. 122,Semarang,Jawa Tengah,INITIAL
CAE0000302,CUST00251,2024-01-01,Jl. Sudirman No. 22,Bogor,Jawa Barat,INITIAL
CAE0000303,CUST00251,2025-01-17,Jl. Merdeka No. 192,Surakarta,Jawa Tengah,MOVE
CAE0000304,CUST00252,2024-01-01,Jl. Pemuda No. 121,Sleman,DI Yogyakarta,INITIAL
CAE0000305,CUST00252,2025-02-05,Jl. Sudirman No. 20,Bandung,Jawa Barat,MOVE
CAE0000306,CUST00253,2024-01-01,Jl. Merdeka No. 76,Surabaya,Jawa Timur,INITIAL
CAE0000307,CUST00254,2024-01-01,Jl. Pemuda No. 85,Bantul,DI Yogyakarta,INITIAL
CAE0000308,CUST00255,2024-01-01,Jl. Melati No. 103,Medan,Sumatera Utara,INITIAL
CAE0000309,CUST00256,2024-01-01,Jl. Melati No. 197,Bantul,DI Yogyakarta,INITIAL
CAE0000310,CUST00257,2024-01-01,Jl. Pemuda No. 40,Bantul,DI Yogyakarta,INITIAL
CAE0000311,CUST00258,2024-01-01,Jl. Melati No. 31,Surabaya,Jawa Timur,INITIAL
CAE0000312,CUST00259,2024-01-01,Jl. Melati No. 127,Bogor,Jawa Barat,INITIAL
CAE0000313,CUST00260,2024-01-01,Jl. Merdeka No. 210,Semarang,Jawa Tengah,INITIAL
CAE0000314,CUST00260,2026-08-26,Jl. Veteran No. 167,Sleman,DI Yogyakarta,MOVE
CAE0000315,CUST00261,2024-01-01,Jl. Diponegoro No. 165,Palembang,Sumatera Selatan,INITIAL
CAE0000316,CUST00262,2024-01-01,Jl. Gajah Mada No. 151,Yogyakarta,DI Yogyakarta,INITIAL
CAE0000317,CUST00263,2024-01-01,Jl. Veteran No. 76,Makassar,Sulawesi Selatan,INITIAL
CAE0000318,CUST00264,2024-01-01,Jl. Sudirman No. 153,Bogor,Jawa Barat,INITIAL
CAE0000319,CUST00265,2024-01-01,Jl. Pemuda No. 19,Yogyakarta,DI Yogyakarta,INITIAL
CAE0000320,CUST00265,2026-03-01,Jl. Merdeka No. 130,Pontianak,Kalimantan Barat,MOVE
CAE0000321,CUST00266,2024-01-01,Jl. Merdeka No. 240,Semarang,Jawa Tengah,INITIAL
CAE0000322,CUST00267,2024-01-01,Jl. Diponegoro No. 45,Bekasi,Jawa Barat,INITIAL
CAE0000323,CUST00268,2024-01-01,Jl. Merdeka No. 87,Makassar,Sulawesi Selatan,INITIAL
CAE0000324,CUST00268,2025-03-31,Jl. Kenanga No. 60,Sleman,DI Yogyakarta,MOVE
CAE0000325,CUST00268,2025-07-14,Jl. Gajah Mada No. 182,Depok,Jawa Barat,MOVE
CAE0000326,CUST00269,2024-01-01,Jl. Diponegoro No. 131,Samarinda,Kalimantan Timur,INITIAL
CAE0000327,CUST00270,2024-01-01,Jl. Melati No. 160,Palembang,Sumatera Selatan,INITIAL
CAE0000328,CUST00271,2024-01-01,Jl. Gajah Mada No. 110,Balikpapan,Kalimantan Timur,INITIAL
CAE0000329,CUST00272,2024-01-01,Jl. Sudirman No. 145,Semarang,Jawa Tengah,INITIAL
CAE0000330,CUST00273,2024-01-01,Jl. Merdeka No. 229,Malang,Jawa Timur,INITIAL
CAE0000331,CUST00274,2024-01-01,Jl. Melati No. 218,Yogyakarta,DI Yogyakarta,INITIAL
CAE0000332,CUST00275,2024-01-01,Jl. Melati No. 216,Bekasi,Jawa Barat,INITIAL
CAE0000333,CUST00276,2024-01-01,Jl. Sudirman No. 123,Semarang,Jawa Tengah,INITIAL
CAE0000334,CUST00277,2024-01-01,Jl. Merdeka No. 43,Depok,Jawa Barat,INITIAL
CAE0000335,CUST00278,2024-01-01,Jl. Pemuda No. 28,Surabaya,Jawa Timur,INITIAL
CAE0000336,CUST00279,2024-01-01,Jl. Veteran No. 185,Medan,Sumatera Utara,INITIAL
CAE0000337,CUST00279,2026-04-18,Jl. Gajah Mada No. 247,Surabaya,Jawa Timur,MOVE
CAE0000338,CUST00280,2024-01-01,Jl. Merdeka No. 61,Samarinda,Kalimantan Timur,INITIAL
CAE0000339,CUST00281,2024-01-01,Jl. Melati No. 2,Medan,Sumatera Utara,INITIAL
CAE0000340,CUST00282,2024-01-01,Jl. Veteran No. 154,Bogor,Jawa Barat,INITIAL
CAE0000341,CUST00283,2024-01-01,Jl. Pemuda No. 70,Semarang,Jawa Tengah,INITIAL
CAE0000342,CUST00284,2024-01-01,Jl. Merdeka No. 114,Bekasi,Jawa Barat,INITIAL
CAE0000343,CUST00285,2024-01-01,Jl. Pemuda No. 239,Surakarta,Jawa Tengah,INITIAL
CAE0000344,CUST00285,2026-06-03,Jl. Kenanga No. 131,Yogyakarta,DI Yogyakarta,MOVE
CAE0000345,CUST00286,2024-01-01,Jl. Merdeka No. 17,Jakarta,DKI Jakarta,INITIAL
CAE0000346,CUST00287,2024-01-01,Jl. Sudirman No. 183,Sleman,DI Yogyakarta,INITIAL
CAE0000347,CUST00288,2024-01-01,Jl. Pemuda No. 52,Bogor,Jawa Barat,INITIAL
CAE0000348,CUST00289,2024-01-01,Jl. Melati No. 53,Bogor,Jawa Barat,INITIAL
CAE0000349,CUST00290,2024-01-01,Jl. Merdeka No. 202,Jakarta,DKI Jakarta,INITIAL
CAE0000350,CUST00291,2024-01-01,Jl. Gajah Mada No. 112,Malang,Jawa Timur,INITIAL
CAE0000351,CUST00291,2025-11-15,Jl. Veteran No. 116,Bogor,Jawa Barat,MOVE
CAE0000352,CUST00292,2024-01-01,Jl. Gajah Mada No. 102,Balikpapan,Kalimantan Timur,INITIAL
CAE0000353,CUST00293,2024-01-01,Jl. Melati No. 18,Bogor,Jawa Barat,INITIAL
CAE0000354,CUST00294,2024-01-01,Jl. Sudirman No. 79,Bantul,DI Yogyakarta,INITIAL
CAE0000355,CUST00295,2024-01-01,Jl. Gajah Mada No. 233,Sleman,DI Yogyakarta,INITIAL
CAE0000356,CUST00296,2024-01-01,Jl. Kenanga No. 236,Depok,Jawa Barat,INITIAL
CAE0000357,CUST00297,2024-01-01,Jl. Diponegoro No. 201,Bandung,Jawa Barat,INITIAL
CAE0000358,CUST00298,2024-01-01,Jl. Kenanga No. 31,Bekasi,Jawa Barat,INITIAL
CAE0000359,CUST00299,2024-01-01,Jl. Veteran No. 164,Palembang,Sumatera Selatan,INITIAL
CAE0000360,CUST00300,2024-01-01,Jl. Veteran No. 115,Bogor,Jawa Barat,INITIAL
CAE0000361,CUST00301,2024-01-01,Jl. Melati No. 26,Bantul,DI Yogyakarta,INITIAL
CAE0000362,CUST00302,2024-01-01,Jl. Diponegoro No. 118,Malang,Jawa Timur,INITIAL
CAE0000363,CUST00303,2024-01-01,Jl. Merdeka No. 166,Medan,Sumatera Utara,INITIAL
CAE0000364,CUST00304,2024-01-01,Jl. Gajah Mada No. 238,Sleman,DI Yogyakarta,INITIAL
CAE0000365,CUST00305,2024-01-01,Jl. Kenanga No. 174,Medan,Sumatera Utara,INITIAL
CAE0000366,CUST00306,2024-01-01,Jl. Gajah Mada No. 184,Semarang,Jawa Tengah,INITIAL
CAE0000367,CUST00306,2025-08-06,Jl. Kenanga No. 23,Bogor,Jawa Barat,MOVE
CAE0000368,CUST00307,2024-01-01,Jl. Sudirman No. 210,Balikpapan,Kalimantan Timur,INITIAL
CAE0000369,CUST00308,2024-01-01,Jl. Kenanga No. 143,Palembang,Sumatera Selatan,INITIAL
CAE0000370,CUST00309,2024-01-01,Jl. Veteran No. 87,Makassar,Sulawesi Selatan,INITIAL
CAE0000371,CUST00310,2024-01-01,Jl. Merdeka No. 60,Semarang,Jawa Tengah,INITIAL
CAE0000372,CUST00311,2024-01-01,Jl. Gajah Mada No. 156,Bandung,Jawa Barat,INITIAL
CAE0000373,CUST00312,2024-01-01,Jl. Kenanga No. 79,Sleman,DI Yogyakarta,INITIAL
CAE0000374,CUST00313,2024-01-01,Jl. Gajah Mada No. 84,Yogyakarta,DI Yogyakarta,INITIAL
CAE0000375,CUST00314,2024-01-01,Jl. Pemuda No. 78,Denpasar,Bali,INITIAL
CAE0000376,CUST00315,2024-01-01,Jl. Veteran No. 223,Bandung,Jawa Barat,INITIAL
CAE0000377,CUST00316,2024-01-01,Jl. Merdeka No. 96,Bandung,Jawa Barat,INITIAL
CAE0000378,CUST00317,2024-01-01,Jl. Veteran No. 156,Medan,Sumatera Utara,INITIAL
CAE0000379,CUST00318,2024-01-01,Jl. Merdeka No. 146,Yogyakarta,DI Yogyakarta,INITIAL
CAE0000380,CUST00319,2024-01-01,Jl. Pemuda No. 99,Balikpapan,Kalimantan Timur,INITIAL
CAE0000381,CUST00320,2024-01-01,Jl. Pemuda No. 124,Depok,Jawa Barat,INITIAL
CAE0000382,CUST00321,2024-01-01,Jl. Pemuda No. 181,Denpasar,Bali,INITIAL
CAE0000383,CUST00322,2024-01-01,Jl. Sudirman No. 225,Medan,Sumatera Utara,INITIAL
CAE0000384,CUST00323,2024-01-01,Jl. Merdeka No. 240,Depok,Jawa Barat,INITIAL
CAE0000385,CUST00324,2024-01-01,Jl. Gajah Mada No. 24,Surakarta,Jawa Tengah,INITIAL
CAE0000386,CUST00324,2026-03-25,Jl. Merdeka No. 58,Denpasar,Bali,MOVE
CAE0000387,CUST00325,2024-01-01,Jl. Kenanga No. 225,Yogyakarta,DI Yogyakarta,INITIAL
CAE0000388,CUST00326,2024-01-01,Jl. Melati No. 77,Balikpapan,Kalimantan Timur,INITIAL
CAE0000389,CUST00327,2024-01-01,Jl. Merdeka No. 189,Bekasi,Jawa Barat,INITIAL
CAE0000390,CUST00328,2024-01-01,Jl. Merdeka No. 91,Makassar,Sulawesi Selatan,INITIAL
CAE0000391,CUST00329,2024-01-01,Jl. Pemuda No. 95,Tangerang,Banten,INITIAL
CAE0000392,CUST00330,2024-01-01,Jl. Melati No. 70,Denpasar,Bali,INITIAL
CAE0000393,CUST00331,2024-01-01,Jl. Diponegoro No. 56,Malang,Jawa Timur,INITIAL
CAE0000394,CUST00331,2026-04-10,Jl. Sudirman No. 90,Surakarta,Jawa Tengah,MOVE
CAE0000395,CUST00332,2024-01-01,Jl. Veteran No. 18,Pontianak,Kalimantan Barat,INITIAL
CAE0000396,CUST00333,2024-01-01,Jl. Merdeka No. 185,Makassar,Sulawesi Selatan,INITIAL
CAE0000397,CUST00334,2024-01-01,Jl. Veteran No. 46,Medan,Sumatera Utara,INITIAL
CAE0000398,CUST00334,2026-01-12,Jl. Merdeka No. 243,Surabaya,Jawa Timur,MOVE
CAE0000399,CUST00335,2024-01-01,Jl. Gajah Mada No. 208,Surabaya,Jawa Timur,INITIAL
CAE0000400,CUST00336,2024-01-01,Jl. Melati No. 74,Malang,Jawa Timur,INITIAL
CAE0000401,CUST00337,2024-01-01,Jl. Melati No. 219,Medan,Sumatera Utara,INITIAL
CAE0000402,CUST00338,2024-01-01,Jl. Pemuda No. 158,Malang,Jawa Timur,INITIAL
CAE0000403,CUST00339,2024-01-01,Jl. Kenanga No. 207,Bekasi,Jawa Barat,INITIAL
CAE0000404,CUST00340,2024-01-01,Jl. Merdeka No. 82,Bogor,Jawa Barat,INITIAL
CAE0000405,CUST00340,2026-04-11,Jl. Diponegoro No. 170,Jakarta,DKI Jakarta,MOVE
CAE0000406,CUST00340,2026-06-24,Jl. Sudirman No. 72,Bekasi,Jawa Barat,MOVE
CAE0000407,CUST00341,2024-01-01,Jl. Kenanga No. 38,Palembang,Sumatera Selatan,INITIAL
CAE0000408,CUST00342,2024-01-01,Jl. Melati No. 34,Depok,Jawa Barat,INITIAL
CAE0000409,CUST00343,2024-01-01,Jl. Gajah Mada No. 142,Samarinda,Kalimantan Timur,INITIAL
CAE0000410,CUST00343,2025-04-20,Jl. Sudirman No. 82,Denpasar,Bali,MOVE
CAE0000411,CUST00344,2024-01-01,Jl. Kenanga No. 16,Depok,Jawa Barat,INITIAL
CAE0000412,CUST00345,2024-01-01,Jl. Gajah Mada No. 14,Bantul,DI Yogyakarta,INITIAL
CAE0000413,CUST00346,2024-01-01,Jl. Veteran No. 189,Semarang,Jawa Tengah,INITIAL
CAE0000414,CUST00347,2024-01-01,Jl. Sudirman No. 10,Medan,Sumatera Utara,INITIAL
CAE0000415,CUST00348,2024-01-01,Jl. Sudirman No. 79,Makassar,Sulawesi Selatan,INITIAL
CAE0000416,CUST00349,2024-01-01,Jl. Diponegoro No. 55,Samarinda,Kalimantan Timur,INITIAL
CAE0000417,CUST00349,2026-05-07,Jl. Melati No. 59,Denpasar,Bali,MOVE
CAE0000418,CUST00350,2024-01-01,Jl. Kenanga No. 183,Medan,Sumatera Utara,INITIAL
CAE0000419,CUST00351,2024-01-01,Jl. Veteran No. 103,Semarang,Jawa Tengah,INITIAL
CAE0000420,CUST00352,2024-01-01,Jl. Veteran No. 230,Denpasar,Bali,INITIAL
CAE0000421,CUST00353,2024-01-01,Jl. Gajah Mada No. 82,Yogyakarta,DI Yogyakarta,INITIAL
CAE0000422,CUST00354,2024-01-01,Jl. Diponegoro No. 181,Bogor,Jawa Barat,INITIAL
CAE0000423,CUST00355,2024-01-01,Jl. Sudirman No. 114,Bantul,DI Yogyakarta,INITIAL
CAE0000424,CUST00356,2024-01-01,Jl. Kenanga No. 44,Jakarta,DKI Jakarta,INITIAL
CAE0000425,CUST00357,2024-01-01,Jl. Pemuda No. 164,Makassar,Sulawesi Selatan,INITIAL
CAE0000426,CUST00357,2026-04-08,Jl. Merdeka No. 40,Samarinda,Kalimantan Timur,MOVE
CAE0000427,CUST00358,2024-01-01,Jl. Gajah Mada No. 218,Malang,Jawa Timur,INITIAL
CAE0000428,CUST00359,2024-01-01,Jl. Gajah Mada No. 47,Medan,Sumatera Utara,INITIAL
CAE0000429,CUST00360,2024-01-01,Jl. Kenanga No. 141,Bekasi,Jawa Barat,INITIAL
CAE0000430,CUST00361,2024-01-01,Jl. Melati No. 160,Bekasi,Jawa Barat,INITIAL
CAE0000431,CUST00362,2024-01-01,Jl. Veteran No. 231,Semarang,Jawa Tengah,INITIAL
CAE0000432,CUST00363,2024-01-01,Jl. Merdeka No. 93,Bantul,DI Yogyakarta,INITIAL
CAE0000433,CUST00364,2024-01-01,Jl. Sudirman No. 161,Jakarta,DKI Jakarta,INITIAL
CAE0000434,CUST00365,2024-01-01,Jl. Sudirman No. 84,Malang,Jawa Timur,INITIAL
CAE0000435,CUST00366,2024-01-01,Jl. Merdeka No. 111,Bandung,Jawa Barat,INITIAL
CAE0000436,CUST00366,2025-01-20,Jl. Kenanga No. 216,Surabaya,Jawa Timur,MOVE
CAE0000437,CUST00367,2024-01-01,Jl. Sudirman No. 37,Balikpapan,Kalimantan Timur,INITIAL
CAE0000438,CUST00368,2024-01-01,Jl. Diponegoro No. 6,Depok,Jawa Barat,INITIAL
CAE0000439,CUST00369,2024-01-01,Jl. Diponegoro No. 172,Makassar,Sulawesi Selatan,INITIAL
CAE0000440,CUST00369,2026-08-16,Jl. Merdeka No. 64,Bogor,Jawa Barat,MOVE
CAE0000441,CUST00370,2024-01-01,Jl. Merdeka No. 2,Bandung,Jawa Barat,INITIAL
CAE0000442,CUST00370,2025-08-23,Jl. Sudirman No. 156,Denpasar,Bali,MOVE
CAE0000443,CUST00371,2024-01-01,Jl. Melati No. 49,Balikpapan,Kalimantan Timur,INITIAL
CAE0000444,CUST00372,2024-01-01,Jl. Veteran No. 199,Malang,Jawa Timur,INITIAL
CAE0000445,CUST00373,2024-01-01,Jl. Merdeka No. 205,Bandung,Jawa Barat,INITIAL
CAE0000446,CUST00374,2024-01-01,Jl. Melati No. 176,Bandung,Jawa Barat,INITIAL
CAE0000447,CUST00375,2024-01-01,Jl. Kenanga No. 177,Balikpapan,Kalimantan Timur,INITIAL
CAE0000448,CUST00376,2024-01-01,Jl. Pemuda No. 192,Yogyakarta,DI Yogyakarta,INITIAL
CAE0000449,CUST00376,2026-03-11,Jl. Melati No. 15,Sleman,DI Yogyakarta,MOVE
CAE0000450,CUST00377,2024-01-01,Jl. Pemuda No. 29,Yogyakarta,DI Yogyakarta,INITIAL
CAE0000451,CUST00377,2025-12-20,Jl. Gajah Mada No. 96,Bogor,Jawa Barat,MOVE
CAE0000452,CUST00378,2024-01-01,Jl. Diponegoro No. 137,Bandung,Jawa Barat,INITIAL
CAE0000453,CUST00379,2024-01-01,Jl. Merdeka No. 185,Depok,Jawa Barat,INITIAL
CAE0000454,CUST00380,2024-01-01,Jl. Gajah Mada No. 109,Denpasar,Bali,INITIAL
CAE0000455,CUST00381,2024-01-01,Jl. Sudirman No. 89,Jakarta,DKI Jakarta,INITIAL
CAE0000456,CUST00381,2025-04-28,Jl. Sudirman No. 181,Bantul,DI Yogyakarta,MOVE
CAE0000457,CUST00382,2024-01-01,Jl. Merdeka No. 193,Samarinda,Kalimantan Timur,INITIAL
CAE0000458,CUST00383,2024-01-01,Jl. Gajah Mada No. 225,Malang,Jawa Timur,INITIAL
CAE0000459,CUST00384,2024-01-01,Jl. Kenanga No. 103,Yogyakarta,DI Yogyakarta,INITIAL
CAE0000460,CUST00385,2024-01-01,Jl. Pemuda No. 151,Samarinda,Kalimantan Timur,INITIAL
CAE0000461,CUST00386,2024-01-01,Jl. Melati No. 215,Tangerang,Banten,INITIAL
CAE0000462,CUST00387,2024-01-01,Jl. Melati No. 234,Sleman,DI Yogyakarta,INITIAL
CAE0000463,CUST00388,2024-01-01,Jl. Sudirman No. 246,Malang,Jawa Timur,INITIAL
CAE0000464,CUST00388,2026-01-09,Jl. Diponegoro No. 87,Tangerang,Banten,MOVE
CAE0000465,CUST00389,2024-01-01,Jl. Kenanga No. 152,Palembang,Sumatera Selatan,INITIAL
CAE0000466,CUST00389,2025-12-14,Jl. Gajah Mada No. 162,Bandung,Jawa Barat,MOVE
CAE0000467,CUST00390,2024-01-01,Jl. Gajah Mada No. 211,Semarang,Jawa Tengah,INITIAL
CAE0000468,CUST00391,2024-01-01,Jl. Gajah Mada No. 181,Surabaya,Jawa Timur,INITIAL
CAE0000469,CUST00391,2026-01-28,Jl. Kenanga No. 38,Tangerang,Banten,MOVE
CAE0000470,CUST00392,2024-01-01,Jl. Gajah Mada No. 2,Pontianak,Kalimantan Barat,INITIAL
CAE0000471,CUST00393,2024-01-01,Jl. Sudirman No. 103,Depok,Jawa Barat,INITIAL
CAE0000472,CUST00394,2024-01-01,Jl. Gajah Mada No. 140,Malang,Jawa Timur,INITIAL
CAE0000473,CUST00395,2024-01-01,Jl. Diponegoro No. 212,Bogor,Jawa Barat,INITIAL
CAE0000474,CUST00396,2024-01-01,Jl. Kenanga No. 193,Makassar,Sulawesi Selatan,INITIAL
CAE0000475,CUST00397,2024-01-01,Jl. Diponegoro No. 175,Surakarta,Jawa Tengah,INITIAL
CAE0000476,CUST00398,2024-01-01,Jl. Gajah Mada No. 214,Semarang,Jawa Tengah,INITIAL
CAE0000477,CUST00399,2024-01-01,Jl. Sudirman No. 52,Jakarta,DKI Jakarta,INITIAL
CAE0000478,CUST00400,2024-01-01,Jl. Melati No. 181,Surabaya,Jawa Timur,INITIAL
CAE0000479,CUST00401,2024-01-01,Jl. Pemuda No. 141,Depok,Jawa Barat,INITIAL
CAE0000480,CUST00401,2025-02-25,Jl. Pemuda No. 58,Bogor,Jawa Barat,MOVE
CAE0000481,CUST00402,2024-01-01,Jl. Sudirman No. 244,Depok,Jawa Barat,INITIAL
CAE0000482,CUST00403,2024-01-01,Jl. Sudirman No. 138,Semarang,Jawa Tengah,INITIAL
CAE0000483,CUST00404,2024-01-01,Jl. Sudirman No. 201,Makassar,Sulawesi Selatan,INITIAL
CAE0000484,CUST00405,2024-01-01,Jl. Melati No. 118,Sleman,DI Yogyakarta,INITIAL
CAE0000485,CUST00406,2024-01-01,Jl. Pemuda No. 142,Medan,Sumatera Utara,INITIAL
CAE0000486,CUST00407,2024-01-01,Jl. Gajah Mada No. 55,Malang,Jawa Timur,INITIAL
CAE0000487,CUST00408,2024-01-01,Jl. Merdeka No. 135,Makassar,Sulawesi Selatan,INITIAL
CAE0000488,CUST00408,2025-09-05,Jl. Kenanga No. 214,Malang,Jawa Timur,MOVE
CAE0000489,CUST00409,2024-01-01,Jl. Veteran No. 84,Pontianak,Kalimantan Barat,INITIAL
CAE0000490,CUST00410,2024-01-01,Jl. Veteran No. 33,Samarinda,Kalimantan Timur,INITIAL
CAE0000491,CUST00411,2024-01-01,Jl. Diponegoro No. 5,Bekasi,Jawa Barat,INITIAL
CAE0000492,CUST00412,2024-01-01,Jl. Merdeka No. 165,Malang,Jawa Timur,INITIAL
CAE0000493,CUST00413,2024-01-01,Jl. Melati No. 211,Jakarta,DKI Jakarta,INITIAL
CAE0000494,CUST00413,2026-03-29,Jl. Merdeka No. 226,Depok,Jawa Barat,MOVE
CAE0000495,CUST00414,2024-01-01,Jl. Veteran No. 204,Tangerang,Banten,INITIAL
CAE0000496,CUST00415,2024-01-01,Jl. Veteran No. 2,Tangerang,Banten,INITIAL
CAE0000497,CUST00416,2024-01-01,Jl. Diponegoro No. 238,Makassar,Sulawesi Selatan,INITIAL
CAE0000498,CUST00417,2024-01-01,Jl. Gajah Mada No. 11,Depok,Jawa Barat,INITIAL
CAE0000499,CUST00418,2024-01-01,Jl. Diponegoro No. 169,Samarinda,Kalimantan Timur,INITIAL
CAE0000500,CUST00419,2024-01-01,Jl. Diponegoro No. 68,Depok,Jawa Barat,INITIAL
CAE0000501,CUST00420,2024-01-01,Jl. Merdeka No. 14,Pontianak,Kalimantan Barat,INITIAL
CAE0000502,CUST00421,2024-01-01,Jl. Pemuda No. 9,Denpasar,Bali,INITIAL
CAE0000503,CUST00422,2024-01-01,Jl. Kenanga No. 170,Jakarta,DKI Jakarta,INITIAL
CAE0000504,CUST00422,2025-02-16,Jl. Veteran No. 44,Depok,Jawa Barat,MOVE
CAE0000505,CUST00423,2024-01-01,Jl. Sudirman No. 192,Bogor,Jawa Barat,INITIAL
CAE0000506,CUST00424,2024-01-01,Jl. Merdeka No. 202,Depok,Jawa Barat,INITIAL
CAE0000507,CUST00425,2024-01-01,Jl. Veteran No. 179,Bantul,DI Yogyakarta,INITIAL
CAE0000508,CUST00426,2024-01-01,Jl. Pemuda No. 108,Pontianak,Kalimantan Barat,INITIAL
CAE0000509,CUST00427,2024-01-01,Jl. Pemuda No. 83,Sleman,DI Yogyakarta,INITIAL
CAE0000510,CUST00428,2024-01-01,Jl. Gajah Mada No. 70,Semarang,Jawa Tengah,INITIAL
CAE0000511,CUST00429,2024-01-01,Jl. Veteran No. 138,Makassar,Sulawesi Selatan,INITIAL
CAE0000512,CUST00430,2024-01-01,Jl. Sudirman No. 35,Jakarta,DKI Jakarta,INITIAL
CAE0000513,CUST00431,2024-01-01,Jl. Merdeka No. 94,Depok,Jawa Barat,INITIAL
CAE0000514,CUST00432,2024-01-01,Jl. Merdeka No. 26,Tangerang,Banten,INITIAL
CAE0000515,CUST00432,2026-08-18,Jl. Melati No. 176,Sleman,DI Yogyakarta,MOVE
CAE0000516,CUST00433,2024-01-01,Jl. Sudirman No. 9,Surabaya,Jawa Timur,INITIAL
CAE0000517,CUST00434,2024-01-01,Jl. Kenanga No. 71,Yogyakarta,DI Yogyakarta,INITIAL
CAE0000518,CUST00435,2024-01-01,Jl. Sudirman No. 142,Sleman,DI Yogyakarta,INITIAL
CAE0000519,CUST00436,2024-01-01,Jl. Sudirman No. 38,Bekasi,Jawa Barat,INITIAL
CAE0000520,CUST00437,2024-01-01,Jl. Merdeka No. 221,Bantul,DI Yogyakarta,INITIAL
CAE0000521,CUST00438,2024-01-01,Jl. Sudirman No. 176,Denpasar,Bali,INITIAL
CAE0000522,CUST00439,2024-01-01,Jl. Melati No. 238,Tangerang,Banten,INITIAL
CAE0000523,CUST00439,2025-09-07,Jl. Melati No. 167,Sleman,DI Yogyakarta,MOVE
CAE0000524,CUST00440,2024-01-01,Jl. Diponegoro No. 142,Bantul,DI Yogyakarta,INITIAL
CAE0000525,CUST00441,2024-01-01,Jl. Kenanga No. 62,Surakarta,Jawa Tengah,INITIAL
CAE0000526,CUST00442,2024-01-01,Jl. Melati No. 35,Balikpapan,Kalimantan Timur,INITIAL
CAE0000527,CUST00443,2024-01-01,Jl. Melati No. 65,Bogor,Jawa Barat,INITIAL
CAE0000528,CUST00444,2024-01-01,Jl. Diponegoro No. 104,Sleman,DI Yogyakarta,INITIAL
CAE0000529,CUST00445,2024-01-01,Jl. Merdeka No. 242,Palembang,Sumatera Selatan,INITIAL
CAE0000530,CUST00446,2024-01-01,Jl. Veteran No. 166,Bogor,Jawa Barat,INITIAL
CAE0000531,CUST00446,2026-02-20,Jl. Veteran No. 235,Bandung,Jawa Barat,MOVE
CAE0000532,CUST00446,2026-04-14,Jl. Melati No. 87,Tangerang,Banten,MOVE
CAE0000533,CUST00447,2024-01-01,Jl. Kenanga No. 133,Bantul,DI Yogyakarta,INITIAL
CAE0000534,CUST00448,2024-01-01,Jl. Diponegoro No. 13,Yogyakarta,DI Yogyakarta,INITIAL
CAE0000535,CUST00448,2026-01-30,Jl. Gajah Mada No. 185,Bogor,Jawa Barat,MOVE
CAE0000536,CUST00449,2024-01-01,Jl. Pemuda No. 61,Bogor,Jawa Barat,INITIAL
CAE0000537,CUST00449,2025-11-19,Jl. Melati No. 156,Palembang,Sumatera Selatan,MOVE
CAE0000538,CUST00449,2026-07-02,Jl. Veteran No. 57,Makassar,Sulawesi Selatan,MOVE
CAE0000539,CUST00450,2024-01-01,Jl. Melati No. 87,Tangerang,Banten,INITIAL
CAE0000540,CUST00451,2024-01-01,Jl. Melati No. 59,Medan,Sumatera Utara,INITIAL
CAE0000541,CUST00452,2024-01-01,Jl. Melati No. 179,Surakarta,Jawa Tengah,INITIAL
CAE0000542,CUST00453,2024-01-01,Jl. Melati No. 152,Semarang,Jawa Tengah,INITIAL
CAE0000543,CUST00454,2024-01-01,Jl. Diponegoro No. 172,Balikpapan,Kalimantan Timur,INITIAL
CAE0000544,CUST00454,2025-12-08,Jl. Melati No. 155,Palembang,Sumatera Selatan,MOVE
CAE0000545,CUST00455,2024-01-01,Jl. Melati No. 103,Surakarta,Jawa Tengah,INITIAL
CAE0000546,CUST00455,2026-02-07,Jl. Diponegoro No. 78,Pontianak,Kalimantan Barat,MOVE
CAE0000547,CUST00456,2024-01-01,Jl. Veteran No. 25,Surabaya,Jawa Timur,INITIAL
CAE0000548,CUST00457,2024-01-01,Jl. Pemuda No. 241,Depok,Jawa Barat,INITIAL
CAE0000549,CUST00457,2025-05-11,Jl. Kenanga No. 65,Jakarta,DKI Jakarta,MOVE
CAE0000550,CUST00458,2024-01-01,Jl. Sudirman No. 127,Semarang,Jawa Tengah,INITIAL
CAE0000551,CUST00459,2024-01-01,Jl. Melati No. 243,Samarinda,Kalimantan Timur,INITIAL
CAE0000552,CUST00460,2024-01-01,Jl. Merdeka No. 219,Depok,Jawa Barat,INITIAL
CAE0000553,CUST00460,2026-07-15,Jl. Kenanga No. 38,Bandung,Jawa Barat,MOVE
CAE0000554,CUST00461,2024-01-01,Jl. Gajah Mada No. 116,Yogyakarta,DI Yogyakarta,INITIAL
CAE0000555,CUST00462,2024-01-01,Jl. Merdeka No. 36,Samarinda,Kalimantan Timur,INITIAL
CAE0000556,CUST00463,2024-01-01,Jl. Melati No. 56,Surakarta,Jawa Tengah,INITIAL
CAE0000557,CUST00464,2024-01-01,Jl. Melati No. 131,Makassar,Sulawesi Selatan,INITIAL
CAE0000558,CUST00465,2024-01-01,Jl. Pemuda No. 120,Pontianak,Kalimantan Barat,INITIAL
CAE0000559,CUST00466,2024-01-01,Jl. Veteran No. 175,Jakarta,DKI Jakarta,INITIAL
CAE0000560,CUST00467,2024-01-01,Jl. Sudirman No. 114,Medan,Sumatera Utara,INITIAL
CAE0000561,CUST00467,2025-11-16,Jl. Veteran No. 75,Denpasar,Bali,MOVE
CAE0000562,CUST00468,2024-01-01,Jl. Melati No. 150,Malang,Jawa Timur,INITIAL
CAE0000563,CUST00469,2024-01-01,Jl. Sudirman No. 68,Surakarta,Jawa Tengah,INITIAL
CAE0000564,CUST00470,2024-01-01,Jl. Kenanga No. 230,Tangerang,Banten,INITIAL
CAE0000565,CUST00471,2024-01-01,Jl. Veteran No. 155,Palembang,Sumatera Selatan,INITIAL
CAE0000566,CUST00472,2024-01-01,Jl. Pemuda No. 234,Depok,Jawa Barat,INITIAL
CAE0000567,CUST00473,2024-01-01,Jl. Diponegoro No. 79,Malang,Jawa Timur,INITIAL
CAE0000568,CUST00473,2026-01-24,Jl. Melati No. 53,Bekasi,Jawa Barat,MOVE
CAE0000569,CUST00474,2024-01-01,Jl. Pemuda No. 203,Malang,Jawa Timur,INITIAL
CAE0000570,CUST00474,2026-01-06,Jl. Sudirman No. 34,Denpasar,Bali,MOVE
CAE0000571,CUST00475,2024-01-01,Jl. Veteran No. 228,Makassar,Sulawesi Selatan,INITIAL
CAE0000572,CUST00476,2024-01-01,Jl. Veteran No. 72,Surabaya,Jawa Timur,INITIAL
CAE0000573,CUST00477,2024-01-01,Jl. Melati No. 219,Semarang,Jawa Tengah,INITIAL
CAE0000574,CUST00478,2024-01-01,Jl. Sudirman No. 84,Balikpapan,Kalimantan Timur,INITIAL
CAE0000575,CUST00479,2024-01-01,Jl. Melati No. 77,Malang,Jawa Timur,INITIAL
CAE0000576,CUST00479,2025-10-16,Jl. Merdeka No. 147,Bekasi,Jawa Barat,MOVE
CAE0000577,CUST00480,2024-01-01,Jl. Gajah Mada No. 194,Balikpapan,Kalimantan Timur,INITIAL
CAE0000578,CUST00481,2024-01-01,Jl. Gajah Mada No. 86,Surakarta,Jawa Tengah,INITIAL
CAE0000579,CUST00481,2025-08-22,Jl. Kenanga No. 92,Surabaya,Jawa Timur,MOVE
CAE0000580,CUST00482,2024-01-01,Jl. Pemuda No. 249,Bogor,Jawa Barat,INITIAL
CAE0000581,CUST00482,2026-05-05,Jl. Veteran No. 19,Tangerang,Banten,MOVE
CAE0000582,CUST00483,2024-01-01,Jl. Melati No. 33,Samarinda,Kalimantan Timur,INITIAL
CAE0000583,CUST00484,2024-01-01,Jl. Kenanga No. 168,Bantul,DI Yogyakarta,INITIAL
CAE0000584,CUST00485,2024-01-01,Jl. Diponegoro No. 164,Malang,Jawa Timur,INITIAL
CAE0000585,CUST00486,2024-01-01,Jl. Merdeka No. 197,Yogyakarta,DI Yogyakarta,INITIAL
CAE0000586,CUST00487,2024-01-01,Jl. Sudirman No. 165,Denpasar,Bali,INITIAL
CAE0000587,CUST00488,2024-01-01,Jl. Diponegoro No. 28,Yogyakarta,DI Yogyakarta,INITIAL
CAE0000588,CUST00489,2024-01-01,Jl. Gajah Mada No. 134,Samarinda,Kalimantan Timur,INITIAL
CAE0000589,CUST00490,2024-01-01,Jl. Gajah Mada No. 249,Yogyakarta,DI Yogyakarta,INITIAL
CAE0000590,CUST00491,2024-01-01,Jl. Diponegoro No. 20,Medan,Sumatera Utara,INITIAL
CAE0000591,CUST00492,2024-01-01,Jl. Sudirman No. 61,Depok,Jawa Barat,INITIAL
CAE0000592,CUST00493,2024-01-01,Jl. Melati No. 184,Palembang,Sumatera Selatan,INITIAL
CAE0000593,CUST00494,2024-01-01,Jl. Gajah Mada No. 162,Semarang,Jawa Tengah,INITIAL
CAE0000594,CUST00495,2024-01-01,Jl. Veteran No. 57,Depok,Jawa Barat,INITIAL
CAE0000595,CUST00496,2024-01-01,Jl. Gajah Mada No. 72,Malang,Jawa Timur,INITIAL
CAE0000596,CUST00496,2025-09-17,Jl. Pemuda No. 137,Sleman,DI Yogyakarta,MOVE
CAE0000597,CUST00497,2024-01-01,Jl. Melati No. 34,Semarang,Jawa Tengah,INITIAL
CAE0000598,CUST00498,2024-01-01,Jl. Pemuda No. 19,Surakarta,Jawa Tengah,INITIAL
CAE0000599,CUST00499,2024-01-01,Jl. Sudirman No. 182,Denpasar,Bali,INITIAL
CAE0000600,CUST00500,2024-01-01,Jl. Gajah Mada No. 147,Surabaya,Jawa Timur,INITIAL
CAE0000601,CUST00501,2024-01-01,Jl. Gajah Mada No. 220,Tangerang,Banten,INITIAL
CAE0000602,CUST00501,2025-08-19,Jl. Pemuda No. 5,Pontianak,Kalimantan Barat,MOVE
CAE0000603,CUST00502,2024-01-01,Jl. Merdeka No. 58,Bogor,Jawa Barat,INITIAL
CAE0000604,CUST00503,2024-01-01,Jl. Melati No. 81,Tangerang,Banten,INITIAL
CAE0000605,CUST00504,2024-01-01,Jl. Diponegoro No. 205,Bantul,DI Yogyakarta,INITIAL
CAE0000606,CUST00505,2024-01-01,Jl. Merdeka No. 232,Malang,Jawa Timur,INITIAL
CAE0000607,CUST00506,2024-01-01,Jl. Diponegoro No. 223,Makassar,Sulawesi Selatan,INITIAL
CAE0000608,CUST00507,2024-01-01,Jl. Diponegoro No. 46,Bekasi,Jawa Barat,INITIAL
CAE0000609,CUST00508,2024-01-01,Jl. Diponegoro No. 105,Balikpapan,Kalimantan Timur,INITIAL
CAE0000610,CUST00508,2026-08-02,Jl. Merdeka No. 65,Yogyakarta,DI Yogyakarta,MOVE
CAE0000611,CUST00509,2024-01-01,Jl. Diponegoro No. 96,Depok,Jawa Barat,INITIAL
CAE0000612,CUST00510,2024-01-01,Jl. Gajah Mada No. 237,Tangerang,Banten,INITIAL
CAE0000613,CUST00511,2024-01-01,Jl. Gajah Mada No. 54,Pontianak,Kalimantan Barat,INITIAL
CAE0000614,CUST00512,2024-01-01,Jl. Gajah Mada No. 94,Surakarta,Jawa Tengah,INITIAL
CAE0000615,CUST00512,2025-03-15,Jl. Diponegoro No. 60,Palembang,Sumatera Selatan,MOVE
CAE0000616,CUST00513,2024-01-01,Jl. Sudirman No. 152,Sleman,DI Yogyakarta,INITIAL
CAE0000617,CUST00514,2024-01-01,Jl. Gajah Mada No. 124,Semarang,Jawa Tengah,INITIAL
CAE0000618,CUST00514,2025-08-06,Jl. Gajah Mada No. 187,Palembang,Sumatera Selatan,MOVE
CAE0000619,CUST00515,2024-01-01,Jl. Veteran No. 18,Yogyakarta,DI Yogyakarta,INITIAL
CAE0000620,CUST00516,2024-01-01,Jl. Sudirman No. 25,Depok,Jawa Barat,INITIAL
CAE0000621,CUST00517,2024-01-01,Jl. Diponegoro No. 215,Surabaya,Jawa Timur,INITIAL
CAE0000622,CUST00518,2024-01-01,Jl. Kenanga No. 176,Depok,Jawa Barat,INITIAL
CAE0000623,CUST00519,2024-01-01,Jl. Kenanga No. 199,Malang,Jawa Timur,INITIAL
CAE0000624,CUST00520,2024-01-01,Jl. Melati No. 11,Medan,Sumatera Utara,INITIAL
CAE0000625,CUST00521,2024-01-01,Jl. Veteran No. 23,Bandung,Jawa Barat,INITIAL
CAE0000626,CUST00522,2024-01-01,Jl. Diponegoro No. 44,Palembang,Sumatera Selatan,INITIAL
CAE0000627,CUST00523,2024-01-01,Jl. Veteran No. 1,Depok,Jawa Barat,INITIAL
CAE0000628,CUST00524,2024-01-01,Jl. Sudirman No. 62,Semarang,Jawa Tengah,INITIAL
CAE0000629,CUST00525,2024-01-01,Jl. Veteran No. 124,Pontianak,Kalimantan Barat,INITIAL
CAE0000630,CUST00526,2024-01-01,Jl. Gajah Mada No. 134,Bandung,Jawa Barat,INITIAL
CAE0000631,CUST00527,2024-01-01,Jl. Sudirman No. 48,Depok,Jawa Barat,INITIAL
CAE0000632,CUST00528,2024-01-01,Jl. Pemuda No. 231,Surabaya,Jawa Timur,INITIAL
CAE0000633,CUST00529,2024-01-01,Jl. Pemuda No. 19,Tangerang,Banten,INITIAL
CAE0000634,CUST00530,2024-01-01,Jl. Merdeka No. 157,Surabaya,Jawa Timur,INITIAL
CAE0000635,CUST00531,2024-01-01,Jl. Pemuda No. 200,Malang,Jawa Timur,INITIAL
CAE0000636,CUST00532,2024-01-01,Jl. Sudirman No. 116,Makassar,Sulawesi Selatan,INITIAL
CAE0000637,CUST00533,2024-01-01,Jl. Diponegoro No. 193,Medan,Sumatera Utara,INITIAL
CAE0000638,CUST00534,2024-01-01,Jl. Kenanga No. 15,Makassar,Sulawesi Selatan,INITIAL
CAE0000639,CUST00535,2024-01-01,Jl. Veteran No. 185,Yogyakarta,DI Yogyakarta,INITIAL
CAE0000640,CUST00536,2024-01-01,Jl. Merdeka No. 6,Palembang,Sumatera Selatan,INITIAL
CAE0000641,CUST00536,2026-04-05,Jl. Gajah Mada No. 60,Bekasi,Jawa Barat,MOVE
CAE0000642,CUST00537,2024-01-01,Jl. Veteran No. 86,Sleman,DI Yogyakarta,INITIAL
CAE0000643,CUST00538,2024-01-01,Jl. Kenanga No. 213,Denpasar,Bali,INITIAL
CAE0000644,CUST00539,2024-01-01,Jl. Diponegoro No. 133,Medan,Sumatera Utara,INITIAL
CAE0000645,CUST00539,2025-04-20,Jl. Veteran No. 161,Surakarta,Jawa Tengah,MOVE
CAE0000646,CUST00540,2024-01-01,Jl. Sudirman No. 65,Balikpapan,Kalimantan Timur,INITIAL
CAE0000647,CUST00541,2024-01-01,Jl. Diponegoro No. 204,Tangerang,Banten,INITIAL
CAE0000648,CUST00542,2024-01-01,Jl. Melati No. 2,Surabaya,Jawa Timur,INITIAL
CAE0000649,CUST00543,2024-01-01,Jl. Pemuda No. 160,Balikpapan,Kalimantan Timur,INITIAL
CAE0000650,CUST00544,2024-01-01,Jl. Diponegoro No. 34,Malang,Jawa Timur,INITIAL
CAE0000651,CUST00545,2024-01-01,Jl. Kenanga No. 47,Bekasi,Jawa Barat,INITIAL
CAE0000652,CUST00546,2024-01-01,Jl. Pemuda No. 139,Sleman,DI Yogyakarta,INITIAL
CAE0000653,CUST00547,2024-01-01,Jl. Pemuda No. 16,Palembang,Sumatera Selatan,INITIAL
CAE0000654,CUST00548,2024-01-01,Jl. Kenanga No. 130,Tangerang,Banten,INITIAL
CAE0000655,CUST00549,2024-01-01,Jl. Sudirman No. 130,Bandung,Jawa Barat,INITIAL
CAE0000656,CUST00550,2024-01-01,Jl. Melati No. 23,Bantul,DI Yogyakarta,INITIAL
CAE0000657,CUST00551,2024-01-01,Jl. Pemuda No. 217,Bogor,Jawa Barat,INITIAL
CAE0000658,CUST00552,2024-01-01,Jl. Diponegoro No. 234,Malang,Jawa Timur,INITIAL
CAE0000659,CUST00553,2024-01-01,Jl. Diponegoro No. 127,Denpasar,Bali,INITIAL
CAE0000660,CUST00554,2024-01-01,Jl. Kenanga No. 231,Jakarta,DKI Jakarta,INITIAL
CAE0000661,CUST00555,2024-01-01,Jl. Merdeka No. 69,Bantul,DI Yogyakarta,INITIAL
CAE0000662,CUST00556,2024-01-01,Jl. Gajah Mada No. 81,Balikpapan,Kalimantan Timur,INITIAL
CAE0000663,CUST00557,2024-01-01,Jl. Pemuda No. 6,Surabaya,Jawa Timur,INITIAL
CAE0000664,CUST00558,2024-01-01,Jl. Diponegoro No. 229,Depok,Jawa Barat,INITIAL
CAE0000665,CUST00558,2025-10-20,Jl. Kenanga No. 81,Bantul,DI Yogyakarta,MOVE
CAE0000666,CUST00559,2024-01-01,Jl. Melati No. 225,Malang,Jawa Timur,INITIAL
CAE0000667,CUST00560,2024-01-01,Jl. Diponegoro No. 141,Samarinda,Kalimantan Timur,INITIAL
CAE0000668,CUST00561,2024-01-01,Jl. Melati No. 244,Malang,Jawa Timur,INITIAL
CAE0000669,CUST00562,2024-01-01,Jl. Pemuda No. 80,Yogyakarta,DI Yogyakarta,INITIAL
CAE0000670,CUST00563,2024-01-01,Jl. Kenanga No. 36,Bogor,Jawa Barat,INITIAL
CAE0000671,CUST00564,2024-01-01,Jl. Gajah Mada No. 79,Semarang,Jawa Tengah,INITIAL
CAE0000672,CUST00565,2024-01-01,Jl. Sudirman No. 104,Semarang,Jawa Tengah,INITIAL
CAE0000673,CUST00566,2024-01-01,Jl. Kenanga No. 45,Surakarta,Jawa Tengah,INITIAL
CAE0000674,CUST00567,2024-01-01,Jl. Kenanga No. 126,Bekasi,Jawa Barat,INITIAL
CAE0000675,CUST00568,2024-01-01,Jl. Gajah Mada No. 72,Bantul,DI Yogyakarta,INITIAL
CAE0000676,CUST00569,2024-01-01,Jl. Kenanga No. 81,Pontianak,Kalimantan Barat,INITIAL
CAE0000677,CUST00570,2024-01-01,Jl. Pemuda No. 208,Semarang,Jawa Tengah,INITIAL
CAE0000678,CUST00571,2024-01-01,Jl. Veteran No. 26,Palembang,Sumatera Selatan,INITIAL
CAE0000679,CUST00572,2024-01-01,Jl. Veteran No. 85,Jakarta,DKI Jakarta,INITIAL
CAE0000680,CUST00572,2026-02-15,Jl. Sudirman No. 220,Bandung,Jawa Barat,MOVE
CAE0000681,CUST00573,2024-01-01,Jl. Sudirman No. 86,Medan,Sumatera Utara,INITIAL
CAE0000682,CUST00574,2024-01-01,Jl. Gajah Mada No. 90,Bekasi,Jawa Barat,INITIAL
CAE0000683,CUST00575,2024-01-01,Jl. Diponegoro No. 218,Surakarta,Jawa Tengah,INITIAL
CAE0000684,CUST00576,2024-01-01,Jl. Kenanga No. 158,Semarang,Jawa Tengah,INITIAL
CAE0000685,CUST00577,2024-01-01,Jl. Sudirman No. 47,Samarinda,Kalimantan Timur,INITIAL
CAE0000686,CUST00578,2024-01-01,Jl. Pemuda No. 203,Palembang,Sumatera Selatan,INITIAL
CAE0000687,CUST00579,2024-01-01,Jl. Gajah Mada No. 20,Bogor,Jawa Barat,INITIAL
CAE0000688,CUST00580,2024-01-01,Jl. Kenanga No. 190,Bekasi,Jawa Barat,INITIAL
CAE0000689,CUST00581,2024-01-01,Jl. Kenanga No. 173,Makassar,Sulawesi Selatan,INITIAL
CAE0000690,CUST00582,2024-01-01,Jl. Gajah Mada No. 150,Medan,Sumatera Utara,INITIAL
CAE0000691,CUST00583,2024-01-01,Jl. Kenanga No. 189,Bandung,Jawa Barat,INITIAL
CAE0000692,CUST00584,2024-01-01,Jl. Pemuda No. 239,Bantul,DI Yogyakarta,INITIAL
CAE0000693,CUST00585,2024-01-01,Jl. Diponegoro No. 177,Surakarta,Jawa Tengah,INITIAL
CAE0000694,CUST00585,2026-01-18,Jl. Melati No. 235,Tangerang,Banten,MOVE
CAE0000695,CUST00586,2024-01-01,Jl. Veteran No. 35,Bogor,Jawa Barat,INITIAL
CAE0000696,CUST00587,2024-01-01,Jl. Sudirman No. 233,Yogyakarta,DI Yogyakarta,INITIAL
CAE0000697,CUST00588,2024-01-01,Jl. Diponegoro No. 32,Bogor,Jawa Barat,INITIAL
CAE0000698,CUST00589,2024-01-01,Jl. Sudirman No. 187,Pontianak,Kalimantan Barat,INITIAL
CAE0000699,CUST00590,2024-01-01,Jl. Sudirman No. 240,Balikpapan,Kalimantan Timur,INITIAL
CAE0000700,CUST00591,2024-01-01,Jl. Sudirman No. 101,Balikpapan,Kalimantan Timur,INITIAL
CAE0000701,CUST00592,2024-01-01,Jl. Diponegoro No. 237,Depok,Jawa Barat,INITIAL
CAE0000702,CUST00592,2025-12-03,Jl. Merdeka No. 79,Balikpapan,Kalimantan Timur,MOVE
CAE0000703,CUST00593,2024-01-01,Jl. Kenanga No. 142,Tangerang,Banten,INITIAL
CAE0000704,CUST00593,2025-12-04,Jl. Kenanga No. 97,Malang,Jawa Timur,MOVE
CAE0000705,CUST00594,2024-01-01,Jl. Veteran No. 130,Bekasi,Jawa Barat,INITIAL
CAE0000706,CUST00595,2024-01-01,Jl. Gajah Mada No. 74,Balikpapan,Kalimantan Timur,INITIAL
CAE0000707,CUST00596,2024-01-01,Jl. Diponegoro No. 128,Denpasar,Bali,INITIAL
CAE0000708,CUST00597,2024-01-01,Jl. Pemuda No. 223,Malang,Jawa Timur,INITIAL
CAE0000709,CUST00597,2025-08-23,Jl. Veteran No. 64,Pontianak,Kalimantan Barat,MOVE
CAE0000710,CUST00598,2024-01-01,Jl. Sudirman No. 208,Bantul,DI Yogyakarta,INITIAL
CAE0000711,CUST00598,2026-04-03,Jl. Sudirman No. 115,Sleman,DI Yogyakarta,MOVE
CAE0000712,CUST00598,2026-05-16,Jl. Pemuda No. 152,Surakarta,Jawa Tengah,MOVE
CAE0000713,CUST00599,2024-01-01,Jl. Merdeka No. 84,Denpasar,Bali,INITIAL
CAE0000714,CUST00600,2024-01-01,Jl. Sudirman No. 232,Bekasi,Jawa Barat,INITIAL
CAE0000715,CUST00601,2024-01-01,Jl. Veteran No. 10,Depok,Jawa Barat,INITIAL
CAE0000716,CUST00602,2024-01-01,Jl. Kenanga No. 14,Jakarta,DKI Jakarta,INITIAL
CAE0000717,CUST00603,2024-01-01,Jl. Diponegoro No. 140,Yogyakarta,DI Yogyakarta,INITIAL
CAE0000718,CUST00604,2024-01-01,Jl. Kenanga No. 61,Bantul,DI Yogyakarta,INITIAL
CAE0000719,CUST00605,2024-01-01,Jl. Gajah Mada No. 215,Bantul,DI Yogyakarta,INITIAL
CAE0000720,CUST00606,2024-01-01,Jl. Gajah Mada No. 57,Samarinda,Kalimantan Timur,INITIAL
CAE0000721,CUST00607,2024-01-01,Jl. Diponegoro No. 208,Bandung,Jawa Barat,INITIAL
CAE0000722,CUST00608,2024-01-01,Jl. Kenanga No. 39,Bogor,Jawa Barat,INITIAL
CAE0000723,CUST00609,2024-01-01,Jl. Merdeka No. 31,Jakarta,DKI Jakarta,INITIAL
CAE0000724,CUST00610,2024-01-01,Jl. Gajah Mada No. 228,Medan,Sumatera Utara,INITIAL
CAE0000725,CUST00611,2024-01-01,Jl. Melati No. 222,Jakarta,DKI Jakarta,INITIAL
CAE0000726,CUST00612,2024-01-01,Jl. Kenanga No. 50,Bandung,Jawa Barat,INITIAL
CAE0000727,CUST00613,2024-01-01,Jl. Gajah Mada No. 99,Bogor,Jawa Barat,INITIAL
CAE0000728,CUST00614,2024-01-01,Jl. Kenanga No. 222,Denpasar,Bali,INITIAL
CAE0000729,CUST00615,2024-01-01,Jl. Pemuda No. 59,Jakarta,DKI Jakarta,INITIAL
CAE0000730,CUST00616,2024-01-01,Jl. Gajah Mada No. 28,Yogyakarta,DI Yogyakarta,INITIAL
CAE0000731,CUST00617,2024-01-01,Jl. Veteran No. 133,Bogor,Jawa Barat,INITIAL
CAE0000732,CUST00618,2024-01-01,Jl. Diponegoro No. 177,Sleman,DI Yogyakarta,INITIAL
CAE0000733,CUST00619,2024-01-01,Jl. Pemuda No. 147,Semarang,Jawa Tengah,INITIAL
CAE0000734,CUST00620,2024-01-01,Jl. Diponegoro No. 158,Samarinda,Kalimantan Timur,INITIAL
CAE0000735,CUST00621,2024-01-01,Jl. Diponegoro No. 159,Samarinda,Kalimantan Timur,INITIAL
CAE0000736,CUST00622,2024-01-01,Jl. Merdeka No. 164,Surakarta,Jawa Tengah,INITIAL
CAE0000737,CUST00623,2024-01-01,Jl. Veteran No. 171,Surabaya,Jawa Timur,INITIAL
CAE0000738,CUST00624,2024-01-01,Jl. Gajah Mada No. 114,Semarang,Jawa Tengah,INITIAL
CAE0000739,CUST00625,2024-01-01,Jl. Merdeka No. 14,Medan,Sumatera Utara,INITIAL
CAE0000740,CUST00626,2024-01-01,Jl. Veteran No. 115,Sleman,DI Yogyakarta,INITIAL
CAE0000741,CUST00627,2024-01-01,Jl. Gajah Mada No. 70,Sleman,DI Yogyakarta,INITIAL
CAE0000742,CUST00627,2025-03-12,Jl. Gajah Mada No. 199,Tangerang,Banten,MOVE
CAE0000743,CUST00627,2026-04-06,Jl. Veteran No. 219,Bantul,DI Yogyakarta,MOVE
CAE0000744,CUST00628,2024-01-01,Jl. Diponegoro No. 204,Surabaya,Jawa Timur,INITIAL
CAE0000745,CUST00629,2024-01-01,Jl. Kenanga No. 214,Surabaya,Jawa Timur,INITIAL
CAE0000746,CUST00630,2024-01-01,Jl. Veteran No. 12,Bandung,Jawa Barat,INITIAL
CAE0000747,CUST00630,2025-01-05,Jl. Gajah Mada No. 48,Samarinda,Kalimantan Timur,MOVE
CAE0000748,CUST00630,2025-12-15,Jl. Melati No. 18,Bekasi,Jawa Barat,MOVE
CAE0000749,CUST00631,2024-01-01,Jl. Melati No. 47,Sleman,DI Yogyakarta,INITIAL
CAE0000750,CUST00632,2024-01-01,Jl. Kenanga No. 51,Tangerang,Banten,INITIAL
CAE0000751,CUST00633,2024-01-01,Jl. Merdeka No. 191,Semarang,Jawa Tengah,INITIAL
CAE0000752,CUST00633,2026-09-06,Jl. Diponegoro No. 81,Palembang,Sumatera Selatan,MOVE
CAE0000753,CUST00634,2024-01-01,Jl. Sudirman No. 9,Medan,Sumatera Utara,INITIAL
CAE0000754,CUST00634,2025-07-15,Jl. Merdeka No. 40,Surakarta,Jawa Tengah,MOVE
CAE0000755,CUST00635,2024-01-01,Jl. Merdeka No. 50,Tangerang,Banten,INITIAL
CAE0000756,CUST00636,2024-01-01,Jl. Pemuda No. 49,Balikpapan,Kalimantan Timur,INITIAL
CAE0000757,CUST00637,2024-01-01,Jl. Diponegoro No. 227,Malang,Jawa Timur,INITIAL
CAE0000758,CUST00637,2025-01-08,Jl. Veteran No. 61,Bandung,Jawa Barat,MOVE
CAE0000759,CUST00637,2025-11-02,Jl. Sudirman No. 28,Semarang,Jawa Tengah,MOVE
CAE0000760,CUST00638,2024-01-01,Jl. Sudirman No. 28,Sleman,DI Yogyakarta,INITIAL
CAE0000761,CUST00639,2024-01-01,Jl. Sudirman No. 133,Bekasi,Jawa Barat,INITIAL
CAE0000762,CUST00640,2024-01-01,Jl. Veteran No. 120,Surakarta,Jawa Tengah,INITIAL
CAE0000763,CUST00641,2024-01-01,Jl. Kenanga No. 151,Semarang,Jawa Tengah,INITIAL
CAE0000764,CUST00642,2024-01-01,Jl. Pemuda No. 250,Balikpapan,Kalimantan Timur,INITIAL
CAE0000765,CUST00643,2024-01-01,Jl. Melati No. 107,Makassar,Sulawesi Selatan,INITIAL
CAE0000766,CUST00644,2024-01-01,Jl. Merdeka No. 216,Jakarta,DKI Jakarta,INITIAL
CAE0000767,CUST00644,2026-02-25,Jl. Melati No. 48,Bandung,Jawa Barat,MOVE
CAE0000768,CUST00645,2024-01-01,Jl. Kenanga No. 130,Surabaya,Jawa Timur,INITIAL
CAE0000769,CUST00646,2024-01-01,Jl. Kenanga No. 73,Yogyakarta,DI Yogyakarta,INITIAL
CAE0000770,CUST00646,2026-07-04,Jl. Merdeka No. 86,Medan,Sumatera Utara,MOVE
CAE0000771,CUST00647,2024-01-01,Jl. Pemuda No. 146,Bantul,DI Yogyakarta,INITIAL
CAE0000772,CUST00648,2024-01-01,Jl. Sudirman No. 152,Bekasi,Jawa Barat,INITIAL
CAE0000773,CUST00649,2024-01-01,Jl. Pemuda No. 201,Denpasar,Bali,INITIAL
CAE0000774,CUST00650,2024-01-01,Jl. Pemuda No. 160,Bekasi,Jawa Barat,INITIAL
CAE0000775,CUST00651,2024-01-01,Jl. Diponegoro No. 85,Bogor,Jawa Barat,INITIAL
CAE0000776,CUST00652,2024-01-01,Jl. Kenanga No. 60,Palembang,Sumatera Selatan,INITIAL
CAE0000777,CUST00653,2024-01-01,Jl. Kenanga No. 47,Bandung,Jawa Barat,INITIAL
CAE0000778,CUST00654,2024-01-01,Jl. Veteran No. 109,Yogyakarta,DI Yogyakarta,INITIAL
CAE0000779,CUST00655,2024-01-01,Jl. Gajah Mada No. 56,Balikpapan,Kalimantan Timur,INITIAL
CAE0000780,CUST00656,2024-01-01,Jl. Diponegoro No. 216,Depok,Jawa Barat,INITIAL
CAE0000781,CUST00657,2024-01-01,Jl. Melati No. 176,Bantul,DI Yogyakarta,INITIAL
CAE0000782,CUST00658,2024-01-01,Jl. Pemuda No. 73,Bekasi,Jawa Barat,INITIAL
CAE0000783,CUST00659,2024-01-01,Jl. Gajah Mada No. 167,Yogyakarta,DI Yogyakarta,INITIAL
CAE0000784,CUST00660,2024-01-01,Jl. Gajah Mada No. 69,Tangerang,Banten,INITIAL
CAE0000785,CUST00661,2024-01-01,Jl. Gajah Mada No. 82,Denpasar,Bali,INITIAL
CAE0000786,CUST00662,2024-01-01,Jl. Veteran No. 162,Palembang,Sumatera Selatan,INITIAL
CAE0000787,CUST00663,2024-01-01,Jl. Sudirman No. 129,Pontianak,Kalimantan Barat,INITIAL
CAE0000788,CUST00664,2024-01-01,Jl. Merdeka No. 121,Tangerang,Banten,INITIAL
CAE0000789,CUST00665,2024-01-01,Jl. Diponegoro No. 212,Sleman,DI Yogyakarta,INITIAL
CAE0000790,CUST00666,2024-01-01,Jl. Pemuda No. 66,Yogyakarta,DI Yogyakarta,INITIAL
CAE0000791,CUST00667,2024-01-01,Jl. Pemuda No. 246,Tangerang,Banten,INITIAL
CAE0000792,CUST00668,2024-01-01,Jl. Sudirman No. 14,Yogyakarta,DI Yogyakarta,INITIAL
CAE0000793,CUST00669,2024-01-01,Jl. Kenanga No. 39,Denpasar,Bali,INITIAL
CAE0000794,CUST00670,2024-01-01,Jl. Gajah Mada No. 155,Sleman,DI Yogyakarta,INITIAL
CAE0000795,CUST00671,2024-01-01,Jl. Diponegoro No. 11,Sleman,DI Yogyakarta,INITIAL
CAE0000796,CUST00672,2024-01-01,Jl. Sudirman No. 55,Pontianak,Kalimantan Barat,INITIAL
CAE0000797,CUST00673,2024-01-01,Jl. Veteran No. 204,Bantul,DI Yogyakarta,INITIAL
CAE0000798,CUST00674,2024-01-01,Jl. Diponegoro No. 96,Bandung,Jawa Barat,INITIAL
CAE0000799,CUST00675,2024-01-01,Jl. Sudirman No. 71,Balikpapan,Kalimantan Timur,INITIAL
CAE0000800,CUST00676,2024-01-01,Jl. Melati No. 32,Denpasar,Bali,INITIAL
CAE0000801,CUST00677,2024-01-01,Jl. Pemuda No. 63,Balikpapan,Kalimantan Timur,INITIAL
CAE0000802,CUST00678,2024-01-01,Jl. Pemuda No. 145,Samarinda,Kalimantan Timur,INITIAL
CAE0000803,CUST00679,2024-01-01,Jl. Kenanga No. 53,Tangerang,Banten,INITIAL
CAE0000804,CUST00680,2024-01-01,Jl. Melati No. 79,Tangerang,Banten,INITIAL
CAE0000805,CUST00681,2024-01-01,Jl. Pemuda No. 226,Makassar,Sulawesi Selatan,INITIAL
CAE0000806,CUST00682,2024-01-01,Jl. Merdeka No. 174,Tangerang,Banten,INITIAL
CAE0000807,CUST00682,2025-03-14,Jl. Diponegoro No. 86,Semarang,Jawa Tengah,MOVE
CAE0000808,CUST00682,2025-04-19,Jl. Kenanga No. 248,Balikpapan,Kalimantan Timur,MOVE
CAE0000809,CUST00683,2024-01-01,Jl. Melati No. 239,Samarinda,Kalimantan Timur,INITIAL
CAE0000810,CUST00683,2025-07-28,Jl. Pemuda No. 225,Depok,Jawa Barat,MOVE
CAE0000811,CUST00684,2024-01-01,Jl. Pemuda No. 67,Samarinda,Kalimantan Timur,INITIAL
CAE0000812,CUST00685,2024-01-01,Jl. Melati No. 203,Makassar,Sulawesi Selatan,INITIAL
CAE0000813,CUST00686,2024-01-01,Jl. Melati No. 117,Bandung,Jawa Barat,INITIAL
CAE0000814,CUST00687,2024-01-01,Jl. Pemuda No. 240,Surabaya,Jawa Timur,INITIAL
CAE0000815,CUST00688,2024-01-01,Jl. Diponegoro No. 133,Surakarta,Jawa Tengah,INITIAL
CAE0000816,CUST00688,2026-06-14,Jl. Merdeka No. 174,Semarang,Jawa Tengah,MOVE
CAE0000817,CUST00689,2024-01-01,Jl. Melati No. 63,Pontianak,Kalimantan Barat,INITIAL
CAE0000818,CUST00690,2024-01-01,Jl. Sudirman No. 128,Denpasar,Bali,INITIAL
CAE0000819,CUST00691,2024-01-01,Jl. Merdeka No. 144,Bekasi,Jawa Barat,INITIAL
CAE0000820,CUST00692,2024-01-01,Jl. Diponegoro No. 161,Surabaya,Jawa Timur,INITIAL
CAE0000821,CUST00693,2024-01-01,Jl. Pemuda No. 60,Samarinda,Kalimantan Timur,INITIAL
CAE0000822,CUST00694,2024-01-01,Jl. Merdeka No. 75,Semarang,Jawa Tengah,INITIAL
CAE0000823,CUST00695,2024-01-01,Jl. Kenanga No. 38,Semarang,Jawa Tengah,INITIAL
CAE0000824,CUST00696,2024-01-01,Jl. Veteran No. 221,Sleman,DI Yogyakarta,INITIAL
CAE0000825,CUST00696,2025-05-04,Jl. Kenanga No. 164,Surakarta,Jawa Tengah,MOVE
CAE0000826,CUST00696,2025-11-20,Jl. Pemuda No. 112,Malang,Jawa Timur,MOVE
CAE0000827,CUST00697,2024-01-01,Jl. Gajah Mada No. 12,Semarang,Jawa Tengah,INITIAL
CAE0000828,CUST00698,2024-01-01,Jl. Sudirman No. 219,Jakarta,DKI Jakarta,INITIAL
CAE0000829,CUST00699,2024-01-01,Jl. Merdeka No. 223,Surabaya,Jawa Timur,INITIAL
CAE0000830,CUST00700,2024-01-01,Jl. Kenanga No. 48,Denpasar,Bali,INITIAL
CAE0000831,CUST00701,2024-01-01,Jl. Kenanga No. 131,Tangerang,Banten,INITIAL
CAE0000832,CUST00702,2024-01-01,Jl. Pemuda No. 10,Jakarta,DKI Jakarta,INITIAL
CAE0000833,CUST00703,2024-01-01,Jl. Gajah Mada No. 196,Surakarta,Jawa Tengah,INITIAL
CAE0000834,CUST00704,2024-01-01,Jl. Kenanga No. 197,Jakarta,DKI Jakarta,INITIAL
CAE0000835,CUST00705,2024-01-01,Jl. Gajah Mada No. 1,Malang,Jawa Timur,INITIAL
CAE0000836,CUST00706,2024-01-01,Jl. Sudirman No. 75,Surabaya,Jawa Timur,INITIAL
CAE0000837,CUST00706,2025-05-15,Jl. Kenanga No. 158,Tangerang,Banten,MOVE
CAE0000838,CUST00706,2026-03-22,Jl. Kenanga No. 16,Makassar,Sulawesi Selatan,MOVE
CAE0000839,CUST00707,2024-01-01,Jl. Gajah Mada No. 21,Sleman,DI Yogyakarta,INITIAL
CAE0000840,CUST00707,2025-06-14,Jl. Kenanga No. 210,Bogor,Jawa Barat,MOVE
CAE0000841,CUST00708,2024-01-01,Jl. Diponegoro No. 209,Makassar,Sulawesi Selatan,INITIAL
CAE0000842,CUST00709,2024-01-01,Jl. Diponegoro No. 150,Sleman,DI Yogyakarta,INITIAL
CAE0000843,CUST00710,2024-01-01,Jl. Veteran No. 40,Yogyakarta,DI Yogyakarta,INITIAL
CAE0000844,CUST00711,2024-01-01,Jl. Diponegoro No. 224,Yogyakarta,DI Yogyakarta,INITIAL
CAE0000845,CUST00712,2024-01-01,Jl. Merdeka No. 71,Pontianak,Kalimantan Barat,INITIAL
CAE0000846,CUST00713,2024-01-01,Jl. Gajah Mada No. 187,Bekasi,Jawa Barat,INITIAL
CAE0000847,CUST00714,2024-01-01,Jl. Diponegoro No. 3,Sleman,DI Yogyakarta,INITIAL
CAE0000848,CUST00715,2024-01-01,Jl. Veteran No. 242,Sleman,DI Yogyakarta,INITIAL
CAE0000849,CUST00716,2024-01-01,Jl. Pemuda No. 143,Sleman,DI Yogyakarta,INITIAL
CAE0000850,CUST00717,2024-01-01,Jl. Sudirman No. 173,Balikpapan,Kalimantan Timur,INITIAL
CAE0000851,CUST00717,2025-09-08,Jl. Gajah Mada No. 232,Bantul,DI Yogyakarta,MOVE
CAE0000852,CUST00717,2026-06-01,Jl. Merdeka No. 7,Semarang,Jawa Tengah,MOVE
CAE0000853,CUST00718,2024-01-01,Jl. Sudirman No. 19,Balikpapan,Kalimantan Timur,INITIAL
CAE0000854,CUST00719,2024-01-01,Jl. Sudirman No. 4,Denpasar,Bali,INITIAL
CAE0000855,CUST00720,2024-01-01,Jl. Gajah Mada No. 15,Palembang,Sumatera Selatan,INITIAL
CAE0000856,CUST00721,2024-01-01,Jl. Gajah Mada No. 95,Bogor,Jawa Barat,INITIAL
CAE0000857,CUST00722,2024-01-01,Jl. Veteran No. 178,Bandung,Jawa Barat,INITIAL
CAE0000858,CUST00722,2025-04-30,Jl. Merdeka No. 140,Bogor,Jawa Barat,MOVE
CAE0000859,CUST00723,2024-01-01,Jl. Kenanga No. 113,Sleman,DI Yogyakarta,INITIAL
CAE0000860,CUST00724,2024-01-01,Jl. Melati No. 174,Semarang,Jawa Tengah,INITIAL
CAE0000861,CUST00725,2024-01-01,Jl. Pemuda No. 75,Bogor,Jawa Barat,INITIAL
CAE0000862,CUST00725,2026-06-11,Jl. Diponegoro No. 63,Bantul,DI Yogyakarta,MOVE
CAE0000863,CUST00726,2024-01-01,Jl. Merdeka No. 112,Bandung,Jawa Barat,INITIAL
CAE0000864,CUST00727,2024-01-01,Jl. Veteran No. 54,Palembang,Sumatera Selatan,INITIAL
CAE0000865,CUST00728,2024-01-01,Jl. Diponegoro No. 126,Bekasi,Jawa Barat,INITIAL
CAE0000866,CUST00729,2024-01-01,Jl. Sudirman No. 94,Depok,Jawa Barat,INITIAL
CAE0000867,CUST00730,2024-01-01,Jl. Gajah Mada No. 227,Makassar,Sulawesi Selatan,INITIAL
CAE0000868,CUST00730,2025-12-14,Jl. Kenanga No. 222,Jakarta,DKI Jakarta,MOVE
CAE0000869,CUST00731,2024-01-01,Jl. Merdeka No. 176,Tangerang,Banten,INITIAL
CAE0000870,CUST00732,2024-01-01,Jl. Gajah Mada No. 194,Bandung,Jawa Barat,INITIAL
CAE0000871,CUST00733,2024-01-01,Jl. Kenanga No. 164,Denpasar,Bali,INITIAL
CAE0000872,CUST00733,2025-01-14,Jl. Pemuda No. 20,Depok,Jawa Barat,MOVE
CAE0000873,CUST00734,2024-01-01,Jl. Veteran No. 223,Pontianak,Kalimantan Barat,INITIAL
CAE0000874,CUST00735,2024-01-01,Jl. Kenanga No. 130,Tangerang,Banten,INITIAL
CAE0000875,CUST00736,2024-01-01,Jl. Veteran No. 135,Jakarta,DKI Jakarta,INITIAL
CAE0000876,CUST00736,2025-02-14,Jl. Veteran No. 59,Palembang,Sumatera Selatan,MOVE
CAE0000877,CUST00737,2024-01-01,Jl. Pemuda No. 208,Makassar,Sulawesi Selatan,INITIAL
CAE0000878,CUST00738,2024-01-01,Jl. Merdeka No. 81,Depok,Jawa Barat,INITIAL
CAE0000879,CUST00739,2024-01-01,Jl. Diponegoro No. 161,Semarang,Jawa Tengah,INITIAL
CAE0000880,CUST00740,2024-01-01,Jl. Diponegoro No. 229,Medan,Sumatera Utara,INITIAL
CAE0000881,CUST00741,2024-01-01,Jl. Diponegoro No. 194,Medan,Sumatera Utara,INITIAL
CAE0000882,CUST00742,2024-01-01,Jl. Sudirman No. 53,Bandung,Jawa Barat,INITIAL
CAE0000883,CUST00743,2024-01-01,Jl. Diponegoro No. 82,Pontianak,Kalimantan Barat,INITIAL
CAE0000884,CUST00743,2025-12-29,Jl. Pemuda No. 58,Denpasar,Bali,MOVE
CAE0000885,CUST00744,2024-01-01,Jl. Kenanga No. 145,Yogyakarta,DI Yogyakarta,INITIAL
CAE0000886,CUST00745,2024-01-01,Jl. Gajah Mada No. 9,Depok,Jawa Barat,INITIAL
CAE0000887,CUST00746,2024-01-01,Jl. Merdeka No. 204,Bekasi,Jawa Barat,INITIAL
CAE0000888,CUST00747,2024-01-01,Jl. Kenanga No. 26,Surabaya,Jawa Timur,INITIAL
CAE0000889,CUST00748,2024-01-01,Jl. Veteran No. 193,Semarang,Jawa Tengah,INITIAL
CAE0000890,CUST00749,2024-01-01,Jl. Veteran No. 246,Bantul,DI Yogyakarta,INITIAL
CAE0000891,CUST00750,2024-01-01,Jl. Pemuda No. 33,Samarinda,Kalimantan Timur,INITIAL
CAE0000892,CUST00751,2024-01-01,Jl. Merdeka No. 120,Denpasar,Bali,INITIAL
CAE0000893,CUST00752,2024-01-01,Jl. Veteran No. 238,Pontianak,Kalimantan Barat,INITIAL
CAE0000894,CUST00753,2024-01-01,Jl. Gajah Mada No. 188,Yogyakarta,DI Yogyakarta,INITIAL
CAE0000895,CUST00754,2024-01-01,Jl. Pemuda No. 186,Samarinda,Kalimantan Timur,INITIAL
CAE0000896,CUST00755,2024-01-01,Jl. Diponegoro No. 17,Semarang,Jawa Tengah,INITIAL
CAE0000897,CUST00755,2025-12-06,Jl. Veteran No. 25,Makassar,Sulawesi Selatan,MOVE
CAE0000898,CUST00756,2024-01-01,Jl. Gajah Mada No. 214,Semarang,Jawa Tengah,INITIAL
CAE0000899,CUST00757,2024-01-01,Jl. Sudirman No. 37,Semarang,Jawa Tengah,INITIAL
CAE0000900,CUST00758,2024-01-01,Jl. Veteran No. 25,Tangerang,Banten,INITIAL
CAE0000901,CUST00759,2024-01-01,Jl. Sudirman No. 79,Semarang,Jawa Tengah,INITIAL
CAE0000902,CUST00759,2026-09-04,Jl. Veteran No. 5,Bekasi,Jawa Barat,MOVE
CAE0000903,CUST00760,2024-01-01,Jl. Gajah Mada No. 248,Samarinda,Kalimantan Timur,INITIAL
CAE0000904,CUST00761,2024-01-01,Jl. Veteran No. 2,Bandung,Jawa Barat,INITIAL
CAE0000905,CUST00762,2024-01-01,Jl. Diponegoro No. 74,Bekasi,Jawa Barat,INITIAL
CAE0000906,CUST00762,2025-05-27,Jl. Sudirman No. 181,Balikpapan,Kalimantan Timur,MOVE
CAE0000907,CUST00763,2024-01-01,Jl. Kenanga No. 233,Bandung,Jawa Barat,INITIAL
CAE0000908,CUST00764,2024-01-01,Jl. Sudirman No. 151,Jakarta,DKI Jakarta,INITIAL
CAE0000909,CUST00765,2024-01-01,Jl. Gajah Mada No. 168,Pontianak,Kalimantan Barat,INITIAL
CAE0000910,CUST00765,2025-04-30,Jl. Gajah Mada No. 239,Balikpapan,Kalimantan Timur,MOVE
CAE0000911,CUST00766,2024-01-01,Jl. Diponegoro No. 111,Pontianak,Kalimantan Barat,INITIAL
CAE0000912,CUST00766,2026-03-17,Jl. Gajah Mada No. 237,Bandung,Jawa Barat,MOVE
CAE0000913,CUST00767,2024-01-01,Jl. Melati No. 80,Bekasi,Jawa Barat,INITIAL
CAE0000914,CUST00768,2024-01-01,Jl. Merdeka No. 193,Tangerang,Banten,INITIAL
CAE0000915,CUST00768,2025-08-16,Jl. Pemuda No. 175,Makassar,Sulawesi Selatan,MOVE
CAE0000916,CUST00769,2024-01-01,Jl. Merdeka No. 32,Depok,Jawa Barat,INITIAL
CAE0000917,CUST00770,2024-01-01,Jl. Veteran No. 89,Bekasi,Jawa Barat,INITIAL
CAE0000918,CUST00771,2024-01-01,Jl. Pemuda No. 206,Tangerang,Banten,INITIAL
CAE0000919,CUST00771,2026-02-03,Jl. Pemuda No. 180,Depok,Jawa Barat,MOVE
CAE0000920,CUST00772,2024-01-01,Jl. Veteran No. 114,Tangerang,Banten,INITIAL
CAE0000921,CUST00772,2026-04-07,Jl. Kenanga No. 89,Balikpapan,Kalimantan Timur,MOVE
CAE0000922,CUST00772,2026-09-17,Jl. Gajah Mada No. 139,Sleman,DI Yogyakarta,MOVE
CAE0000923,CUST00773,2024-01-01,Jl. Sudirman No. 98,Yogyakarta,DI Yogyakarta,INITIAL
CAE0000924,CUST00774,2024-01-01,Jl. Sudirman No. 40,Pontianak,Kalimantan Barat,INITIAL
CAE0000925,CUST00775,2024-01-01,Jl. Melati No. 234,Bantul,DI Yogyakarta,INITIAL
CAE0000926,CUST00776,2024-01-01,Jl. Kenanga No. 10,Depok,Jawa Barat,INITIAL
CAE0000927,CUST00777,2024-01-01,Jl. Merdeka No. 131,Bogor,Jawa Barat,INITIAL
CAE0000928,CUST00778,2024-01-01,Jl. Pemuda No. 13,Tangerang,Banten,INITIAL
CAE0000929,CUST00778,2025-06-13,Jl. Merdeka No. 124,Semarang,Jawa Tengah,MOVE
CAE0000930,CUST00779,2024-01-01,Jl. Kenanga No. 224,Bekasi,Jawa Barat,INITIAL
CAE0000931,CUST00780,2024-01-01,Jl. Gajah Mada No. 103,Samarinda,Kalimantan Timur,INITIAL
CAE0000932,CUST00781,2024-01-01,Jl. Pemuda No. 84,Bekasi,Jawa Barat,INITIAL
CAE0000933,CUST00782,2024-01-01,Jl. Sudirman No. 39,Bogor,Jawa Barat,INITIAL
CAE0000934,CUST00783,2024-01-01,Jl. Merdeka No. 128,Jakarta,DKI Jakarta,INITIAL
CAE0000935,CUST00784,2024-01-01,Jl. Merdeka No. 66,Bogor,Jawa Barat,INITIAL
CAE0000936,CUST00784,2025-12-24,Jl. Gajah Mada No. 17,Surakarta,Jawa Tengah,MOVE
CAE0000937,CUST00785,2024-01-01,Jl. Melati No. 239,Surakarta,Jawa Tengah,INITIAL
CAE0000938,CUST00786,2024-01-01,Jl. Veteran No. 109,Surakarta,Jawa Tengah,INITIAL
CAE0000939,CUST00787,2024-01-01,Jl. Veteran No. 101,Depok,Jawa Barat,INITIAL
CAE0000940,CUST00788,2024-01-01,Jl. Gajah Mada No. 84,Palembang,Sumatera Selatan,INITIAL
CAE0000941,CUST00788,2025-04-19,Jl. Sudirman No. 199,Bantul,DI Yogyakarta,MOVE
CAE0000942,CUST00789,2024-01-01,Jl. Pemuda No. 68,Bekasi,Jawa Barat,INITIAL
CAE0000943,CUST00789,2025-06-24,Jl. Merdeka No. 139,Jakarta,DKI Jakarta,MOVE
CAE0000944,CUST00790,2024-01-01,Jl. Sudirman No. 171,Malang,Jawa Timur,INITIAL
CAE0000945,CUST00791,2024-01-01,Jl. Gajah Mada No. 42,Malang,Jawa Timur,INITIAL
CAE0000946,CUST00792,2024-01-01,Jl. Kenanga No. 109,Depok,Jawa Barat,INITIAL
CAE0000947,CUST00793,2024-01-01,Jl. Merdeka No. 86,Bogor,Jawa Barat,INITIAL
CAE0000948,CUST00794,2024-01-01,Jl. Kenanga No. 86,Medan,Sumatera Utara,INITIAL
CAE0000949,CUST00795,2024-01-01,Jl. Pemuda No. 162,Bandung,Jawa Barat,INITIAL
CAE0000950,CUST00796,2024-01-01,Jl. Kenanga No. 117,Yogyakarta,DI Yogyakarta,INITIAL
CAE0000951,CUST00796,2025-09-08,Jl. Merdeka No. 58,Depok,Jawa Barat,MOVE
CAE0000952,CUST00797,2024-01-01,Jl. Melati No. 92,Samarinda,Kalimantan Timur,INITIAL
CAE0000953,CUST00798,2024-01-01,Jl. Gajah Mada No. 217,Surakarta,Jawa Tengah,INITIAL
CAE0000954,CUST00799,2024-01-01,Jl. Veteran No. 54,Palembang,Sumatera Selatan,INITIAL
CAE0000955,CUST00800,2024-01-01,Jl. Veteran No. 72,Semarang,Jawa Tengah,INITIAL
CAE0000956,CUST00800,2026-04-27,Jl. Gajah Mada No. 178,Surabaya,Jawa Timur,MOVE
CAE0000957,CUST00801,2024-01-01,Jl. Kenanga No. 230,Bekasi,Jawa Barat,INITIAL
CAE0000958,CUST00802,2024-01-01,Jl. Sudirman No. 219,Surabaya,Jawa Timur,INITIAL
CAE0000959,CUST00803,2024-01-01,Jl. Melati No. 193,Bogor,Jawa Barat,INITIAL
CAE0000960,CUST00804,2024-01-01,Jl. Melati No. 27,Makassar,Sulawesi Selatan,INITIAL
CAE0000961,CUST00804,2026-05-20,Jl. Diponegoro No. 13,Tangerang,Banten,MOVE
CAE0000962,CUST00805,2024-01-01,Jl. Kenanga No. 1,Bekasi,Jawa Barat,INITIAL
CAE0000963,CUST00806,2024-01-01,Jl. Diponegoro No. 140,Balikpapan,Kalimantan Timur,INITIAL
CAE0000964,CUST00807,2024-01-01,Jl. Merdeka No. 237,Makassar,Sulawesi Selatan,INITIAL
CAE0000965,CUST00808,2024-01-01,Jl. Veteran No. 242,Samarinda,Kalimantan Timur,INITIAL
CAE0000966,CUST00809,2024-01-01,Jl. Melati No. 18,Sleman,DI Yogyakarta,INITIAL
CAE0000967,CUST00810,2024-01-01,Jl. Melati No. 15,Yogyakarta,DI Yogyakarta,INITIAL
CAE0000968,CUST00810,2025-08-24,Jl. Pemuda No. 152,Sleman,DI Yogyakarta,MOVE
CAE0000969,CUST00810,2026-09-05,Jl. Gajah Mada No. 36,Bekasi,Jawa Barat,MOVE
CAE0000970,CUST00811,2024-01-01,Jl. Kenanga No. 228,Malang,Jawa Timur,INITIAL
CAE0000971,CUST00812,2024-01-01,Jl. Merdeka No. 87,Pontianak,Kalimantan Barat,INITIAL
CAE0000972,CUST00812,2025-04-12,Jl. Melati No. 196,Malang,Jawa Timur,MOVE
CAE0000973,CUST00813,2024-01-01,Jl. Sudirman No. 123,Samarinda,Kalimantan Timur,INITIAL
CAE0000974,CUST00814,2024-01-01,Jl. Sudirman No. 18,Balikpapan,Kalimantan Timur,INITIAL
CAE0000975,CUST00815,2024-01-01,Jl. Pemuda No. 42,Bantul,DI Yogyakarta,INITIAL
CAE0000976,CUST00815,2025-11-18,Jl. Merdeka No. 141,Makassar,Sulawesi Selatan,MOVE
CAE0000977,CUST00815,2026-06-21,Jl. Gajah Mada No. 119,Samarinda,Kalimantan Timur,MOVE
CAE0000978,CUST00816,2024-01-01,Jl. Pemuda No. 227,Bogor,Jawa Barat,INITIAL
CAE0000979,CUST00817,2024-01-01,Jl. Pemuda No. 229,Depok,Jawa Barat,INITIAL
CAE0000980,CUST00818,2024-01-01,Jl. Sudirman No. 212,Balikpapan,Kalimantan Timur,INITIAL
CAE0000981,CUST00819,2024-01-01,Jl. Kenanga No. 110,Tangerang,Banten,INITIAL
CAE0000982,CUST00820,2024-01-01,Jl. Gajah Mada No. 23,Yogyakarta,DI Yogyakarta,INITIAL
CAE0000983,CUST00821,2024-01-01,Jl. Merdeka No. 96,Surakarta,Jawa Tengah,INITIAL
CAE0000984,CUST00822,2024-01-01,Jl. Sudirman No. 59,Makassar,Sulawesi Selatan,INITIAL
CAE0000985,CUST00822,2025-12-18,Jl. Diponegoro No. 192,Malang,Jawa Timur,MOVE
CAE0000986,CUST00823,2024-01-01,Jl. Diponegoro No. 209,Denpasar,Bali,INITIAL
CAE0000987,CUST00824,2024-01-01,Jl. Kenanga No. 245,Jakarta,DKI Jakarta,INITIAL
CAE0000988,CUST00825,2024-01-01,Jl. Veteran No. 32,Depok,Jawa Barat,INITIAL
CAE0000989,CUST00826,2024-01-01,Jl. Pemuda No. 14,Yogyakarta,DI Yogyakarta,INITIAL
CAE0000990,CUST00827,2024-01-01,Jl. Kenanga No. 106,Samarinda,Kalimantan Timur,INITIAL
CAE0000991,CUST00828,2024-01-01,Jl. Diponegoro No. 85,Jakarta,DKI Jakarta,INITIAL
CAE0000992,CUST00829,2024-01-01,Jl. Kenanga No. 8,Palembang,Sumatera Selatan,INITIAL
CAE0000993,CUST00829,2026-09-21,Jl. Sudirman No. 221,Bekasi,Jawa Barat,MOVE
CAE0000994,CUST00830,2024-01-01,Jl. Diponegoro No. 70,Denpasar,Bali,INITIAL
CAE0000995,CUST00831,2024-01-01,Jl. Pemuda No. 62,Bekasi,Jawa Barat,INITIAL
CAE0000996,CUST00832,2024-01-01,Jl. Veteran No. 163,Yogyakarta,DI Yogyakarta,INITIAL
CAE0000997,CUST00833,2024-01-01,Jl. Sudirman No. 156,Pontianak,Kalimantan Barat,INITIAL
CAE0000998,CUST00834,2024-01-01,Jl. Gajah Mada No. 159,Bekasi,Jawa Barat,INITIAL
CAE0000999,CUST00835,2024-01-01,Jl. Melati No. 73,Bandung,Jawa Barat,INITIAL
CAE0001000,CUST00836,2024-01-01,Jl. Gajah Mada No. 128,Malang,Jawa Timur,INITIAL
CAE0001001,CUST00837,2024-01-01,Jl. Merdeka No. 146,Yogyakarta,DI Yogyakarta,INITIAL
CAE0001002,CUST00838,2024-01-01,Jl. Diponegoro No. 238,Depok,Jawa Barat,INITIAL
CAE0001003,CUST00839,2024-01-01,Jl. Merdeka No. 13,Makassar,Sulawesi Selatan,INITIAL
CAE0001004,CUST00840,2024-01-01,Jl. Melati No. 32,Pontianak,Kalimantan Barat,INITIAL
CAE0001005,CUST00840,2026-05-04,Jl. Kenanga No. 44,Medan,Sumatera Utara,MOVE
CAE0001006,CUST00840,2026-05-26,Jl. Pemuda No. 169,Sleman,DI Yogyakarta,MOVE
CAE0001007,CUST00841,2024-01-01,Jl. Melati No. 111,Balikpapan,Kalimantan Timur,INITIAL
CAE0001008,CUST00842,2024-01-01,Jl. Veteran No. 74,Balikpapan,Kalimantan Timur,INITIAL
CAE0001009,CUST00843,2024-01-01,Jl. Melati No. 171,Balikpapan,Kalimantan Timur,INITIAL
CAE0001010,CUST00844,2024-01-01,Jl. Pemuda No. 164,Depok,Jawa Barat,INITIAL
CAE0001011,CUST00845,2024-01-01,Jl. Pemuda No. 207,Bogor,Jawa Barat,INITIAL
CAE0001012,CUST00846,2024-01-01,Jl. Pemuda No. 226,Bantul,DI Yogyakarta,INITIAL
CAE0001013,CUST00847,2024-01-01,Jl. Diponegoro No. 172,Bogor,Jawa Barat,INITIAL
CAE0001014,CUST00848,2024-01-01,Jl. Gajah Mada No. 250,Malang,Jawa Timur,INITIAL
CAE0001015,CUST00849,2024-01-01,Jl. Kenanga No. 67,Pontianak,Kalimantan Barat,INITIAL
CAE0001016,CUST00850,2024-01-01,Jl. Sudirman No. 178,Sleman,DI Yogyakarta,INITIAL
CAE0001017,CUST00850,2026-02-28,Jl. Veteran No. 49,Bantul,DI Yogyakarta,MOVE
CAE0001018,CUST00851,2024-01-01,Jl. Sudirman No. 110,Bantul,DI Yogyakarta,INITIAL
CAE0001019,CUST00851,2025-12-16,Jl. Diponegoro No. 163,Makassar,Sulawesi Selatan,MOVE
CAE0001020,CUST00851,2026-06-01,Jl. Pemuda No. 231,Depok,Jawa Barat,MOVE
CAE0001021,CUST00852,2024-01-01,Jl. Melati No. 172,Pontianak,Kalimantan Barat,INITIAL
CAE0001022,CUST00853,2024-01-01,Jl. Kenanga No. 167,Bekasi,Jawa Barat,INITIAL
CAE0001023,CUST00854,2024-01-01,Jl. Gajah Mada No. 92,Semarang,Jawa Tengah,INITIAL
CAE0001024,CUST00854,2025-12-24,Jl. Gajah Mada No. 154,Yogyakarta,DI Yogyakarta,MOVE
CAE0001025,CUST00855,2024-01-01,Jl. Diponegoro No. 232,Yogyakarta,DI Yogyakarta,INITIAL
CAE0001026,CUST00856,2024-01-01,Jl. Sudirman No. 56,Tangerang,Banten,INITIAL
CAE0001027,CUST00857,2024-01-01,Jl. Diponegoro No. 73,Yogyakarta,DI Yogyakarta,INITIAL
CAE0001028,CUST00858,2024-01-01,Jl. Melati No. 30,Makassar,Sulawesi Selatan,INITIAL
CAE0001029,CUST00859,2024-01-01,Jl. Sudirman No. 177,Semarang,Jawa Tengah,INITIAL
CAE0001030,CUST00860,2024-01-01,Jl. Sudirman No. 15,Bantul,DI Yogyakarta,INITIAL
CAE0001031,CUST00861,2024-01-01,Jl. Sudirman No. 221,Tangerang,Banten,INITIAL
CAE0001032,CUST00862,2024-01-01,Jl. Kenanga No. 48,Denpasar,Bali,INITIAL
CAE0001033,CUST00863,2024-01-01,Jl. Gajah Mada No. 185,Tangerang,Banten,INITIAL
CAE0001034,CUST00864,2024-01-01,Jl. Kenanga No. 22,Palembang,Sumatera Selatan,INITIAL
CAE0001035,CUST00865,2024-01-01,Jl. Diponegoro No. 102,Tangerang,Banten,INITIAL
CAE0001036,CUST00866,2024-01-01,Jl. Pemuda No. 114,Tangerang,Banten,INITIAL
CAE0001037,CUST00867,2024-01-01,Jl. Veteran No. 34,Bogor,Jawa Barat,INITIAL
CAE0001038,CUST00868,2024-01-01,Jl. Pemuda No. 249,Medan,Sumatera Utara,INITIAL
CAE0001039,CUST00869,2024-01-01,Jl. Kenanga No. 67,Balikpapan,Kalimantan Timur,INITIAL
CAE0001040,CUST00870,2024-01-01,Jl. Melati No. 234,Bantul,DI Yogyakarta,INITIAL
CAE0001041,CUST00871,2024-01-01,Jl. Sudirman No. 55,Medan,Sumatera Utara,INITIAL
CAE0001042,CUST00872,2024-01-01,Jl. Sudirman No. 70,Semarang,Jawa Tengah,INITIAL
CAE0001043,CUST00873,2024-01-01,Jl. Merdeka No. 215,Bogor,Jawa Barat,INITIAL
CAE0001044,CUST00874,2024-01-01,Jl. Melati No. 14,Bekasi,Jawa Barat,INITIAL
CAE0001045,CUST00875,2024-01-01,Jl. Kenanga No. 5,Pontianak,Kalimantan Barat,INITIAL
CAE0001046,CUST00876,2024-01-01,Jl. Diponegoro No. 59,Denpasar,Bali,INITIAL
CAE0001047,CUST00877,2024-01-01,Jl. Kenanga No. 194,Jakarta,DKI Jakarta,INITIAL
CAE0001048,CUST00878,2024-01-01,Jl. Veteran No. 236,Depok,Jawa Barat,INITIAL
CAE0001049,CUST00878,2025-12-21,Jl. Veteran No. 172,Yogyakarta,DI Yogyakarta,MOVE
CAE0001050,CUST00879,2024-01-01,Jl. Kenanga No. 219,Bantul,DI Yogyakarta,INITIAL
CAE0001051,CUST00880,2024-01-01,Jl. Pemuda No. 222,Bogor,Jawa Barat,INITIAL
CAE0001052,CUST00881,2024-01-01,Jl. Gajah Mada No. 28,Makassar,Sulawesi Selatan,INITIAL
CAE0001053,CUST00882,2024-01-01,Jl. Gajah Mada No. 138,Denpasar,Bali,INITIAL
CAE0001054,CUST00883,2024-01-01,Jl. Kenanga No. 139,Medan,Sumatera Utara,INITIAL
CAE0001055,CUST00884,2024-01-01,Jl. Sudirman No. 236,Tangerang,Banten,INITIAL
CAE0001056,CUST00885,2024-01-01,Jl. Kenanga No. 233,Surabaya,Jawa Timur,INITIAL
CAE0001057,CUST00886,2024-01-01,Jl. Kenanga No. 166,Pontianak,Kalimantan Barat,INITIAL
CAE0001058,CUST00886,2025-11-08,Jl. Melati No. 184,Palembang,Sumatera Selatan,MOVE
CAE0001059,CUST00887,2024-01-01,Jl. Pemuda No. 204,Palembang,Sumatera Selatan,INITIAL
CAE0001060,CUST00888,2024-01-01,Jl. Melati No. 98,Sleman,DI Yogyakarta,INITIAL
CAE0001061,CUST00889,2024-01-01,Jl. Pemuda No. 247,Jakarta,DKI Jakarta,INITIAL
CAE0001062,CUST00889,2026-07-13,Jl. Gajah Mada No. 189,Malang,Jawa Timur,MOVE
CAE0001063,CUST00890,2024-01-01,Jl. Sudirman No. 41,Medan,Sumatera Utara,INITIAL
CAE0001064,CUST00891,2024-01-01,Jl. Veteran No. 160,Bandung,Jawa Barat,INITIAL
CAE0001065,CUST00892,2024-01-01,Jl. Gajah Mada No. 36,Jakarta,DKI Jakarta,INITIAL
CAE0001066,CUST00893,2024-01-01,Jl. Kenanga No. 64,Surabaya,Jawa Timur,INITIAL
CAE0001067,CUST00894,2024-01-01,Jl. Gajah Mada No. 128,Surabaya,Jawa Timur,INITIAL
CAE0001068,CUST00895,2024-01-01,Jl. Diponegoro No. 115,Sleman,DI Yogyakarta,INITIAL
CAE0001069,CUST00895,2025-12-23,Jl. Kenanga No. 158,Medan,Sumatera Utara,MOVE
CAE0001070,CUST00895,2026-02-17,Jl. Diponegoro No. 40,Pontianak,Kalimantan Barat,MOVE
CAE0001071,CUST00896,2024-01-01,Jl. Gajah Mada No. 29,Bogor,Jawa Barat,INITIAL
CAE0001072,CUST00897,2024-01-01,Jl. Diponegoro No. 248,Denpasar,Bali,INITIAL
CAE0001073,CUST00898,2024-01-01,Jl. Gajah Mada No. 43,Bekasi,Jawa Barat,INITIAL
CAE0001074,CUST00899,2024-01-01,Jl. Sudirman No. 233,Depok,Jawa Barat,INITIAL
CAE0001075,CUST00899,2025-04-18,Jl. Merdeka No. 186,Malang,Jawa Timur,MOVE
CAE0001076,CUST00900,2024-01-01,Jl. Merdeka No. 137,Depok,Jawa Barat,INITIAL
CAE0001077,CUST00901,2024-01-01,Jl. Gajah Mada No. 9,Semarang,Jawa Tengah,INITIAL
CAE0001078,CUST00901,2025-02-10,Jl. Merdeka No. 102,Palembang,Sumatera Selatan,MOVE
CAE0001079,CUST00902,2024-01-01,Jl. Sudirman No. 5,Samarinda,Kalimantan Timur,INITIAL
CAE0001080,CUST00903,2024-01-01,Jl. Merdeka No. 168,Makassar,Sulawesi Selatan,INITIAL
CAE0001081,CUST00904,2024-01-01,Jl. Melati No. 236,Surabaya,Jawa Timur,INITIAL
CAE0001082,CUST00905,2024-01-01,Jl. Pemuda No. 93,Semarang,Jawa Tengah,INITIAL
CAE0001083,CUST00906,2024-01-01,Jl. Kenanga No. 244,Jakarta,DKI Jakarta,INITIAL
CAE0001084,CUST00907,2024-01-01,Jl. Gajah Mada No. 53,Yogyakarta,DI Yogyakarta,INITIAL
CAE0001085,CUST00907,2025-06-19,Jl. Diponegoro No. 15,Bogor,Jawa Barat,MOVE
CAE0001086,CUST00907,2026-05-21,Jl. Veteran No. 69,Jakarta,DKI Jakarta,MOVE
CAE0001087,CUST00908,2024-01-01,Jl. Kenanga No. 152,Bogor,Jawa Barat,INITIAL
CAE0001088,CUST00909,2024-01-01,Jl. Diponegoro No. 173,Medan,Sumatera Utara,INITIAL
CAE0001089,CUST00909,2025-01-23,Jl. Gajah Mada No. 240,Surabaya,Jawa Timur,MOVE
CAE0001090,CUST00910,2024-01-01,Jl. Kenanga No. 88,Surabaya,Jawa Timur,INITIAL
CAE0001091,CUST00911,2024-01-01,Jl. Kenanga No. 123,Surabaya,Jawa Timur,INITIAL
CAE0001092,CUST00912,2024-01-01,Jl. Melati No. 62,Denpasar,Bali,INITIAL
CAE0001093,CUST00913,2024-01-01,Jl. Kenanga No. 186,Palembang,Sumatera Selatan,INITIAL
CAE0001094,CUST00913,2025-05-26,Jl. Melati No. 157,Yogyakarta,DI Yogyakarta,MOVE
CAE0001095,CUST00914,2024-01-01,Jl. Melati No. 235,Semarang,Jawa Tengah,INITIAL
CAE0001096,CUST00914,2025-08-28,Jl. Kenanga No. 78,Samarinda,Kalimantan Timur,MOVE
CAE0001097,CUST00915,2024-01-01,Jl. Sudirman No. 47,Balikpapan,Kalimantan Timur,INITIAL
CAE0001098,CUST00916,2024-01-01,Jl. Melati No. 71,Denpasar,Bali,INITIAL
CAE0001099,CUST00917,2024-01-01,Jl. Merdeka No. 35,Pontianak,Kalimantan Barat,INITIAL
CAE0001100,CUST00918,2024-01-01,Jl. Sudirman No. 128,Bogor,Jawa Barat,INITIAL
CAE0001101,CUST00919,2024-01-01,Jl. Gajah Mada No. 195,Yogyakarta,DI Yogyakarta,INITIAL
CAE0001102,CUST00920,2024-01-01,Jl. Gajah Mada No. 176,Jakarta,DKI Jakarta,INITIAL
CAE0001103,CUST00921,2024-01-01,Jl. Diponegoro No. 211,Bantul,DI Yogyakarta,INITIAL
CAE0001104,CUST00922,2024-01-01,Jl. Sudirman No. 214,Jakarta,DKI Jakarta,INITIAL
CAE0001105,CUST00923,2024-01-01,Jl. Diponegoro No. 240,Medan,Sumatera Utara,INITIAL
CAE0001106,CUST00923,2025-03-24,Jl. Diponegoro No. 49,Surakarta,Jawa Tengah,MOVE
CAE0001107,CUST00924,2024-01-01,Jl. Diponegoro No. 243,Semarang,Jawa Tengah,INITIAL
CAE0001108,CUST00925,2024-01-01,Jl. Gajah Mada No. 61,Depok,Jawa Barat,INITIAL
CAE0001109,CUST00926,2024-01-01,Jl. Pemuda No. 87,Bekasi,Jawa Barat,INITIAL
CAE0001110,CUST00926,2025-02-12,Jl. Diponegoro No. 30,Palembang,Sumatera Selatan,MOVE
CAE0001111,CUST00927,2024-01-01,Jl. Kenanga No. 21,Balikpapan,Kalimantan Timur,INITIAL
CAE0001112,CUST00928,2024-01-01,Jl. Sudirman No. 236,Bekasi,Jawa Barat,INITIAL
CAE0001113,CUST00929,2024-01-01,Jl. Merdeka No. 62,Surakarta,Jawa Tengah,INITIAL
CAE0001114,CUST00930,2024-01-01,Jl. Diponegoro No. 61,Bantul,DI Yogyakarta,INITIAL
CAE0001115,CUST00930,2026-09-08,Jl. Gajah Mada No. 181,Jakarta,DKI Jakarta,MOVE
CAE0001116,CUST00931,2024-01-01,Jl. Veteran No. 146,Bandung,Jawa Barat,INITIAL
CAE0001117,CUST00932,2024-01-01,Jl. Pemuda No. 139,Samarinda,Kalimantan Timur,INITIAL
CAE0001118,CUST00933,2024-01-01,Jl. Diponegoro No. 75,Yogyakarta,DI Yogyakarta,INITIAL
CAE0001119,CUST00934,2024-01-01,Jl. Veteran No. 21,Samarinda,Kalimantan Timur,INITIAL
CAE0001120,CUST00935,2024-01-01,Jl. Merdeka No. 85,Pontianak,Kalimantan Barat,INITIAL
CAE0001121,CUST00936,2024-01-01,Jl. Sudirman No. 68,Bantul,DI Yogyakarta,INITIAL
CAE0001122,CUST00936,2026-03-11,Jl. Sudirman No. 122,Denpasar,Bali,MOVE
CAE0001123,CUST00937,2024-01-01,Jl. Veteran No. 38,Tangerang,Banten,INITIAL
CAE0001124,CUST00937,2026-09-07,Jl. Veteran No. 133,Samarinda,Kalimantan Timur,MOVE
CAE0001125,CUST00938,2024-01-01,Jl. Merdeka No. 184,Bandung,Jawa Barat,INITIAL
CAE0001126,CUST00939,2024-01-01,Jl. Kenanga No. 85,Bantul,DI Yogyakarta,INITIAL
CAE0001127,CUST00940,2024-01-01,Jl. Diponegoro No. 189,Bogor,Jawa Barat,INITIAL
CAE0001128,CUST00941,2024-01-01,Jl. Melati No. 224,Bogor,Jawa Barat,INITIAL
CAE0001129,CUST00942,2024-01-01,Jl. Melati No. 94,Denpasar,Bali,INITIAL
CAE0001130,CUST00943,2024-01-01,Jl. Diponegoro No. 41,Bantul,DI Yogyakarta,INITIAL
CAE0001131,CUST00943,2025-06-24,Jl. Diponegoro No. 107,Tangerang,Banten,MOVE
CAE0001132,CUST00943,2026-05-22,Jl. Diponegoro No. 106,Surakarta,Jawa Tengah,MOVE
CAE0001133,CUST00944,2024-01-01,Jl. Kenanga No. 43,Medan,Sumatera Utara,INITIAL
CAE0001134,CUST00945,2024-01-01,Jl. Merdeka No. 98,Semarang,Jawa Tengah,INITIAL
CAE0001135,CUST00945,2026-01-28,Jl. Pemuda No. 228,Malang,Jawa Timur,MOVE
CAE0001136,CUST00946,2024-01-01,Jl. Melati No. 43,Samarinda,Kalimantan Timur,INITIAL
CAE0001137,CUST00947,2024-01-01,Jl. Veteran No. 29,Jakarta,DKI Jakarta,INITIAL
CAE0001138,CUST00948,2024-01-01,Jl. Merdeka No. 241,Jakarta,DKI Jakarta,INITIAL
CAE0001139,CUST00949,2024-01-01,Jl. Sudirman No. 236,Malang,Jawa Timur,INITIAL
CAE0001140,CUST00950,2024-01-01,Jl. Diponegoro No. 183,Samarinda,Kalimantan Timur,INITIAL
CAE0001141,CUST00950,2025-02-15,Jl. Merdeka No. 45,Semarang,Jawa Tengah,MOVE
CAE0001142,CUST00951,2024-01-01,Jl. Pemuda No. 75,Medan,Sumatera Utara,INITIAL
CAE0001143,CUST00952,2024-01-01,Jl. Veteran No. 163,Bogor,Jawa Barat,INITIAL
CAE0001144,CUST00953,2024-01-01,Jl. Kenanga No. 63,Palembang,Sumatera Selatan,INITIAL
CAE0001145,CUST00954,2024-01-01,Jl. Pemuda No. 56,Malang,Jawa Timur,INITIAL
CAE0001146,CUST00955,2024-01-01,Jl. Diponegoro No. 40,Balikpapan,Kalimantan Timur,INITIAL
CAE0001147,CUST00956,2024-01-01,Jl. Pemuda No. 203,Medan,Sumatera Utara,INITIAL
CAE0001148,CUST00957,2024-01-01,Jl. Merdeka No. 149,Samarinda,Kalimantan Timur,INITIAL
CAE0001149,CUST00957,2025-01-22,Jl. Kenanga No. 138,Surakarta,Jawa Tengah,MOVE
CAE0001150,CUST00958,2024-01-01,Jl. Melati No. 39,Surakarta,Jawa Tengah,INITIAL
CAE0001151,CUST00959,2024-01-01,Jl. Merdeka No. 169,Depok,Jawa Barat,INITIAL
CAE0001152,CUST00960,2024-01-01,Jl. Diponegoro No. 36,Depok,Jawa Barat,INITIAL
CAE0001153,CUST00960,2026-06-09,Jl. Merdeka No. 128,Pontianak,Kalimantan Barat,MOVE
CAE0001154,CUST00961,2024-01-01,Jl. Diponegoro No. 2,Jakarta,DKI Jakarta,INITIAL
CAE0001155,CUST00962,2024-01-01,Jl. Kenanga No. 55,Palembang,Sumatera Selatan,INITIAL
CAE0001156,CUST00963,2024-01-01,Jl. Merdeka No. 166,Surakarta,Jawa Tengah,INITIAL
CAE0001157,CUST00963,2025-01-15,Jl. Melati No. 96,Makassar,Sulawesi Selatan,MOVE
CAE0001158,CUST00964,2024-01-01,Jl. Veteran No. 96,Jakarta,DKI Jakarta,INITIAL
CAE0001159,CUST00965,2024-01-01,Jl. Sudirman No. 184,Malang,Jawa Timur,INITIAL
CAE0001160,CUST00966,2024-01-01,Jl. Melati No. 105,Bandung,Jawa Barat,INITIAL
CAE0001161,CUST00966,2025-01-31,Jl. Melati No. 171,Denpasar,Bali,MOVE
CAE0001162,CUST00967,2024-01-01,Jl. Gajah Mada No. 205,Yogyakarta,DI Yogyakarta,INITIAL
CAE0001163,CUST00968,2024-01-01,Jl. Sudirman No. 97,Yogyakarta,DI Yogyakarta,INITIAL
CAE0001164,CUST00969,2024-01-01,Jl. Gajah Mada No. 115,Sleman,DI Yogyakarta,INITIAL
CAE0001165,CUST00969,2025-07-18,Jl. Gajah Mada No. 28,Tangerang,Banten,MOVE
CAE0001166,CUST00970,2024-01-01,Jl. Pemuda No. 137,Bandung,Jawa Barat,INITIAL
CAE0001167,CUST00971,2024-01-01,Jl. Veteran No. 83,Denpasar,Bali,INITIAL
CAE0001168,CUST00972,2024-01-01,Jl. Melati No. 228,Sleman,DI Yogyakarta,INITIAL
CAE0001169,CUST00972,2026-06-12,Jl. Diponegoro No. 235,Semarang,Jawa Tengah,MOVE
CAE0001170,CUST00973,2024-01-01,Jl. Kenanga No. 165,Pontianak,Kalimantan Barat,INITIAL
CAE0001171,CUST00973,2025-11-05,Jl. Pemuda No. 63,Makassar,Sulawesi Selatan,MOVE
CAE0001172,CUST00974,2024-01-01,Jl. Kenanga No. 249,Bantul,DI Yogyakarta,INITIAL
CAE0001173,CUST00975,2024-01-01,Jl. Veteran No. 198,Bandung,Jawa Barat,INITIAL
CAE0001174,CUST00976,2024-01-01,Jl. Pemuda No. 166,Palembang,Sumatera Selatan,INITIAL
CAE0001175,CUST00977,2024-01-01,Jl. Sudirman No. 169,Makassar,Sulawesi Selatan,INITIAL
CAE0001176,CUST00978,2024-01-01,Jl. Melati No. 107,Yogyakarta,DI Yogyakarta,INITIAL
CAE0001177,CUST00979,2024-01-01,Jl. Merdeka No. 243,Semarang,Jawa Tengah,INITIAL
CAE0001178,CUST00980,2024-01-01,Jl. Merdeka No. 7,Palembang,Sumatera Selatan,INITIAL
CAE0001179,CUST00981,2024-01-01,Jl. Veteran No. 159,Bantul,DI Yogyakarta,INITIAL
CAE0001180,CUST00982,2024-01-01,Jl. Melati No. 196,Balikpapan,Kalimantan Timur,INITIAL
CAE0001181,CUST00983,2024-01-01,Jl. Kenanga No. 167,Depok,Jawa Barat,INITIAL
CAE0001182,CUST00984,2024-01-01,Jl. Veteran No. 132,Bogor,Jawa Barat,INITIAL
CAE0001183,CUST00985,2024-01-01,Jl. Melati No. 154,Malang,Jawa Timur,INITIAL
CAE0001184,CUST00986,2024-01-01,Jl. Pemuda No. 22,Samarinda,Kalimantan Timur,INITIAL
CAE0001185,CUST00987,2024-01-01,Jl. Pemuda No. 122,Bogor,Jawa Barat,INITIAL
CAE0001186,CUST00988,2024-01-01,Jl. Veteran No. 139,Denpasar,Bali,INITIAL
CAE0001187,CUST00989,2024-01-01,Jl. Melati No. 111,Bandung,Jawa Barat,INITIAL
CAE0001188,CUST00990,2024-01-01,Jl. Melati No. 134,Bandung,Jawa Barat,INITIAL
CAE0001189,CUST00991,2024-01-01,Jl. Melati No. 248,Malang,Jawa Timur,INITIAL
CAE0001190,CUST00992,2024-01-01,Jl. Diponegoro No. 198,Palembang,Sumatera Selatan,INITIAL
CAE0001191,CUST00993,2024-01-01,Jl. Kenanga No. 26,Balikpapan,Kalimantan Timur,INITIAL
CAE0001192,CUST00994,2024-01-01,Jl. Kenanga No. 228,Bantul,DI Yogyakarta,INITIAL
CAE0001193,CUST00995,2024-01-01,Jl. Veteran No. 97,Surakarta,Jawa Tengah,INITIAL
CAE0001194,CUST00996,2024-01-01,Jl. Gajah Mada No. 248,Surakarta,Jawa Tengah,INITIAL
CAE0001195,CUST00997,2024-01-01,Jl. Gajah Mada No. 69,Semarang,Jawa Tengah,INITIAL
CAE0001196,CUST00997,2026-06-01,Jl. Kenanga No. 61,Sleman,DI Yogyakarta,MOVE
CAE0001197,CUST00997,2026-07-03,Jl. Melati No. 216,Pontianak,Kalimantan Barat,MOVE
CAE0001198,CUST00998,2024-01-01,Jl. Veteran No. 143,Medan,Sumatera Utara,INITIAL
CAE0001199,CUST00999,2024-01-01,Jl. Pemuda No. 221,Sleman,DI Yogyakarta,INITIAL
CAE0001200,CUST01000,2024-01-01,Jl. Diponegoro No. 246,Surakarta,Jawa Tengah,INITIAL
CAE0001201,CUST01001,2024-01-01,Jl. Diponegoro No. 60,Malang,Jawa Timur,INITIAL
CAE0001202,CUST01002,2024-01-01,Jl. Sudirman No. 227,Surabaya,Jawa Timur,INITIAL
CAE0001203,CUST01003,2024-01-01,Jl. Diponegoro No. 5,Jakarta,DKI Jakarta,INITIAL
CAE0001204,CUST01003,2025-05-02,Jl. Diponegoro No. 204,Denpasar,Bali,MOVE
CAE0001205,CUST01003,2025-09-14,Jl. Merdeka No. 101,Yogyakarta,DI Yogyakarta,MOVE
CAE0001206,CUST01004,2024-01-01,Jl. Gajah Mada No. 18,Malang,Jawa Timur,INITIAL
CAE0001207,CUST01005,2024-01-01,Jl. Diponegoro No. 40,Palembang,Sumatera Selatan,INITIAL
CAE0001208,CUST01006,2024-01-01,Jl. Veteran No. 143,Tangerang,Banten,INITIAL
CAE0001209,CUST01007,2024-01-01,Jl. Veteran No. 40,Bekasi,Jawa Barat,INITIAL
CAE0001210,CUST01008,2024-01-01,Jl. Kenanga No. 169,Makassar,Sulawesi Selatan,INITIAL
CAE0001211,CUST01009,2024-01-01,Jl. Melati No. 15,Pontianak,Kalimantan Barat,INITIAL
CAE0001212,CUST01010,2024-01-01,Jl. Veteran No. 169,Surabaya,Jawa Timur,INITIAL
CAE0001213,CUST01010,2026-03-09,Jl. Kenanga No. 170,Bandung,Jawa Barat,MOVE
CAE0001214,CUST01011,2024-01-01,Jl. Sudirman No. 54,Jakarta,DKI Jakarta,INITIAL
CAE0001215,CUST01011,2026-05-12,Jl. Sudirman No. 200,Surabaya,Jawa Timur,MOVE
CAE0001216,CUST01012,2024-01-01,Jl. Veteran No. 229,Surabaya,Jawa Timur,INITIAL
CAE0001217,CUST01013,2024-01-01,Jl. Pemuda No. 79,Bogor,Jawa Barat,INITIAL
CAE0001218,CUST01014,2024-01-01,Jl. Pemuda No. 97,Tangerang,Banten,INITIAL
CAE0001219,CUST01015,2024-01-01,Jl. Diponegoro No. 70,Samarinda,Kalimantan Timur,INITIAL
CAE0001220,CUST01016,2024-01-01,Jl. Pemuda No. 85,Surabaya,Jawa Timur,INITIAL
CAE0001221,CUST01017,2024-01-01,Jl. Sudirman No. 121,Depok,Jawa Barat,INITIAL
CAE0001222,CUST01018,2024-01-01,Jl. Diponegoro No. 86,Pontianak,Kalimantan Barat,INITIAL
CAE0001223,CUST01019,2024-01-01,Jl. Pemuda No. 211,Bekasi,Jawa Barat,INITIAL
CAE0001224,CUST01019,2026-04-01,Jl. Kenanga No. 107,Denpasar,Bali,MOVE
CAE0001225,CUST01020,2024-01-01,Jl. Kenanga No. 187,Samarinda,Kalimantan Timur,INITIAL
CAE0001226,CUST01021,2024-01-01,Jl. Diponegoro No. 220,Denpasar,Bali,INITIAL
CAE0001227,CUST01022,2024-01-01,Jl. Merdeka No. 188,Depok,Jawa Barat,INITIAL
CAE0001228,CUST01023,2024-01-01,Jl. Pemuda No. 63,Bekasi,Jawa Barat,INITIAL
CAE0001229,CUST01024,2024-01-01,Jl. Diponegoro No. 97,Palembang,Sumatera Selatan,INITIAL
CAE0001230,CUST01025,2024-01-01,Jl. Merdeka No. 153,Tangerang,Banten,INITIAL
CAE0001231,CUST01026,2024-01-01,Jl. Melati No. 166,Yogyakarta,DI Yogyakarta,INITIAL
CAE0001232,CUST01027,2024-01-01,Jl. Sudirman No. 92,Samarinda,Kalimantan Timur,INITIAL
CAE0001233,CUST01027,2026-05-11,Jl. Merdeka No. 128,Makassar,Sulawesi Selatan,MOVE
CAE0001234,CUST01028,2024-01-01,Jl. Melati No. 118,Medan,Sumatera Utara,INITIAL
CAE0001235,CUST01028,2025-04-24,Jl. Gajah Mada No. 127,Pontianak,Kalimantan Barat,MOVE
CAE0001236,CUST01028,2026-01-24,Jl. Melati No. 180,Surakarta,Jawa Tengah,MOVE
CAE0001237,CUST01029,2024-01-01,Jl. Melati No. 196,Bekasi,Jawa Barat,INITIAL
CAE0001238,CUST01030,2024-01-01,Jl. Sudirman No. 18,Semarang,Jawa Tengah,INITIAL
CAE0001239,CUST01031,2024-01-01,Jl. Gajah Mada No. 9,Semarang,Jawa Tengah,INITIAL
CAE0001240,CUST01032,2024-01-01,Jl. Gajah Mada No. 216,Bantul,DI Yogyakarta,INITIAL
CAE0001241,CUST01033,2024-01-01,Jl. Gajah Mada No. 75,Pontianak,Kalimantan Barat,INITIAL
CAE0001242,CUST01034,2024-01-01,Jl. Merdeka No. 127,Semarang,Jawa Tengah,INITIAL
CAE0001243,CUST01035,2024-01-01,Jl. Diponegoro No. 89,Bekasi,Jawa Barat,INITIAL
CAE0001244,CUST01036,2024-01-01,Jl. Gajah Mada No. 184,Palembang,Sumatera Selatan,INITIAL
CAE0001245,CUST01037,2024-01-01,Jl. Diponegoro No. 239,Tangerang,Banten,INITIAL
CAE0001246,CUST01038,2024-01-01,Jl. Veteran No. 99,Depok,Jawa Barat,INITIAL
CAE0001247,CUST01039,2024-01-01,Jl. Veteran No. 119,Surabaya,Jawa Timur,INITIAL
CAE0001248,CUST01039,2025-02-07,Jl. Melati No. 185,Semarang,Jawa Tengah,MOVE
CAE0001249,CUST01040,2024-01-01,Jl. Diponegoro No. 224,Bekasi,Jawa Barat,INITIAL
CAE0001250,CUST01040,2025-10-29,Jl. Merdeka No. 87,Medan,Sumatera Utara,MOVE
CAE0001251,CUST01041,2024-01-01,Jl. Veteran No. 21,Jakarta,DKI Jakarta,INITIAL
CAE0001252,CUST01042,2024-01-01,Jl. Veteran No. 71,Yogyakarta,DI Yogyakarta,INITIAL
CAE0001253,CUST01042,2025-03-16,Jl. Melati No. 93,Denpasar,Bali,MOVE
CAE0001254,CUST01042,2025-09-24,Jl. Pemuda No. 1,Bogor,Jawa Barat,MOVE
CAE0001255,CUST01043,2024-01-01,Jl. Kenanga No. 82,Bogor,Jawa Barat,INITIAL
CAE0001256,CUST01044,2024-01-01,Jl. Merdeka No. 117,Samarinda,Kalimantan Timur,INITIAL
CAE0001257,CUST01045,2024-01-01,Jl. Pemuda No. 29,Yogyakarta,DI Yogyakarta,INITIAL
CAE0001258,CUST01046,2024-01-01,Jl. Melati No. 28,Sleman,DI Yogyakarta,INITIAL
CAE0001259,CUST01047,2024-01-01,Jl. Merdeka No. 198,Bogor,Jawa Barat,INITIAL
CAE0001260,CUST01047,2025-02-19,Jl. Melati No. 199,Palembang,Sumatera Selatan,MOVE
CAE0001261,CUST01048,2024-01-01,Jl. Veteran No. 176,Yogyakarta,DI Yogyakarta,INITIAL
CAE0001262,CUST01049,2024-01-01,Jl. Melati No. 1,Jakarta,DKI Jakarta,INITIAL
CAE0001263,CUST01050,2024-01-01,Jl. Sudirman No. 27,Bandung,Jawa Barat,INITIAL
CAE0001264,CUST01051,2024-01-01,Jl. Merdeka No. 176,Surakarta,Jawa Tengah,INITIAL
CAE0001265,CUST01052,2024-01-01,Jl. Kenanga No. 15,Sleman,DI Yogyakarta,INITIAL
CAE0001266,CUST01053,2024-01-01,Jl. Veteran No. 152,Tangerang,Banten,INITIAL
CAE0001267,CUST01054,2024-01-01,Jl. Kenanga No. 187,Yogyakarta,DI Yogyakarta,INITIAL
CAE0001268,CUST01055,2024-01-01,Jl. Pemuda No. 109,Malang,Jawa Timur,INITIAL
CAE0001269,CUST01055,2026-08-12,Jl. Gajah Mada No. 172,Makassar,Sulawesi Selatan,MOVE
CAE0001270,CUST01055,2026-09-06,Jl. Melati No. 75,Yogyakarta,DI Yogyakarta,MOVE
CAE0001271,CUST01056,2024-01-01,Jl. Gajah Mada No. 146,Medan,Sumatera Utara,INITIAL
CAE0001272,CUST01057,2024-01-01,Jl. Kenanga No. 222,Medan,Sumatera Utara,INITIAL
CAE0001273,CUST01058,2024-01-01,Jl. Diponegoro No. 229,Semarang,Jawa Tengah,INITIAL
CAE0001274,CUST01059,2024-01-01,Jl. Sudirman No. 58,Denpasar,Bali,INITIAL
CAE0001275,CUST01060,2024-01-01,Jl. Kenanga No. 85,Pontianak,Kalimantan Barat,INITIAL
CAE0001276,CUST01061,2024-01-01,Jl. Diponegoro No. 47,Yogyakarta,DI Yogyakarta,INITIAL
CAE0001277,CUST01062,2024-01-01,Jl. Pemuda No. 83,Malang,Jawa Timur,INITIAL
CAE0001278,CUST01063,2024-01-01,Jl. Diponegoro No. 123,Semarang,Jawa Tengah,INITIAL
CAE0001279,CUST01064,2024-01-01,Jl. Diponegoro No. 186,Bogor,Jawa Barat,INITIAL
CAE0001280,CUST01065,2024-01-01,Jl. Gajah Mada No. 58,Semarang,Jawa Tengah,INITIAL
CAE0001281,CUST01066,2024-01-01,Jl. Veteran No. 183,Pontianak,Kalimantan Barat,INITIAL
CAE0001282,CUST01067,2024-01-01,Jl. Sudirman No. 54,Denpasar,Bali,INITIAL
CAE0001283,CUST01068,2024-01-01,Jl. Veteran No. 188,Denpasar,Bali,INITIAL
CAE0001284,CUST01069,2024-01-01,Jl. Veteran No. 143,Jakarta,DKI Jakarta,INITIAL
CAE0001285,CUST01070,2024-01-01,Jl. Kenanga No. 75,Depok,Jawa Barat,INITIAL
CAE0001286,CUST01071,2024-01-01,Jl. Melati No. 158,Bekasi,Jawa Barat,INITIAL
CAE0001287,CUST01071,2025-01-05,Jl. Gajah Mada No. 140,Bogor,Jawa Barat,MOVE
CAE0001288,CUST01072,2024-01-01,Jl. Pemuda No. 142,Yogyakarta,DI Yogyakarta,INITIAL
CAE0001289,CUST01073,2024-01-01,Jl. Sudirman No. 111,Pontianak,Kalimantan Barat,INITIAL
CAE0001290,CUST01074,2024-01-01,Jl. Diponegoro No. 139,Malang,Jawa Timur,INITIAL
CAE0001291,CUST01075,2024-01-01,Jl. Diponegoro No. 206,Balikpapan,Kalimantan Timur,INITIAL
CAE0001292,CUST01076,2024-01-01,Jl. Kenanga No. 226,Bogor,Jawa Barat,INITIAL
CAE0001293,CUST01077,2024-01-01,Jl. Veteran No. 190,Denpasar,Bali,INITIAL
CAE0001294,CUST01078,2024-01-01,Jl. Pemuda No. 208,Pontianak,Kalimantan Barat,INITIAL
CAE0001295,CUST01079,2024-01-01,Jl. Sudirman No. 32,Pontianak,Kalimantan Barat,INITIAL
CAE0001296,CUST01079,2026-03-30,Jl. Sudirman No. 110,Depok,Jawa Barat,MOVE
CAE0001297,CUST01080,2024-01-01,Jl. Sudirman No. 40,Pontianak,Kalimantan Barat,INITIAL
CAE0001298,CUST01081,2024-01-01,Jl. Veteran No. 65,Jakarta,DKI Jakarta,INITIAL
CAE0001299,CUST01082,2024-01-01,Jl. Sudirman No. 11,Semarang,Jawa Tengah,INITIAL
CAE0001300,CUST01083,2024-01-01,Jl. Gajah Mada No. 12,Surabaya,Jawa Timur,INITIAL
CAE0001301,CUST01084,2024-01-01,Jl. Kenanga No. 48,Semarang,Jawa Tengah,INITIAL
CAE0001302,CUST01085,2024-01-01,Jl. Diponegoro No. 110,Denpasar,Bali,INITIAL
CAE0001303,CUST01086,2024-01-01,Jl. Kenanga No. 186,Makassar,Sulawesi Selatan,INITIAL
CAE0001304,CUST01087,2024-01-01,Jl. Veteran No. 132,Bekasi,Jawa Barat,INITIAL
CAE0001305,CUST01088,2024-01-01,Jl. Pemuda No. 95,Samarinda,Kalimantan Timur,INITIAL
CAE0001306,CUST01089,2024-01-01,Jl. Pemuda No. 160,Medan,Sumatera Utara,INITIAL
CAE0001307,CUST01090,2024-01-01,Jl. Veteran No. 101,Bekasi,Jawa Barat,INITIAL
CAE0001308,CUST01090,2025-06-01,Jl. Sudirman No. 162,Bogor,Jawa Barat,MOVE
CAE0001309,CUST01091,2024-01-01,Jl. Pemuda No. 138,Bandung,Jawa Barat,INITIAL
CAE0001310,CUST01092,2024-01-01,Jl. Diponegoro No. 204,Surabaya,Jawa Timur,INITIAL
CAE0001311,CUST01093,2024-01-01,Jl. Diponegoro No. 196,Surabaya,Jawa Timur,INITIAL
CAE0001312,CUST01094,2024-01-01,Jl. Melati No. 134,Surabaya,Jawa Timur,INITIAL
CAE0001313,CUST01095,2024-01-01,Jl. Veteran No. 166,Surakarta,Jawa Tengah,INITIAL
CAE0001314,CUST01096,2024-01-01,Jl. Veteran No. 197,Palembang,Sumatera Selatan,INITIAL
CAE0001315,CUST01096,2025-09-13,Jl. Diponegoro No. 210,Bekasi,Jawa Barat,MOVE
CAE0001316,CUST01096,2026-07-10,Jl. Melati No. 140,Surabaya,Jawa Timur,MOVE
CAE0001317,CUST01097,2024-01-01,Jl. Melati No. 80,Bogor,Jawa Barat,INITIAL
CAE0001318,CUST01098,2024-01-01,Jl. Diponegoro No. 89,Samarinda,Kalimantan Timur,INITIAL
CAE0001319,CUST01099,2024-01-01,Jl. Diponegoro No. 219,Yogyakarta,DI Yogyakarta,INITIAL
CAE0001320,CUST01100,2024-01-01,Jl. Kenanga No. 94,Bandung,Jawa Barat,INITIAL
CAE0001321,CUST01101,2024-01-01,Jl. Veteran No. 93,Semarang,Jawa Tengah,INITIAL
CAE0001322,CUST01102,2024-01-01,Jl. Veteran No. 77,Yogyakarta,DI Yogyakarta,INITIAL
CAE0001323,CUST01103,2024-01-01,Jl. Pemuda No. 68,Samarinda,Kalimantan Timur,INITIAL
CAE0001324,CUST01103,2025-04-18,Jl. Pemuda No. 113,Bogor,Jawa Barat,MOVE
CAE0001325,CUST01104,2024-01-01,Jl. Gajah Mada No. 48,Bekasi,Jawa Barat,INITIAL
CAE0001326,CUST01105,2024-01-01,Jl. Kenanga No. 141,Malang,Jawa Timur,INITIAL
CAE0001327,CUST01106,2024-01-01,Jl. Kenanga No. 156,Bantul,DI Yogyakarta,INITIAL
CAE0001328,CUST01107,2024-01-01,Jl. Gajah Mada No. 198,Samarinda,Kalimantan Timur,INITIAL
CAE0001329,CUST01108,2024-01-01,Jl. Pemuda No. 96,Jakarta,DKI Jakarta,INITIAL
CAE0001330,CUST01109,2024-01-01,Jl. Sudirman No. 195,Bekasi,Jawa Barat,INITIAL
CAE0001331,CUST01110,2024-01-01,Jl. Gajah Mada No. 136,Sleman,DI Yogyakarta,INITIAL
CAE0001332,CUST01111,2024-01-01,Jl. Kenanga No. 141,Jakarta,DKI Jakarta,INITIAL
CAE0001333,CUST01112,2024-01-01,Jl. Kenanga No. 218,Medan,Sumatera Utara,INITIAL
CAE0001334,CUST01113,2024-01-01,Jl. Diponegoro No. 92,Jakarta,DKI Jakarta,INITIAL
CAE0001335,CUST01114,2024-01-01,Jl. Veteran No. 7,Pontianak,Kalimantan Barat,INITIAL
CAE0001336,CUST01115,2024-01-01,Jl. Gajah Mada No. 65,Makassar,Sulawesi Selatan,INITIAL
CAE0001337,CUST01116,2024-01-01,Jl. Merdeka No. 47,Bogor,Jawa Barat,INITIAL
CAE0001338,CUST01117,2024-01-01,Jl. Kenanga No. 122,Depok,Jawa Barat,INITIAL
CAE0001339,CUST01117,2025-07-14,Jl. Kenanga No. 18,Medan,Sumatera Utara,MOVE
CAE0001340,CUST01118,2024-01-01,Jl. Merdeka No. 50,Bandung,Jawa Barat,INITIAL
CAE0001341,CUST01119,2024-01-01,Jl. Melati No. 215,Medan,Sumatera Utara,INITIAL
CAE0001342,CUST01120,2024-01-01,Jl. Gajah Mada No. 108,Bantul,DI Yogyakarta,INITIAL
CAE0001343,CUST01121,2024-01-01,Jl. Kenanga No. 1,Sleman,DI Yogyakarta,INITIAL
CAE0001344,CUST01122,2024-01-01,Jl. Gajah Mada No. 249,Pontianak,Kalimantan Barat,INITIAL
CAE0001345,CUST01123,2024-01-01,Jl. Kenanga No. 171,Tangerang,Banten,INITIAL
CAE0001346,CUST01124,2024-01-01,Jl. Kenanga No. 169,Surabaya,Jawa Timur,INITIAL
CAE0001347,CUST01125,2024-01-01,Jl. Gajah Mada No. 85,Sleman,DI Yogyakarta,INITIAL
CAE0001348,CUST01126,2024-01-01,Jl. Merdeka No. 11,Jakarta,DKI Jakarta,INITIAL
CAE0001349,CUST01127,2024-01-01,Jl. Pemuda No. 109,Makassar,Sulawesi Selatan,INITIAL
CAE0001350,CUST01128,2024-01-01,Jl. Kenanga No. 208,Samarinda,Kalimantan Timur,INITIAL
CAE0001351,CUST01129,2024-01-01,Jl. Sudirman No. 158,Medan,Sumatera Utara,INITIAL
CAE0001352,CUST01130,2024-01-01,Jl. Pemuda No. 111,Jakarta,DKI Jakarta,INITIAL
CAE0001353,CUST01131,2024-01-01,Jl. Pemuda No. 32,Semarang,Jawa Tengah,INITIAL
CAE0001354,CUST01132,2024-01-01,Jl. Kenanga No. 14,Medan,Sumatera Utara,INITIAL
CAE0001355,CUST01132,2026-07-17,Jl. Veteran No. 132,Bandung,Jawa Barat,MOVE
CAE0001356,CUST01133,2024-01-01,Jl. Diponegoro No. 19,Jakarta,DKI Jakarta,INITIAL
CAE0001357,CUST01133,2026-06-13,Jl. Merdeka No. 82,Bantul,DI Yogyakarta,MOVE
CAE0001358,CUST01134,2024-01-01,Jl. Pemuda No. 165,Palembang,Sumatera Selatan,INITIAL
CAE0001359,CUST01135,2024-01-01,Jl. Diponegoro No. 163,Sleman,DI Yogyakarta,INITIAL
CAE0001360,CUST01136,2024-01-01,Jl. Pemuda No. 247,Surabaya,Jawa Timur,INITIAL
CAE0001361,CUST01136,2025-11-28,Jl. Merdeka No. 124,Palembang,Sumatera Selatan,MOVE
CAE0001362,CUST01137,2024-01-01,Jl. Gajah Mada No. 118,Surakarta,Jawa Tengah,INITIAL
CAE0001363,CUST01137,2026-03-26,Jl. Sudirman No. 106,Yogyakarta,DI Yogyakarta,MOVE
CAE0001364,CUST01138,2024-01-01,Jl. Kenanga No. 161,Bekasi,Jawa Barat,INITIAL
CAE0001365,CUST01139,2024-01-01,Jl. Diponegoro No. 230,Malang,Jawa Timur,INITIAL
CAE0001366,CUST01140,2024-01-01,Jl. Sudirman No. 75,Denpasar,Bali,INITIAL
CAE0001367,CUST01141,2024-01-01,Jl. Diponegoro No. 171,Palembang,Sumatera Selatan,INITIAL
CAE0001368,CUST01141,2025-10-06,Jl. Kenanga No. 184,Tangerang,Banten,MOVE
CAE0001369,CUST01141,2026-03-25,Jl. Sudirman No. 188,Jakarta,DKI Jakarta,MOVE
CAE0001370,CUST01142,2024-01-01,Jl. Kenanga No. 124,Surakarta,Jawa Tengah,INITIAL
CAE0001371,CUST01143,2024-01-01,Jl. Diponegoro No. 150,Samarinda,Kalimantan Timur,INITIAL
CAE0001372,CUST01144,2024-01-01,Jl. Veteran No. 115,Bogor,Jawa Barat,INITIAL
CAE0001373,CUST01145,2024-01-01,Jl. Diponegoro No. 37,Bekasi,Jawa Barat,INITIAL
CAE0001374,CUST01146,2024-01-01,Jl. Diponegoro No. 106,Bandung,Jawa Barat,INITIAL
CAE0001375,CUST01146,2025-02-24,Jl. Diponegoro No. 60,Bantul,DI Yogyakarta,MOVE
CAE0001376,CUST01147,2024-01-01,Jl. Sudirman No. 209,Depok,Jawa Barat,INITIAL
CAE0001377,CUST01148,2024-01-01,Jl. Kenanga No. 243,Makassar,Sulawesi Selatan,INITIAL
CAE0001378,CUST01149,2024-01-01,Jl. Sudirman No. 81,Yogyakarta,DI Yogyakarta,INITIAL
CAE0001379,CUST01150,2024-01-01,Jl. Merdeka No. 160,Semarang,Jawa Tengah,INITIAL
CAE0001380,CUST01151,2024-01-01,Jl. Merdeka No. 128,Samarinda,Kalimantan Timur,INITIAL
CAE0001381,CUST01152,2024-01-01,Jl. Gajah Mada No. 183,Bogor,Jawa Barat,INITIAL
CAE0001382,CUST01152,2026-02-17,Jl. Diponegoro No. 25,Samarinda,Kalimantan Timur,MOVE
CAE0001383,CUST01153,2024-01-01,Jl. Kenanga No. 206,Bogor,Jawa Barat,INITIAL
CAE0001384,CUST01154,2024-01-01,Jl. Veteran No. 156,Surakarta,Jawa Tengah,INITIAL
CAE0001385,CUST01154,2025-09-20,Jl. Gajah Mada No. 74,Makassar,Sulawesi Selatan,MOVE
CAE0001386,CUST01155,2024-01-01,Jl. Kenanga No. 94,Bantul,DI Yogyakarta,INITIAL
CAE0001387,CUST01156,2024-01-01,Jl. Melati No. 141,Surakarta,Jawa Tengah,INITIAL
CAE0001388,CUST01157,2024-01-01,Jl. Gajah Mada No. 82,Surakarta,Jawa Tengah,INITIAL
CAE0001389,CUST01158,2024-01-01,Jl. Veteran No. 112,Bantul,DI Yogyakarta,INITIAL
CAE0001390,CUST01159,2024-01-01,Jl. Sudirman No. 93,Surakarta,Jawa Tengah,INITIAL
CAE0001391,CUST01160,2024-01-01,Jl. Gajah Mada No. 221,Surakarta,Jawa Tengah,INITIAL
CAE0001392,CUST01161,2024-01-01,Jl. Sudirman No. 239,Depok,Jawa Barat,INITIAL
CAE0001393,CUST01162,2024-01-01,Jl. Gajah Mada No. 177,Semarang,Jawa Tengah,INITIAL
CAE0001394,CUST01162,2026-02-05,Jl. Kenanga No. 29,Tangerang,Banten,MOVE
CAE0001395,CUST01163,2024-01-01,Jl. Sudirman No. 199,Sleman,DI Yogyakarta,INITIAL
CAE0001396,CUST01164,2024-01-01,Jl. Diponegoro No. 228,Pontianak,Kalimantan Barat,INITIAL
CAE0001397,CUST01165,2024-01-01,Jl. Melati No. 126,Bogor,Jawa Barat,INITIAL
CAE0001398,CUST01165,2026-06-11,Jl. Pemuda No. 34,Jakarta,DKI Jakarta,MOVE
CAE0001399,CUST01166,2024-01-01,Jl. Pemuda No. 43,Malang,Jawa Timur,INITIAL
CAE0001400,CUST01167,2024-01-01,Jl. Merdeka No. 6,Medan,Sumatera Utara,INITIAL
CAE0001401,CUST01168,2024-01-01,Jl. Pemuda No. 194,Samarinda,Kalimantan Timur,INITIAL
CAE0001402,CUST01168,2026-07-18,Jl. Merdeka No. 226,Medan,Sumatera Utara,MOVE
CAE0001403,CUST01169,2024-01-01,Jl. Pemuda No. 234,Sleman,DI Yogyakarta,INITIAL
CAE0001404,CUST01169,2026-04-27,Jl. Melati No. 113,Bogor,Jawa Barat,MOVE
CAE0001405,CUST01170,2024-01-01,Jl. Veteran No. 65,Pontianak,Kalimantan Barat,INITIAL
CAE0001406,CUST01171,2024-01-01,Jl. Melati No. 224,Makassar,Sulawesi Selatan,INITIAL
CAE0001407,CUST01172,2024-01-01,Jl. Sudirman No. 206,Bandung,Jawa Barat,INITIAL
CAE0001408,CUST01173,2024-01-01,Jl. Sudirman No. 199,Malang,Jawa Timur,INITIAL
CAE0001409,CUST01174,2024-01-01,Jl. Gajah Mada No. 158,Tangerang,Banten,INITIAL
CAE0001410,CUST01175,2024-01-01,Jl. Pemuda No. 43,Sleman,DI Yogyakarta,INITIAL
CAE0001411,CUST01176,2024-01-01,Jl. Merdeka No. 246,Jakarta,DKI Jakarta,INITIAL
CAE0001412,CUST01176,2025-04-08,Jl. Pemuda No. 229,Balikpapan,Kalimantan Timur,MOVE
CAE0001413,CUST01177,2024-01-01,Jl. Merdeka No. 17,Balikpapan,Kalimantan Timur,INITIAL
CAE0001414,CUST01178,2024-01-01,Jl. Veteran No. 234,Balikpapan,Kalimantan Timur,INITIAL
CAE0001415,CUST01179,2024-01-01,Jl. Merdeka No. 63,Denpasar,Bali,INITIAL
CAE0001416,CUST01179,2025-08-09,Jl. Diponegoro No. 92,Malang,Jawa Timur,MOVE
CAE0001417,CUST01180,2024-01-01,Jl. Diponegoro No. 107,Jakarta,DKI Jakarta,INITIAL
CAE0001418,CUST01181,2024-01-01,Jl. Pemuda No. 88,Makassar,Sulawesi Selatan,INITIAL
CAE0001419,CUST01181,2026-01-19,Jl. Pemuda No. 77,Bekasi,Jawa Barat,MOVE
CAE0001420,CUST01182,2024-01-01,Jl. Veteran No. 23,Jakarta,DKI Jakarta,INITIAL
CAE0001421,CUST01183,2024-01-01,Jl. Veteran No. 156,Yogyakarta,DI Yogyakarta,INITIAL
CAE0001422,CUST01184,2024-01-01,Jl. Gajah Mada No. 5,Semarang,Jawa Tengah,INITIAL
CAE0001423,CUST01184,2025-08-22,Jl. Sudirman No. 83,Makassar,Sulawesi Selatan,MOVE
CAE0001424,CUST01185,2024-01-01,Jl. Melati No. 205,Jakarta,DKI Jakarta,INITIAL
CAE0001425,CUST01186,2024-01-01,Jl. Pemuda No. 160,Depok,Jawa Barat,INITIAL
CAE0001426,CUST01187,2024-01-01,Jl. Merdeka No. 214,Malang,Jawa Timur,INITIAL
CAE0001427,CUST01188,2024-01-01,Jl. Melati No. 45,Semarang,Jawa Tengah,INITIAL
CAE0001428,CUST01189,2024-01-01,Jl. Merdeka No. 247,Semarang,Jawa Tengah,INITIAL
CAE0001429,CUST01190,2024-01-01,Jl. Kenanga No. 161,Balikpapan,Kalimantan Timur,INITIAL
CAE0001430,CUST01191,2024-01-01,Jl. Veteran No. 74,Jakarta,DKI Jakarta,INITIAL
CAE0001431,CUST01192,2024-01-01,Jl. Veteran No. 147,Depok,Jawa Barat,INITIAL
CAE0001432,CUST01193,2024-01-01,Jl. Merdeka No. 187,Semarang,Jawa Tengah,INITIAL
CAE0001433,CUST01193,2025-11-26,Jl. Melati No. 2,Samarinda,Kalimantan Timur,MOVE
CAE0001434,CUST01194,2024-01-01,Jl. Diponegoro No. 171,Makassar,Sulawesi Selatan,INITIAL
CAE0001435,CUST01195,2024-01-01,Jl. Pemuda No. 94,Depok,Jawa Barat,INITIAL
CAE0001436,CUST01196,2024-01-01,Jl. Kenanga No. 148,Surakarta,Jawa Tengah,INITIAL
CAE0001437,CUST01197,2024-01-01,Jl. Kenanga No. 178,Surakarta,Jawa Tengah,INITIAL
CAE0001438,CUST01198,2024-01-01,Jl. Pemuda No. 57,Malang,Jawa Timur,INITIAL
CAE0001439,CUST01199,2024-01-01,Jl. Veteran No. 163,Pontianak,Kalimantan Barat,INITIAL
CAE0001440,CUST01200,2024-01-01,Jl. Kenanga No. 205,Palembang,Sumatera Selatan,INITIAL
CAE0001441,CUST01200,2025-01-22,Jl. Diponegoro No. 143,Tangerang,Banten,MOVE
CAE0001442,CUST01200,2026-07-27,Jl. Veteran No. 202,Surabaya,Jawa Timur,MOVE
CAE0001443,CUST01201,2024-01-01,Jl. Gajah Mada No. 24,Malang,Jawa Timur,INITIAL
CAE0001444,CUST01202,2024-01-01,Jl. Sudirman No. 202,Malang,Jawa Timur,INITIAL
CAE0001445,CUST01203,2024-01-01,Jl. Veteran No. 150,Medan,Sumatera Utara,INITIAL
CAE0001446,CUST01204,2024-01-01,Jl. Sudirman No. 249,Malang,Jawa Timur,INITIAL
CAE0001447,CUST01205,2024-01-01,Jl. Merdeka No. 204,Surakarta,Jawa Tengah,INITIAL
CAE0001448,CUST01206,2024-01-01,Jl. Merdeka No. 116,Malang,Jawa Timur,INITIAL
CAE0001449,CUST01207,2024-01-01,Jl. Kenanga No. 232,Sleman,DI Yogyakarta,INITIAL
CAE0001450,CUST01208,2024-01-01,Jl. Merdeka No. 169,Tangerang,Banten,INITIAL
CAE0001451,CUST01209,2024-01-01,Jl. Diponegoro No. 53,Jakarta,DKI Jakarta,INITIAL
CAE0001452,CUST01209,2026-06-10,Jl. Melati No. 81,Malang,Jawa Timur,MOVE
CAE0001453,CUST01210,2024-01-01,Jl. Gajah Mada No. 88,Surabaya,Jawa Timur,INITIAL
CAE0001454,CUST01211,2024-01-01,Jl. Melati No. 112,Bantul,DI Yogyakarta,INITIAL
CAE0001455,CUST01212,2024-01-01,Jl. Sudirman No. 181,Surakarta,Jawa Tengah,INITIAL
CAE0001456,CUST01213,2024-01-01,Jl. Merdeka No. 173,Pontianak,Kalimantan Barat,INITIAL
CAE0001457,CUST01214,2024-01-01,Jl. Veteran No. 189,Malang,Jawa Timur,INITIAL
CAE0001458,CUST01215,2024-01-01,Jl. Kenanga No. 44,Tangerang,Banten,INITIAL
CAE0001459,CUST01215,2025-01-11,Jl. Melati No. 70,Bekasi,Jawa Barat,MOVE
CAE0001460,CUST01215,2026-03-18,Jl. Gajah Mada No. 203,Surakarta,Jawa Tengah,MOVE
CAE0001461,CUST01216,2024-01-01,Jl. Diponegoro No. 234,Malang,Jawa Timur,INITIAL
CAE0001462,CUST01216,2025-08-19,Jl. Veteran No. 233,Surabaya,Jawa Timur,MOVE
CAE0001463,CUST01216,2026-05-17,Jl. Merdeka No. 156,Bantul,DI Yogyakarta,MOVE
CAE0001464,CUST01217,2024-01-01,Jl. Kenanga No. 54,Sleman,DI Yogyakarta,INITIAL
CAE0001465,CUST01218,2024-01-01,Jl. Pemuda No. 203,Tangerang,Banten,INITIAL
CAE0001466,CUST01219,2024-01-01,Jl. Melati No. 75,Surakarta,Jawa Tengah,INITIAL
CAE0001467,CUST01220,2024-01-01,Jl. Veteran No. 12,Pontianak,Kalimantan Barat,INITIAL
CAE0001468,CUST01221,2024-01-01,Jl. Pemuda No. 156,Pontianak,Kalimantan Barat,INITIAL
CAE0001469,CUST01222,2024-01-01,Jl. Melati No. 119,Surakarta,Jawa Tengah,INITIAL
CAE0001470,CUST01222,2025-01-04,Jl. Merdeka No. 80,Malang,Jawa Timur,MOVE
CAE0001471,CUST01222,2025-06-04,Jl. Sudirman No. 195,Sleman,DI Yogyakarta,MOVE
CAE0001472,CUST01223,2024-01-01,Jl. Veteran No. 161,Surabaya,Jawa Timur,INITIAL
CAE0001473,CUST01224,2024-01-01,Jl. Merdeka No. 61,Surakarta,Jawa Tengah,INITIAL
CAE0001474,CUST01225,2024-01-01,Jl. Sudirman No. 188,Semarang,Jawa Tengah,INITIAL
CAE0001475,CUST01226,2024-01-01,Jl. Sudirman No. 159,Bekasi,Jawa Barat,INITIAL
CAE0001476,CUST01227,2024-01-01,Jl. Sudirman No. 158,Tangerang,Banten,INITIAL
CAE0001477,CUST01228,2024-01-01,Jl. Diponegoro No. 88,Jakarta,DKI Jakarta,INITIAL
CAE0001478,CUST01229,2024-01-01,Jl. Gajah Mada No. 174,Surakarta,Jawa Tengah,INITIAL
CAE0001479,CUST01230,2024-01-01,Jl. Kenanga No. 83,Samarinda,Kalimantan Timur,INITIAL
CAE0001480,CUST01230,2026-06-02,Jl. Veteran No. 233,Surakarta,Jawa Tengah,MOVE
CAE0001481,CUST01231,2024-01-01,Jl. Veteran No. 22,Makassar,Sulawesi Selatan,INITIAL
CAE0001482,CUST01232,2024-01-01,Jl. Sudirman No. 225,Medan,Sumatera Utara,INITIAL
CAE0001483,CUST01233,2024-01-01,Jl. Kenanga No. 100,Bekasi,Jawa Barat,INITIAL
CAE0001484,CUST01234,2024-01-01,Jl. Melati No. 62,Tangerang,Banten,INITIAL
CAE0001485,CUST01235,2024-01-01,Jl. Gajah Mada No. 122,Surabaya,Jawa Timur,INITIAL
CAE0001486,CUST01236,2024-01-01,Jl. Sudirman No. 134,Bantul,DI Yogyakarta,INITIAL
CAE0001487,CUST01237,2024-01-01,Jl. Gajah Mada No. 220,Surabaya,Jawa Timur,INITIAL
CAE0001488,CUST01238,2024-01-01,Jl. Sudirman No. 58,Surabaya,Jawa Timur,INITIAL
CAE0001489,CUST01239,2024-01-01,Jl. Pemuda No. 136,Samarinda,Kalimantan Timur,INITIAL
CAE0001490,CUST01240,2024-01-01,Jl. Melati No. 63,Semarang,Jawa Tengah,INITIAL
CAE0001491,CUST01241,2024-01-01,Jl. Diponegoro No. 178,Surakarta,Jawa Tengah,INITIAL
CAE0001492,CUST01242,2024-01-01,Jl. Veteran No. 3,Makassar,Sulawesi Selatan,INITIAL
CAE0001493,CUST01243,2024-01-01,Jl. Sudirman No. 52,Surabaya,Jawa Timur,INITIAL
CAE0001494,CUST01244,2024-01-01,Jl. Veteran No. 197,Tangerang,Banten,INITIAL
CAE0001495,CUST01245,2024-01-01,Jl. Veteran No. 100,Samarinda,Kalimantan Timur,INITIAL
CAE0001496,CUST01246,2024-01-01,Jl. Diponegoro No. 7,Makassar,Sulawesi Selatan,INITIAL
CAE0001497,CUST01247,2024-01-01,Jl. Diponegoro No. 203,Semarang,Jawa Tengah,INITIAL
CAE0001498,CUST01248,2024-01-01,Jl. Merdeka No. 47,Pontianak,Kalimantan Barat,INITIAL
CAE0001499,CUST01248,2025-06-09,Jl. Gajah Mada No. 247,Palembang,Sumatera Selatan,MOVE
CAE0001500,CUST01248,2026-06-13,Jl. Diponegoro No. 61,Semarang,Jawa Tengah,MOVE
CAE0001501,CUST01249,2024-01-01,Jl. Pemuda No. 7,Medan,Sumatera Utara,INITIAL
CAE0001502,CUST01249,2025-01-05,Jl. Kenanga No. 15,Palembang,Sumatera Selatan,MOVE
CAE0001503,CUST01250,2024-01-01,Jl. Sudirman No. 201,Pontianak,Kalimantan Barat,INITIAL
CAE0001504,CUST01251,2024-01-01,Jl. Merdeka No. 105,Bandung,Jawa Barat,INITIAL
CAE0001505,CUST01252,2024-01-01,Jl. Melati No. 117,Tangerang,Banten,INITIAL
CAE0001506,CUST01253,2024-01-01,Jl. Sudirman No. 78,Bekasi,Jawa Barat,INITIAL
CAE0001507,CUST01254,2024-01-01,Jl. Merdeka No. 160,Sleman,DI Yogyakarta,INITIAL
CAE0001508,CUST01255,2024-01-01,Jl. Pemuda No. 63,Surabaya,Jawa Timur,INITIAL
CAE0001509,CUST01255,2026-06-02,Jl. Kenanga No. 129,Medan,Sumatera Utara,MOVE
CAE0001510,CUST01256,2024-01-01,Jl. Kenanga No. 33,Pontianak,Kalimantan Barat,INITIAL
CAE0001511,CUST01257,2024-01-01,Jl. Diponegoro No. 45,Medan,Sumatera Utara,INITIAL
CAE0001512,CUST01258,2024-01-01,Jl. Merdeka No. 186,Semarang,Jawa Tengah,INITIAL
CAE0001513,CUST01259,2024-01-01,Jl. Kenanga No. 23,Sleman,DI Yogyakarta,INITIAL
CAE0001514,CUST01260,2024-01-01,Jl. Diponegoro No. 242,Medan,Sumatera Utara,INITIAL
CAE0001515,CUST01261,2024-01-01,Jl. Diponegoro No. 226,Bantul,DI Yogyakarta,INITIAL
CAE0001516,CUST01262,2024-01-01,Jl. Melati No. 55,Surabaya,Jawa Timur,INITIAL
CAE0001517,CUST01263,2024-01-01,Jl. Veteran No. 142,Medan,Sumatera Utara,INITIAL
CAE0001518,CUST01263,2025-07-11,Jl. Melati No. 248,Makassar,Sulawesi Selatan,MOVE
CAE0001519,CUST01264,2024-01-01,Jl. Melati No. 131,Denpasar,Bali,INITIAL
CAE0001520,CUST01265,2024-01-01,Jl. Veteran No. 22,Surakarta,Jawa Tengah,INITIAL
CAE0001521,CUST01266,2024-01-01,Jl. Merdeka No. 24,Palembang,Sumatera Selatan,INITIAL
CAE0001522,CUST01267,2024-01-01,Jl. Sudirman No. 12,Makassar,Sulawesi Selatan,INITIAL
CAE0001523,CUST01267,2025-12-15,Jl. Pemuda No. 66,Jakarta,DKI Jakarta,MOVE
CAE0001524,CUST01268,2024-01-01,Jl. Kenanga No. 98,Jakarta,DKI Jakarta,INITIAL
CAE0001525,CUST01269,2024-01-01,Jl. Pemuda No. 142,Denpasar,Bali,INITIAL
CAE0001526,CUST01270,2024-01-01,Jl. Pemuda No. 231,Depok,Jawa Barat,INITIAL
CAE0001527,CUST01271,2024-01-01,Jl. Pemuda No. 54,Tangerang,Banten,INITIAL
CAE0001528,CUST01272,2024-01-01,Jl. Melati No. 157,Jakarta,DKI Jakarta,INITIAL
CAE0001529,CUST01273,2024-01-01,Jl. Diponegoro No. 163,Yogyakarta,DI Yogyakarta,INITIAL
CAE0001530,CUST01274,2024-01-01,Jl. Sudirman No. 28,Denpasar,Bali,INITIAL
CAE0001531,CUST01275,2024-01-01,Jl. Melati No. 31,Surabaya,Jawa Timur,INITIAL
CAE0001532,CUST01276,2024-01-01,Jl. Melati No. 222,Samarinda,Kalimantan Timur,INITIAL
CAE0001533,CUST01277,2024-01-01,Jl. Kenanga No. 31,Bantul,DI Yogyakarta,INITIAL
CAE0001534,CUST01278,2024-01-01,Jl. Veteran No. 130,Makassar,Sulawesi Selatan,INITIAL
CAE0001535,CUST01279,2024-01-01,Jl. Diponegoro No. 8,Medan,Sumatera Utara,INITIAL
CAE0001536,CUST01280,2024-01-01,Jl. Sudirman No. 108,Makassar,Sulawesi Selatan,INITIAL
CAE0001537,CUST01281,2024-01-01,Jl. Merdeka No. 72,Yogyakarta,DI Yogyakarta,INITIAL
CAE0001538,CUST01282,2024-01-01,Jl. Kenanga No. 76,Denpasar,Bali,INITIAL
CAE0001539,CUST01283,2024-01-01,Jl. Sudirman No. 13,Denpasar,Bali,INITIAL
CAE0001540,CUST01284,2024-01-01,Jl. Gajah Mada No. 216,Surakarta,Jawa Tengah,INITIAL
CAE0001541,CUST01285,2024-01-01,Jl. Pemuda No. 240,Bogor,Jawa Barat,INITIAL
CAE0001542,CUST01286,2024-01-01,Jl. Melati No. 93,Bandung,Jawa Barat,INITIAL
CAE0001543,CUST01287,2024-01-01,Jl. Merdeka No. 155,Makassar,Sulawesi Selatan,INITIAL
CAE0001544,CUST01288,2024-01-01,Jl. Diponegoro No. 149,Samarinda,Kalimantan Timur,INITIAL
CAE0001545,CUST01289,2024-01-01,Jl. Pemuda No. 204,Surakarta,Jawa Tengah,INITIAL
CAE0001546,CUST01290,2024-01-01,Jl. Pemuda No. 145,Medan,Sumatera Utara,INITIAL
CAE0001547,CUST01291,2024-01-01,Jl. Diponegoro No. 74,Malang,Jawa Timur,INITIAL
CAE0001548,CUST01292,2024-01-01,Jl. Diponegoro No. 231,Sleman,DI Yogyakarta,INITIAL
CAE0001549,CUST01293,2024-01-01,Jl. Kenanga No. 5,Makassar,Sulawesi Selatan,INITIAL
CAE0001550,CUST01294,2024-01-01,Jl. Melati No. 235,Denpasar,Bali,INITIAL
CAE0001551,CUST01295,2024-01-01,Jl. Merdeka No. 132,Bogor,Jawa Barat,INITIAL
CAE0001552,CUST01296,2024-01-01,Jl. Pemuda No. 79,Denpasar,Bali,INITIAL
CAE0001553,CUST01297,2024-01-01,Jl. Pemuda No. 68,Denpasar,Bali,INITIAL
CAE0001554,CUST01298,2024-01-01,Jl. Merdeka No. 8,Bekasi,Jawa Barat,INITIAL
CAE0001555,CUST01299,2024-01-01,Jl. Merdeka No. 156,Samarinda,Kalimantan Timur,INITIAL
CAE0001556,CUST01300,2024-01-01,Jl. Kenanga No. 139,Sleman,DI Yogyakarta,INITIAL
CAE0001557,CUST01300,2026-06-13,Jl. Sudirman No. 56,Depok,Jawa Barat,MOVE
CAE0001558,CUST01301,2024-01-01,Jl. Kenanga No. 93,Medan,Sumatera Utara,INITIAL
CAE0001559,CUST01302,2024-01-01,Jl. Kenanga No. 33,Yogyakarta,DI Yogyakarta,INITIAL
CAE0001560,CUST01303,2024-01-01,Jl. Merdeka No. 104,Bandung,Jawa Barat,INITIAL
CAE0001561,CUST01304,2024-01-01,Jl. Pemuda No. 71,Surakarta,Jawa Tengah,INITIAL
CAE0001562,CUST01305,2024-01-01,Jl. Gajah Mada No. 226,Malang,Jawa Timur,INITIAL
CAE0001563,CUST01306,2024-01-01,Jl. Diponegoro No. 164,Samarinda,Kalimantan Timur,INITIAL
CAE0001564,CUST01307,2024-01-01,Jl. Melati No. 64,Bandung,Jawa Barat,INITIAL
CAE0001565,CUST01308,2024-01-01,Jl. Melati No. 80,Samarinda,Kalimantan Timur,INITIAL
CAE0001566,CUST01309,2024-01-01,Jl. Merdeka No. 39,Surakarta,Jawa Tengah,INITIAL
CAE0001567,CUST01310,2024-01-01,Jl. Gajah Mada No. 146,Sleman,DI Yogyakarta,INITIAL
CAE0001568,CUST01311,2024-01-01,Jl. Melati No. 117,Tangerang,Banten,INITIAL
CAE0001569,CUST01312,2024-01-01,Jl. Sudirman No. 83,Depok,Jawa Barat,INITIAL
CAE0001570,CUST01313,2024-01-01,Jl. Gajah Mada No. 89,Tangerang,Banten,INITIAL
CAE0001571,CUST01314,2024-01-01,Jl. Gajah Mada No. 188,Pontianak,Kalimantan Barat,INITIAL
CAE0001572,CUST01315,2024-01-01,Jl. Kenanga No. 59,Makassar,Sulawesi Selatan,INITIAL
CAE0001573,CUST01316,2024-01-01,Jl. Veteran No. 43,Medan,Sumatera Utara,INITIAL
CAE0001574,CUST01317,2024-01-01,Jl. Melati No. 130,Medan,Sumatera Utara,INITIAL
CAE0001575,CUST01318,2024-01-01,Jl. Merdeka No. 208,Malang,Jawa Timur,INITIAL
CAE0001576,CUST01319,2024-01-01,Jl. Merdeka No. 168,Bantul,DI Yogyakarta,INITIAL
CAE0001577,CUST01320,2024-01-01,Jl. Merdeka No. 87,Bogor,Jawa Barat,INITIAL
CAE0001578,CUST01321,2024-01-01,Jl. Veteran No. 77,Bogor,Jawa Barat,INITIAL
CAE0001579,CUST01321,2025-09-06,Jl. Pemuda No. 30,Palembang,Sumatera Selatan,MOVE
CAE0001580,CUST01322,2024-01-01,Jl. Kenanga No. 130,Semarang,Jawa Tengah,INITIAL
CAE0001581,CUST01323,2024-01-01,Jl. Merdeka No. 177,Surakarta,Jawa Tengah,INITIAL
CAE0001582,CUST01324,2024-01-01,Jl. Gajah Mada No. 175,Surabaya,Jawa Timur,INITIAL
CAE0001583,CUST01324,2026-09-02,Jl. Sudirman No. 233,Sleman,DI Yogyakarta,MOVE
CAE0001584,CUST01325,2024-01-01,Jl. Melati No. 100,Bogor,Jawa Barat,INITIAL
CAE0001585,CUST01326,2024-01-01,Jl. Merdeka No. 35,Makassar,Sulawesi Selatan,INITIAL
CAE0001586,CUST01327,2024-01-01,Jl. Gajah Mada No. 233,Tangerang,Banten,INITIAL
CAE0001587,CUST01328,2024-01-01,Jl. Melati No. 160,Depok,Jawa Barat,INITIAL
CAE0001588,CUST01329,2024-01-01,Jl. Sudirman No. 103,Depok,Jawa Barat,INITIAL
CAE0001589,CUST01330,2024-01-01,Jl. Melati No. 24,Bantul,DI Yogyakarta,INITIAL
CAE0001590,CUST01330,2025-11-30,Jl. Sudirman No. 37,Yogyakarta,DI Yogyakarta,MOVE
CAE0001591,CUST01331,2024-01-01,Jl. Pemuda No. 169,Denpasar,Bali,INITIAL
CAE0001592,CUST01332,2024-01-01,Jl. Veteran No. 197,Yogyakarta,DI Yogyakarta,INITIAL
CAE0001593,CUST01332,2025-03-11,Jl. Merdeka No. 106,Samarinda,Kalimantan Timur,MOVE
CAE0001594,CUST01332,2026-06-19,Jl. Kenanga No. 221,Bantul,DI Yogyakarta,MOVE
CAE0001595,CUST01333,2024-01-01,Jl. Kenanga No. 62,Bekasi,Jawa Barat,INITIAL
CAE0001596,CUST01334,2024-01-01,Jl. Merdeka No. 102,Surabaya,Jawa Timur,INITIAL
CAE0001597,CUST01335,2024-01-01,Jl. Gajah Mada No. 41,Yogyakarta,DI Yogyakarta,INITIAL
CAE0001598,CUST01335,2025-03-27,Jl. Veteran No. 42,Balikpapan,Kalimantan Timur,MOVE
CAE0001599,CUST01335,2026-02-19,Jl. Diponegoro No. 76,Jakarta,DKI Jakarta,MOVE
CAE0001600,CUST01336,2024-01-01,Jl. Veteran No. 221,Sleman,DI Yogyakarta,INITIAL
CAE0001601,CUST01337,2024-01-01,Jl. Kenanga No. 105,Bekasi,Jawa Barat,INITIAL
CAE0001602,CUST01338,2024-01-01,Jl. Pemuda No. 180,Semarang,Jawa Tengah,INITIAL
CAE0001603,CUST01339,2024-01-01,Jl. Veteran No. 131,Surabaya,Jawa Timur,INITIAL
CAE0001604,CUST01340,2024-01-01,Jl. Pemuda No. 83,Balikpapan,Kalimantan Timur,INITIAL
CAE0001605,CUST01341,2024-01-01,Jl. Diponegoro No. 19,Palembang,Sumatera Selatan,INITIAL
CAE0001606,CUST01342,2024-01-01,Jl. Diponegoro No. 43,Samarinda,Kalimantan Timur,INITIAL
CAE0001607,CUST01343,2024-01-01,Jl. Gajah Mada No. 108,Surakarta,Jawa Tengah,INITIAL
CAE0001608,CUST01344,2024-01-01,Jl. Pemuda No. 163,Depok,Jawa Barat,INITIAL
CAE0001609,CUST01344,2025-12-25,Jl. Pemuda No. 87,Denpasar,Bali,MOVE
CAE0001610,CUST01345,2024-01-01,Jl. Merdeka No. 206,Bogor,Jawa Barat,INITIAL
CAE0001611,CUST01345,2025-01-25,Jl. Merdeka No. 187,Samarinda,Kalimantan Timur,MOVE
CAE0001612,CUST01346,2024-01-01,Jl. Veteran No. 205,Medan,Sumatera Utara,INITIAL
CAE0001613,CUST01347,2024-01-01,Jl. Gajah Mada No. 130,Samarinda,Kalimantan Timur,INITIAL
CAE0001614,CUST01348,2024-01-01,Jl. Veteran No. 7,Surabaya,Jawa Timur,INITIAL
CAE0001615,CUST01348,2025-08-09,Jl. Gajah Mada No. 210,Makassar,Sulawesi Selatan,MOVE
CAE0001616,CUST01349,2024-01-01,Jl. Pemuda No. 105,Medan,Sumatera Utara,INITIAL
CAE0001617,CUST01350,2024-01-01,Jl. Pemuda No. 88,Palembang,Sumatera Selatan,INITIAL
CAE0001618,CUST01351,2024-01-01,Jl. Diponegoro No. 27,Sleman,DI Yogyakarta,INITIAL
CAE0001619,CUST01352,2024-01-01,Jl. Diponegoro No. 68,Medan,Sumatera Utara,INITIAL
CAE0001620,CUST01353,2024-01-01,Jl. Diponegoro No. 6,Surabaya,Jawa Timur,INITIAL
CAE0001621,CUST01354,2024-01-01,Jl. Merdeka No. 246,Medan,Sumatera Utara,INITIAL
CAE0001622,CUST01355,2024-01-01,Jl. Diponegoro No. 39,Surabaya,Jawa Timur,INITIAL
CAE0001623,CUST01355,2026-08-15,Jl. Gajah Mada No. 75,Surakarta,Jawa Tengah,MOVE
CAE0001624,CUST01356,2024-01-01,Jl. Melati No. 59,Yogyakarta,DI Yogyakarta,INITIAL
CAE0001625,CUST01357,2024-01-01,Jl. Pemuda No. 1,Denpasar,Bali,INITIAL
CAE0001626,CUST01358,2024-01-01,Jl. Pemuda No. 48,Samarinda,Kalimantan Timur,INITIAL
CAE0001627,CUST01359,2024-01-01,Jl. Merdeka No. 64,Pontianak,Kalimantan Barat,INITIAL
CAE0001628,CUST01359,2026-09-10,Jl. Kenanga No. 155,Yogyakarta,DI Yogyakarta,MOVE
CAE0001629,CUST01360,2024-01-01,Jl. Veteran No. 132,Malang,Jawa Timur,INITIAL
CAE0001630,CUST01361,2024-01-01,Jl. Kenanga No. 148,Surakarta,Jawa Tengah,INITIAL
CAE0001631,CUST01362,2024-01-01,Jl. Pemuda No. 165,Samarinda,Kalimantan Timur,INITIAL
CAE0001632,CUST01363,2024-01-01,Jl. Melati No. 157,Medan,Sumatera Utara,INITIAL
CAE0001633,CUST01364,2024-01-01,Jl. Pemuda No. 176,Yogyakarta,DI Yogyakarta,INITIAL
CAE0001634,CUST01365,2024-01-01,Jl. Diponegoro No. 19,Jakarta,DKI Jakarta,INITIAL
CAE0001635,CUST01365,2025-05-10,Jl. Sudirman No. 178,Bekasi,Jawa Barat,MOVE
CAE0001636,CUST01366,2024-01-01,Jl. Diponegoro No. 90,Jakarta,DKI Jakarta,INITIAL
CAE0001637,CUST01366,2026-08-30,Jl. Merdeka No. 135,Pontianak,Kalimantan Barat,MOVE
CAE0001638,CUST01367,2024-01-01,Jl. Pemuda No. 140,Palembang,Sumatera Selatan,INITIAL
CAE0001639,CUST01368,2024-01-01,Jl. Veteran No. 203,Makassar,Sulawesi Selatan,INITIAL
CAE0001640,CUST01369,2024-01-01,Jl. Gajah Mada No. 126,Samarinda,Kalimantan Timur,INITIAL
CAE0001641,CUST01370,2024-01-01,Jl. Diponegoro No. 141,Bandung,Jawa Barat,INITIAL
CAE0001642,CUST01371,2024-01-01,Jl. Veteran No. 41,Bekasi,Jawa Barat,INITIAL
CAE0001643,CUST01372,2024-01-01,Jl. Kenanga No. 193,Bantul,DI Yogyakarta,INITIAL
CAE0001644,CUST01373,2024-01-01,Jl. Diponegoro No. 113,Bantul,DI Yogyakarta,INITIAL
CAE0001645,CUST01374,2024-01-01,Jl. Merdeka No. 191,Semarang,Jawa Tengah,INITIAL
CAE0001646,CUST01375,2024-01-01,Jl. Pemuda No. 108,Balikpapan,Kalimantan Timur,INITIAL
CAE0001647,CUST01376,2024-01-01,Jl. Veteran No. 16,Bogor,Jawa Barat,INITIAL
CAE0001648,CUST01377,2024-01-01,Jl. Kenanga No. 33,Samarinda,Kalimantan Timur,INITIAL
CAE0001649,CUST01377,2025-10-15,Jl. Veteran No. 44,Palembang,Sumatera Selatan,MOVE
CAE0001650,CUST01378,2024-01-01,Jl. Gajah Mada No. 136,Bekasi,Jawa Barat,INITIAL
CAE0001651,CUST01379,2024-01-01,Jl. Melati No. 43,Sleman,DI Yogyakarta,INITIAL
CAE0001652,CUST01380,2024-01-01,Jl. Sudirman No. 118,Makassar,Sulawesi Selatan,INITIAL
CAE0001653,CUST01381,2024-01-01,Jl. Diponegoro No. 40,Yogyakarta,DI Yogyakarta,INITIAL
CAE0001654,CUST01382,2024-01-01,Jl. Kenanga No. 243,Sleman,DI Yogyakarta,INITIAL
CAE0001655,CUST01382,2025-03-23,Jl. Pemuda No. 123,Bantul,DI Yogyakarta,MOVE
CAE0001656,CUST01383,2024-01-01,Jl. Merdeka No. 43,Denpasar,Bali,INITIAL
CAE0001657,CUST01384,2024-01-01,Jl. Merdeka No. 167,Surabaya,Jawa Timur,INITIAL
CAE0001658,CUST01385,2024-01-01,Jl. Diponegoro No. 250,Makassar,Sulawesi Selatan,INITIAL
CAE0001659,CUST01385,2026-08-04,Jl. Merdeka No. 44,Bogor,Jawa Barat,MOVE
CAE0001660,CUST01386,2024-01-01,Jl. Pemuda No. 19,Pontianak,Kalimantan Barat,INITIAL
CAE0001661,CUST01387,2024-01-01,Jl. Veteran No. 239,Jakarta,DKI Jakarta,INITIAL
CAE0001662,CUST01388,2024-01-01,Jl. Gajah Mada No. 162,Surabaya,Jawa Timur,INITIAL
CAE0001663,CUST01389,2024-01-01,Jl. Gajah Mada No. 88,Malang,Jawa Timur,INITIAL
CAE0001664,CUST01390,2024-01-01,Jl. Gajah Mada No. 184,Semarang,Jawa Tengah,INITIAL
CAE0001665,CUST01391,2024-01-01,Jl. Melati No. 79,Bekasi,Jawa Barat,INITIAL
CAE0001666,CUST01392,2024-01-01,Jl. Kenanga No. 142,Samarinda,Kalimantan Timur,INITIAL
CAE0001667,CUST01393,2024-01-01,Jl. Sudirman No. 68,Samarinda,Kalimantan Timur,INITIAL
CAE0001668,CUST01393,2025-10-06,Jl. Gajah Mada No. 155,Palembang,Sumatera Selatan,MOVE
CAE0001669,CUST01394,2024-01-01,Jl. Pemuda No. 40,Makassar,Sulawesi Selatan,INITIAL
CAE0001670,CUST01395,2024-01-01,Jl. Pemuda No. 24,Bandung,Jawa Barat,INITIAL
CAE0001671,CUST01396,2024-01-01,Jl. Merdeka No. 193,Surakarta,Jawa Tengah,INITIAL
CAE0001672,CUST01397,2024-01-01,Jl. Merdeka No. 64,Yogyakarta,DI Yogyakarta,INITIAL
CAE0001673,CUST01398,2024-01-01,Jl. Veteran No. 97,Medan,Sumatera Utara,INITIAL
CAE0001674,CUST01399,2024-01-01,Jl. Merdeka No. 246,Bandung,Jawa Barat,INITIAL
CAE0001675,CUST01399,2025-01-17,Jl. Kenanga No. 109,Palembang,Sumatera Selatan,MOVE
CAE0001676,CUST01400,2024-01-01,Jl. Merdeka No. 187,Jakarta,DKI Jakarta,INITIAL
CAE0001677,CUST01401,2024-01-01,Jl. Sudirman No. 134,Bantul,DI Yogyakarta,INITIAL
CAE0001678,CUST01402,2024-01-01,Jl. Veteran No. 211,Medan,Sumatera Utara,INITIAL
CAE0001679,CUST01403,2024-01-01,Jl. Veteran No. 34,Bekasi,Jawa Barat,INITIAL
CAE0001680,CUST01404,2024-01-01,Jl. Pemuda No. 63,Tangerang,Banten,INITIAL
CAE0001681,CUST01405,2024-01-01,Jl. Kenanga No. 129,Surabaya,Jawa Timur,INITIAL
CAE0001682,CUST01406,2024-01-01,Jl. Kenanga No. 208,Medan,Sumatera Utara,INITIAL
CAE0001683,CUST01407,2024-01-01,Jl. Veteran No. 182,Tangerang,Banten,INITIAL
CAE0001684,CUST01408,2024-01-01,Jl. Melati No. 238,Denpasar,Bali,INITIAL
CAE0001685,CUST01409,2024-01-01,Jl. Melati No. 148,Jakarta,DKI Jakarta,INITIAL
CAE0001686,CUST01409,2025-07-02,Jl. Veteran No. 138,Palembang,Sumatera Selatan,MOVE
CAE0001687,CUST01410,2024-01-01,Jl. Merdeka No. 28,Pontianak,Kalimantan Barat,INITIAL
CAE0001688,CUST01410,2025-11-28,Jl. Gajah Mada No. 173,Samarinda,Kalimantan Timur,MOVE
CAE0001689,CUST01411,2024-01-01,Jl. Melati No. 32,Yogyakarta,DI Yogyakarta,INITIAL
CAE0001690,CUST01412,2024-01-01,Jl. Sudirman No. 248,Bekasi,Jawa Barat,INITIAL
CAE0001691,CUST01412,2025-12-10,Jl. Pemuda No. 177,Balikpapan,Kalimantan Timur,MOVE
CAE0001692,CUST01413,2024-01-01,Jl. Pemuda No. 195,Bantul,DI Yogyakarta,INITIAL
CAE0001693,CUST01414,2024-01-01,Jl. Diponegoro No. 137,Balikpapan,Kalimantan Timur,INITIAL
CAE0001694,CUST01415,2024-01-01,Jl. Merdeka No. 191,Surabaya,Jawa Timur,INITIAL
CAE0001695,CUST01416,2024-01-01,Jl. Merdeka No. 201,Bogor,Jawa Barat,INITIAL
CAE0001696,CUST01417,2024-01-01,Jl. Veteran No. 244,Samarinda,Kalimantan Timur,INITIAL
CAE0001697,CUST01418,2024-01-01,Jl. Merdeka No. 53,Bekasi,Jawa Barat,INITIAL
CAE0001698,CUST01418,2026-05-29,Jl. Merdeka No. 201,Jakarta,DKI Jakarta,MOVE
CAE0001699,CUST01419,2024-01-01,Jl. Veteran No. 171,Tangerang,Banten,INITIAL
CAE0001700,CUST01420,2024-01-01,Jl. Pemuda No. 176,Bandung,Jawa Barat,INITIAL
CAE0001701,CUST01421,2024-01-01,Jl. Pemuda No. 134,Denpasar,Bali,INITIAL
CAE0001702,CUST01422,2024-01-01,Jl. Gajah Mada No. 131,Bogor,Jawa Barat,INITIAL
CAE0001703,CUST01422,2025-02-27,Jl. Gajah Mada No. 140,Samarinda,Kalimantan Timur,MOVE
CAE0001704,CUST01423,2024-01-01,Jl. Pemuda No. 29,Tangerang,Banten,INITIAL
CAE0001705,CUST01424,2024-01-01,Jl. Sudirman No. 3,Semarang,Jawa Tengah,INITIAL
CAE0001706,CUST01425,2024-01-01,Jl. Merdeka No. 247,Yogyakarta,DI Yogyakarta,INITIAL
CAE0001707,CUST01426,2024-01-01,Jl. Kenanga No. 153,Balikpapan,Kalimantan Timur,INITIAL
CAE0001708,CUST01427,2024-01-01,Jl. Melati No. 241,Surakarta,Jawa Tengah,INITIAL
CAE0001709,CUST01428,2024-01-01,Jl. Gajah Mada No. 208,Palembang,Sumatera Selatan,INITIAL
CAE0001710,CUST01429,2024-01-01,Jl. Melati No. 12,Semarang,Jawa Tengah,INITIAL
CAE0001711,CUST01430,2024-01-01,Jl. Pemuda No. 134,Palembang,Sumatera Selatan,INITIAL
CAE0001712,CUST01431,2024-01-01,Jl. Gajah Mada No. 137,Surakarta,Jawa Tengah,INITIAL
CAE0001713,CUST01432,2024-01-01,Jl. Diponegoro No. 62,Bogor,Jawa Barat,INITIAL
CAE0001714,CUST01433,2024-01-01,Jl. Sudirman No. 211,Sleman,DI Yogyakarta,INITIAL
CAE0001715,CUST01434,2024-01-01,Jl. Melati No. 210,Depok,Jawa Barat,INITIAL
CAE0001716,CUST01434,2025-06-01,Jl. Diponegoro No. 235,Semarang,Jawa Tengah,MOVE
CAE0001717,CUST01435,2024-01-01,Jl. Diponegoro No. 212,Pontianak,Kalimantan Barat,INITIAL
CAE0001718,CUST01436,2024-01-01,Jl. Veteran No. 151,Bantul,DI Yogyakarta,INITIAL
CAE0001719,CUST01437,2024-01-01,Jl. Gajah Mada No. 66,Bogor,Jawa Barat,INITIAL
CAE0001720,CUST01437,2026-02-10,Jl. Pemuda No. 200,Yogyakarta,DI Yogyakarta,MOVE
CAE0001721,CUST01438,2024-01-01,Jl. Gajah Mada No. 243,Bekasi,Jawa Barat,INITIAL
CAE0001722,CUST01439,2024-01-01,Jl. Merdeka No. 112,Yogyakarta,DI Yogyakarta,INITIAL
CAE0001723,CUST01440,2024-01-01,Jl. Kenanga No. 109,Medan,Sumatera Utara,INITIAL
CAE0001724,CUST01441,2024-01-01,Jl. Diponegoro No. 64,Makassar,Sulawesi Selatan,INITIAL
CAE0001725,CUST01442,2024-01-01,Jl. Gajah Mada No. 110,Denpasar,Bali,INITIAL
CAE0001726,CUST01443,2024-01-01,Jl. Sudirman No. 48,Depok,Jawa Barat,INITIAL
CAE0001727,CUST01444,2024-01-01,Jl. Pemuda No. 131,Depok,Jawa Barat,INITIAL
CAE0001728,CUST01445,2024-01-01,Jl. Gajah Mada No. 245,Denpasar,Bali,INITIAL
CAE0001729,CUST01445,2026-01-11,Jl. Gajah Mada No. 56,Semarang,Jawa Tengah,MOVE
CAE0001730,CUST01446,2024-01-01,Jl. Merdeka No. 89,Samarinda,Kalimantan Timur,INITIAL
CAE0001731,CUST01447,2024-01-01,Jl. Sudirman No. 51,Makassar,Sulawesi Selatan,INITIAL
CAE0001732,CUST01447,2025-10-09,Jl. Merdeka No. 145,Samarinda,Kalimantan Timur,MOVE
CAE0001733,CUST01448,2024-01-01,Jl. Veteran No. 237,Pontianak,Kalimantan Barat,INITIAL
CAE0001734,CUST01449,2024-01-01,Jl. Melati No. 41,Depok,Jawa Barat,INITIAL
CAE0001735,CUST01450,2024-01-01,Jl. Pemuda No. 209,Tangerang,Banten,INITIAL
CAE0001736,CUST01450,2026-09-18,Jl. Gajah Mada No. 239,Pontianak,Kalimantan Barat,MOVE
CAE0001737,CUST01451,2024-01-01,Jl. Kenanga No. 142,Tangerang,Banten,INITIAL
CAE0001738,CUST01452,2024-01-01,Jl. Diponegoro No. 231,Palembang,Sumatera Selatan,INITIAL
CAE0001739,CUST01453,2024-01-01,Jl. Diponegoro No. 31,Balikpapan,Kalimantan Timur,INITIAL
CAE0001740,CUST01454,2024-01-01,Jl. Sudirman No. 222,Samarinda,Kalimantan Timur,INITIAL
CAE0001741,CUST01455,2024-01-01,Jl. Gajah Mada No. 17,Denpasar,Bali,INITIAL
CAE0001742,CUST01455,2025-12-28,Jl. Kenanga No. 89,Semarang,Jawa Tengah,MOVE
CAE0001743,CUST01455,2026-03-20,Jl. Pemuda No. 47,Surabaya,Jawa Timur,MOVE
CAE0001744,CUST01456,2024-01-01,Jl. Merdeka No. 211,Surabaya,Jawa Timur,INITIAL
CAE0001745,CUST01457,2024-01-01,Jl. Gajah Mada No. 200,Yogyakarta,DI Yogyakarta,INITIAL
CAE0001746,CUST01457,2026-04-08,Jl. Pemuda No. 76,Malang,Jawa Timur,MOVE
CAE0001747,CUST01458,2024-01-01,Jl. Gajah Mada No. 65,Samarinda,Kalimantan Timur,INITIAL
CAE0001748,CUST01459,2024-01-01,Jl. Melati No. 162,Bekasi,Jawa Barat,INITIAL
CAE0001749,CUST01459,2025-04-02,Jl. Gajah Mada No. 195,Depok,Jawa Barat,MOVE
CAE0001750,CUST01460,2024-01-01,Jl. Diponegoro No. 102,Tangerang,Banten,INITIAL
CAE0001751,CUST01461,2024-01-01,Jl. Kenanga No. 32,Bandung,Jawa Barat,INITIAL
CAE0001752,CUST01462,2024-01-01,Jl. Gajah Mada No. 225,Balikpapan,Kalimantan Timur,INITIAL
CAE0001753,CUST01463,2024-01-01,Jl. Sudirman No. 159,Depok,Jawa Barat,INITIAL
CAE0001754,CUST01464,2024-01-01,Jl. Diponegoro No. 87,Samarinda,Kalimantan Timur,INITIAL
CAE0001755,CUST01465,2024-01-01,Jl. Veteran No. 193,Bandung,Jawa Barat,INITIAL
CAE0001756,CUST01466,2024-01-01,Jl. Melati No. 147,Samarinda,Kalimantan Timur,INITIAL
CAE0001757,CUST01466,2025-06-14,Jl. Sudirman No. 144,Sleman,DI Yogyakarta,MOVE
CAE0001758,CUST01467,2024-01-01,Jl. Veteran No. 245,Balikpapan,Kalimantan Timur,INITIAL
CAE0001759,CUST01468,2024-01-01,Jl. Veteran No. 117,Tangerang,Banten,INITIAL
CAE0001760,CUST01469,2024-01-01,Jl. Melati No. 140,Bogor,Jawa Barat,INITIAL
CAE0001761,CUST01470,2024-01-01,Jl. Pemuda No. 91,Surakarta,Jawa Tengah,INITIAL
CAE0001762,CUST01471,2024-01-01,Jl. Melati No. 40,Bogor,Jawa Barat,INITIAL
CAE0001763,CUST01472,2024-01-01,Jl. Pemuda No. 139,Balikpapan,Kalimantan Timur,INITIAL
CAE0001764,CUST01473,2024-01-01,Jl. Sudirman No. 167,Pontianak,Kalimantan Barat,INITIAL
CAE0001765,CUST01474,2024-01-01,Jl. Kenanga No. 86,Palembang,Sumatera Selatan,INITIAL
CAE0001766,CUST01474,2025-07-24,Jl. Merdeka No. 150,Medan,Sumatera Utara,MOVE
CAE0001767,CUST01475,2024-01-01,Jl. Melati No. 240,Pontianak,Kalimantan Barat,INITIAL
CAE0001768,CUST01476,2024-01-01,Jl. Pemuda No. 198,Yogyakarta,DI Yogyakarta,INITIAL
CAE0001769,CUST01477,2024-01-01,Jl. Melati No. 51,Sleman,DI Yogyakarta,INITIAL
CAE0001770,CUST01478,2024-01-01,Jl. Diponegoro No. 219,Depok,Jawa Barat,INITIAL
CAE0001771,CUST01478,2025-05-19,Jl. Gajah Mada No. 158,Makassar,Sulawesi Selatan,MOVE
CAE0001772,CUST01479,2024-01-01,Jl. Merdeka No. 14,Medan,Sumatera Utara,INITIAL
CAE0001773,CUST01480,2024-01-01,Jl. Veteran No. 89,Pontianak,Kalimantan Barat,INITIAL
CAE0001774,CUST01481,2024-01-01,Jl. Kenanga No. 250,Denpasar,Bali,INITIAL
CAE0001775,CUST01482,2024-01-01,Jl. Diponegoro No. 149,Balikpapan,Kalimantan Timur,INITIAL
CAE0001776,CUST01483,2024-01-01,Jl. Veteran No. 100,Denpasar,Bali,INITIAL
CAE0001777,CUST01484,2024-01-01,Jl. Merdeka No. 66,Bantul,DI Yogyakarta,INITIAL
CAE0001778,CUST01485,2024-01-01,Jl. Sudirman No. 125,Balikpapan,Kalimantan Timur,INITIAL
CAE0001779,CUST01485,2025-10-19,Jl. Diponegoro No. 86,Sleman,DI Yogyakarta,MOVE
CAE0001780,CUST01486,2024-01-01,Jl. Pemuda No. 45,Samarinda,Kalimantan Timur,INITIAL
CAE0001781,CUST01487,2024-01-01,Jl. Sudirman No. 212,Denpasar,Bali,INITIAL
CAE0001782,CUST01488,2024-01-01,Jl. Melati No. 167,Malang,Jawa Timur,INITIAL
CAE0001783,CUST01489,2024-01-01,Jl. Melati No. 117,Jakarta,DKI Jakarta,INITIAL
CAE0001784,CUST01490,2024-01-01,Jl. Veteran No. 213,Malang,Jawa Timur,INITIAL
CAE0001785,CUST01491,2024-01-01,Jl. Veteran No. 154,Medan,Sumatera Utara,INITIAL
CAE0001786,CUST01492,2024-01-01,Jl. Melati No. 157,Makassar,Sulawesi Selatan,INITIAL
CAE0001787,CUST01493,2024-01-01,Jl. Diponegoro No. 164,Surabaya,Jawa Timur,INITIAL
CAE0001788,CUST01494,2024-01-01,Jl. Gajah Mada No. 192,Denpasar,Bali,INITIAL
CAE0001789,CUST01495,2024-01-01,Jl. Pemuda No. 23,Sleman,DI Yogyakarta,INITIAL
CAE0001790,CUST01496,2024-01-01,Jl. Sudirman No. 36,Balikpapan,Kalimantan Timur,INITIAL
CAE0001791,CUST01497,2024-01-01,Jl. Sudirman No. 40,Pontianak,Kalimantan Barat,INITIAL
CAE0001792,CUST01498,2024-01-01,Jl. Veteran No. 204,Depok,Jawa Barat,INITIAL
CAE0001793,CUST01499,2024-01-01,Jl. Diponegoro No. 212,Sleman,DI Yogyakarta,INITIAL
CAE0001794,CUST01500,2024-01-01,Jl. Merdeka No. 128,Yogyakarta,DI Yogyakarta,INITIAL
CAE0001795,CUST01501,2024-01-01,Jl. Gajah Mada No. 13,Denpasar,Bali,INITIAL
CAE0001796,CUST01502,2024-01-01,Jl. Gajah Mada No. 4,Bogor,Jawa Barat,INITIAL
CAE0001797,CUST01503,2024-01-01,Jl. Gajah Mada No. 229,Makassar,Sulawesi Selatan,INITIAL
CAE0001798,CUST01504,2024-01-01,Jl. Merdeka No. 32,Yogyakarta,DI Yogyakarta,INITIAL
CAE0001799,CUST01505,2024-01-01,Jl. Diponegoro No. 241,Tangerang,Banten,INITIAL
CAE0001800,CUST01506,2024-01-01,Jl. Merdeka No. 79,Pontianak,Kalimantan Barat,INITIAL
CAE0001801,CUST01506,2025-01-28,Jl. Melati No. 8,Samarinda,Kalimantan Timur,MOVE
CAE0001802,CUST01506,2026-06-10,Jl. Diponegoro No. 178,Balikpapan,Kalimantan Timur,MOVE
CAE0001803,CUST01507,2024-01-01,Jl. Melati No. 118,Palembang,Sumatera Selatan,INITIAL
CAE0001804,CUST01508,2024-01-01,Jl. Veteran No. 98,Tangerang,Banten,INITIAL
CAE0001805,CUST01508,2026-07-14,Jl. Merdeka No. 73,Sleman,DI Yogyakarta,MOVE
CAE0001806,CUST01509,2024-01-01,Jl. Sudirman No. 67,Bekasi,Jawa Barat,INITIAL
CAE0001807,CUST01510,2024-01-01,Jl. Merdeka No. 248,Sleman,DI Yogyakarta,INITIAL
CAE0001808,CUST01510,2025-09-23,Jl. Diponegoro No. 70,Bogor,Jawa Barat,MOVE
CAE0001809,CUST01511,2024-01-01,Jl. Pemuda No. 171,Palembang,Sumatera Selatan,INITIAL
CAE0001810,CUST01511,2025-09-26,Jl. Pemuda No. 70,Depok,Jawa Barat,MOVE
CAE0001811,CUST01512,2024-01-01,Jl. Pemuda No. 36,Medan,Sumatera Utara,INITIAL
CAE0001812,CUST01513,2024-01-01,Jl. Melati No. 235,Denpasar,Bali,INITIAL
CAE0001813,CUST01514,2024-01-01,Jl. Melati No. 245,Denpasar,Bali,INITIAL
CAE0001814,CUST01515,2024-01-01,Jl. Gajah Mada No. 159,Denpasar,Bali,INITIAL
CAE0001815,CUST01516,2024-01-01,Jl. Veteran No. 68,Pontianak,Kalimantan Barat,INITIAL
CAE0001816,CUST01516,2025-07-04,Jl. Gajah Mada No. 87,Palembang,Sumatera Selatan,MOVE
CAE0001817,CUST01517,2024-01-01,Jl. Diponegoro No. 49,Tangerang,Banten,INITIAL
CAE0001818,CUST01518,2024-01-01,Jl. Melati No. 102,Medan,Sumatera Utara,INITIAL
CAE0001819,CUST01519,2024-01-01,Jl. Gajah Mada No. 181,Pontianak,Kalimantan Barat,INITIAL
CAE0001820,CUST01520,2024-01-01,Jl. Merdeka No. 141,Depok,Jawa Barat,INITIAL
CAE0001821,CUST01521,2024-01-01,Jl. Gajah Mada No. 87,Yogyakarta,DI Yogyakarta,INITIAL
CAE0001822,CUST01522,2024-01-01,Jl. Sudirman No. 39,Palembang,Sumatera Selatan,INITIAL
CAE0001823,CUST01523,2024-01-01,Jl. Pemuda No. 44,Medan,Sumatera Utara,INITIAL
CAE0001824,CUST01523,2026-04-20,Jl. Sudirman No. 88,Surabaya,Jawa Timur,MOVE
CAE0001825,CUST01524,2024-01-01,Jl. Gajah Mada No. 116,Makassar,Sulawesi Selatan,INITIAL
CAE0001826,CUST01525,2024-01-01,Jl. Melati No. 88,Bogor,Jawa Barat,INITIAL
CAE0001827,CUST01526,2024-01-01,Jl. Veteran No. 43,Samarinda,Kalimantan Timur,INITIAL
CAE0001828,CUST01527,2024-01-01,Jl. Gajah Mada No. 170,Malang,Jawa Timur,INITIAL
CAE0001829,CUST01528,2024-01-01,Jl. Gajah Mada No. 83,Denpasar,Bali,INITIAL
CAE0001830,CUST01529,2024-01-01,Jl. Pemuda No. 16,Bandung,Jawa Barat,INITIAL
CAE0001831,CUST01530,2024-01-01,Jl. Sudirman No. 5,Pontianak,Kalimantan Barat,INITIAL
CAE0001832,CUST01531,2024-01-01,Jl. Veteran No. 245,Bekasi,Jawa Barat,INITIAL
CAE0001833,CUST01531,2025-08-27,Jl. Merdeka No. 72,Yogyakarta,DI Yogyakarta,MOVE
CAE0001834,CUST01532,2024-01-01,Jl. Merdeka No. 187,Medan,Sumatera Utara,INITIAL
CAE0001835,CUST01533,2024-01-01,Jl. Diponegoro No. 28,Makassar,Sulawesi Selatan,INITIAL
CAE0001836,CUST01534,2024-01-01,Jl. Pemuda No. 194,Semarang,Jawa Tengah,INITIAL
CAE0001837,CUST01535,2024-01-01,Jl. Kenanga No. 135,Palembang,Sumatera Selatan,INITIAL
CAE0001838,CUST01536,2024-01-01,Jl. Pemuda No. 163,Palembang,Sumatera Selatan,INITIAL
CAE0001839,CUST01536,2025-03-21,Jl. Pemuda No. 133,Bekasi,Jawa Barat,MOVE
CAE0001840,CUST01537,2024-01-01,Jl. Gajah Mada No. 149,Surakarta,Jawa Tengah,INITIAL
CAE0001841,CUST01538,2024-01-01,Jl. Pemuda No. 214,Sleman,DI Yogyakarta,INITIAL
CAE0001842,CUST01539,2024-01-01,Jl. Merdeka No. 91,Makassar,Sulawesi Selatan,INITIAL
CAE0001843,CUST01539,2025-08-30,Jl. Merdeka No. 218,Bantul,DI Yogyakarta,MOVE
CAE0001844,CUST01539,2026-09-04,Jl. Gajah Mada No. 103,Surabaya,Jawa Timur,MOVE
CAE0001845,CUST01540,2024-01-01,Jl. Merdeka No. 62,Surakarta,Jawa Tengah,INITIAL
CAE0001846,CUST01541,2024-01-01,Jl. Pemuda No. 28,Bogor,Jawa Barat,INITIAL
CAE0001847,CUST01542,2024-01-01,Jl. Kenanga No. 190,Makassar,Sulawesi Selatan,INITIAL
CAE0001848,CUST01543,2024-01-01,Jl. Kenanga No. 164,Makassar,Sulawesi Selatan,INITIAL
CAE0001849,CUST01544,2024-01-01,Jl. Sudirman No. 125,Surabaya,Jawa Timur,INITIAL
CAE0001850,CUST01545,2024-01-01,Jl. Pemuda No. 12,Denpasar,Bali,INITIAL
CAE0001851,CUST01546,2024-01-01,Jl. Merdeka No. 211,Pontianak,Kalimantan Barat,INITIAL
CAE0001852,CUST01547,2024-01-01,Jl. Sudirman No. 166,Sleman,DI Yogyakarta,INITIAL
CAE0001853,CUST01548,2024-01-01,Jl. Veteran No. 38,Bantul,DI Yogyakarta,INITIAL
CAE0001854,CUST01549,2024-01-01,Jl. Veteran No. 9,Samarinda,Kalimantan Timur,INITIAL
CAE0001855,CUST01550,2024-01-01,Jl. Sudirman No. 44,Semarang,Jawa Tengah,INITIAL
CAE0001856,CUST01550,2025-08-16,Jl. Veteran No. 189,Sleman,DI Yogyakarta,MOVE
CAE0001857,CUST01550,2026-06-15,Jl. Kenanga No. 217,Bantul,DI Yogyakarta,MOVE
CAE0001858,CUST01551,2024-01-01,Jl. Pemuda No. 237,Surakarta,Jawa Tengah,INITIAL
CAE0001859,CUST01552,2024-01-01,Jl. Gajah Mada No. 115,Tangerang,Banten,INITIAL
CAE0001860,CUST01553,2024-01-01,Jl. Melati No. 172,Denpasar,Bali,INITIAL
CAE0001861,CUST01554,2024-01-01,Jl. Sudirman No. 211,Yogyakarta,DI Yogyakarta,INITIAL
CAE0001862,CUST01554,2025-01-22,Jl. Gajah Mada No. 244,Medan,Sumatera Utara,MOVE
CAE0001863,CUST01555,2024-01-01,Jl. Melati No. 43,Sleman,DI Yogyakarta,INITIAL
CAE0001864,CUST01556,2024-01-01,Jl. Kenanga No. 121,Balikpapan,Kalimantan Timur,INITIAL
CAE0001865,CUST01556,2025-01-04,Jl. Veteran No. 23,Medan,Sumatera Utara,MOVE
CAE0001866,CUST01557,2024-01-01,Jl. Gajah Mada No. 147,Bogor,Jawa Barat,INITIAL
CAE0001867,CUST01558,2024-01-01,Jl. Diponegoro No. 222,Jakarta,DKI Jakarta,INITIAL
CAE0001868,CUST01559,2024-01-01,Jl. Sudirman No. 27,Pontianak,Kalimantan Barat,INITIAL
CAE0001869,CUST01560,2024-01-01,Jl. Kenanga No. 203,Denpasar,Bali,INITIAL
CAE0001870,CUST01561,2024-01-01,Jl. Gajah Mada No. 3,Yogyakarta,DI Yogyakarta,INITIAL
CAE0001871,CUST01562,2024-01-01,Jl. Veteran No. 243,Tangerang,Banten,INITIAL
CAE0001872,CUST01563,2024-01-01,Jl. Gajah Mada No. 55,Samarinda,Kalimantan Timur,INITIAL
CAE0001873,CUST01563,2025-04-27,Jl. Sudirman No. 156,Bekasi,Jawa Barat,MOVE
CAE0001874,CUST01564,2024-01-01,Jl. Melati No. 114,Samarinda,Kalimantan Timur,INITIAL
CAE0001875,CUST01565,2024-01-01,Jl. Merdeka No. 95,Pontianak,Kalimantan Barat,INITIAL
CAE0001876,CUST01566,2024-01-01,Jl. Diponegoro No. 239,Bekasi,Jawa Barat,INITIAL
CAE0001877,CUST01566,2025-02-22,Jl. Melati No. 83,Balikpapan,Kalimantan Timur,MOVE
CAE0001878,CUST01566,2026-08-28,Jl. Diponegoro No. 80,Malang,Jawa Timur,MOVE
CAE0001879,CUST01567,2024-01-01,Jl. Diponegoro No. 79,Samarinda,Kalimantan Timur,INITIAL
CAE0001880,CUST01568,2024-01-01,Jl. Sudirman No. 3,Palembang,Sumatera Selatan,INITIAL
CAE0001881,CUST01569,2024-01-01,Jl. Melati No. 29,Yogyakarta,DI Yogyakarta,INITIAL
CAE0001882,CUST01570,2024-01-01,Jl. Merdeka No. 217,Bantul,DI Yogyakarta,INITIAL
CAE0001883,CUST01571,2024-01-01,Jl. Gajah Mada No. 181,Palembang,Sumatera Selatan,INITIAL
CAE0001884,CUST01572,2024-01-01,Jl. Diponegoro No. 6,Makassar,Sulawesi Selatan,INITIAL
CAE0001885,CUST01573,2024-01-01,Jl. Kenanga No. 132,Tangerang,Banten,INITIAL
CAE0001886,CUST01574,2024-01-01,Jl. Sudirman No. 241,Depok,Jawa Barat,INITIAL
CAE0001887,CUST01575,2024-01-01,Jl. Veteran No. 203,Makassar,Sulawesi Selatan,INITIAL
CAE0001888,CUST01576,2024-01-01,Jl. Veteran No. 104,Semarang,Jawa Tengah,INITIAL
CAE0001889,CUST01577,2024-01-01,Jl. Veteran No. 204,Bekasi,Jawa Barat,INITIAL
CAE0001890,CUST01578,2024-01-01,Jl. Veteran No. 216,Malang,Jawa Timur,INITIAL
CAE0001891,CUST01578,2025-07-14,Jl. Gajah Mada No. 133,Pontianak,Kalimantan Barat,MOVE
CAE0001892,CUST01579,2024-01-01,Jl. Veteran No. 172,Samarinda,Kalimantan Timur,INITIAL
CAE0001893,CUST01580,2024-01-01,Jl. Merdeka No. 63,Denpasar,Bali,INITIAL
CAE0001894,CUST01581,2024-01-01,Jl. Pemuda No. 90,Jakarta,DKI Jakarta,INITIAL
CAE0001895,CUST01582,2024-01-01,Jl. Diponegoro No. 159,Semarang,Jawa Tengah,INITIAL
CAE0001896,CUST01583,2024-01-01,Jl. Sudirman No. 59,Medan,Sumatera Utara,INITIAL
CAE0001897,CUST01583,2025-05-12,Jl. Kenanga No. 10,Makassar,Sulawesi Selatan,MOVE
CAE0001898,CUST01584,2024-01-01,Jl. Diponegoro No. 117,Bogor,Jawa Barat,INITIAL
CAE0001899,CUST01585,2024-01-01,Jl. Veteran No. 18,Bogor,Jawa Barat,INITIAL
CAE0001900,CUST01586,2024-01-01,Jl. Melati No. 72,Medan,Sumatera Utara,INITIAL
CAE0001901,CUST01587,2024-01-01,Jl. Kenanga No. 175,Palembang,Sumatera Selatan,INITIAL
CAE0001902,CUST01588,2024-01-01,Jl. Diponegoro No. 160,Bantul,DI Yogyakarta,INITIAL
CAE0001903,CUST01588,2026-03-05,Jl. Merdeka No. 11,Surakarta,Jawa Tengah,MOVE
CAE0001904,CUST01589,2024-01-01,Jl. Diponegoro No. 208,Tangerang,Banten,INITIAL
CAE0001905,CUST01590,2024-01-01,Jl. Diponegoro No. 82,Palembang,Sumatera Selatan,INITIAL
CAE0001906,CUST01590,2026-07-21,Jl. Gajah Mada No. 20,Balikpapan,Kalimantan Timur,MOVE
CAE0001907,CUST01591,2024-01-01,Jl. Pemuda No. 250,Bandung,Jawa Barat,INITIAL
CAE0001908,CUST01592,2024-01-01,Jl. Gajah Mada No. 50,Sleman,DI Yogyakarta,INITIAL
CAE0001909,CUST01592,2026-03-17,Jl. Sudirman No. 120,Denpasar,Bali,MOVE
CAE0001910,CUST01592,2026-05-25,Jl. Kenanga No. 36,Yogyakarta,DI Yogyakarta,MOVE
CAE0001911,CUST01593,2024-01-01,Jl. Diponegoro No. 236,Yogyakarta,DI Yogyakarta,INITIAL
CAE0001912,CUST01594,2024-01-01,Jl. Kenanga No. 16,Sleman,DI Yogyakarta,INITIAL
CAE0001913,CUST01595,2024-01-01,Jl. Sudirman No. 98,Surakarta,Jawa Tengah,INITIAL
CAE0001914,CUST01596,2024-01-01,Jl. Diponegoro No. 208,Tangerang,Banten,INITIAL
CAE0001915,CUST01597,2024-01-01,Jl. Merdeka No. 104,Bekasi,Jawa Barat,INITIAL
CAE0001916,CUST01598,2024-01-01,Jl. Gajah Mada No. 135,Surakarta,Jawa Tengah,INITIAL
CAE0001917,CUST01598,2025-03-28,Jl. Melati No. 209,Balikpapan,Kalimantan Timur,MOVE
CAE0001918,CUST01599,2024-01-01,Jl. Melati No. 159,Jakarta,DKI Jakarta,INITIAL
CAE0001919,CUST01600,2024-01-01,Jl. Melati No. 71,Makassar,Sulawesi Selatan,INITIAL
CAE0001920,CUST01601,2024-01-01,Jl. Kenanga No. 85,Palembang,Sumatera Selatan,INITIAL
CAE0001921,CUST01602,2024-01-01,Jl. Merdeka No. 70,Yogyakarta,DI Yogyakarta,INITIAL
CAE0001922,CUST01602,2026-08-05,Jl. Sudirman No. 213,Surabaya,Jawa Timur,MOVE
CAE0001923,CUST01603,2024-01-01,Jl. Diponegoro No. 90,Sleman,DI Yogyakarta,INITIAL
CAE0001924,CUST01604,2024-01-01,Jl. Gajah Mada No. 238,Makassar,Sulawesi Selatan,INITIAL
CAE0001925,CUST01605,2024-01-01,Jl. Melati No. 143,Semarang,Jawa Tengah,INITIAL
CAE0001926,CUST01606,2024-01-01,Jl. Kenanga No. 233,Pontianak,Kalimantan Barat,INITIAL
CAE0001927,CUST01607,2024-01-01,Jl. Sudirman No. 221,Pontianak,Kalimantan Barat,INITIAL
CAE0001928,CUST01608,2024-01-01,Jl. Melati No. 203,Tangerang,Banten,INITIAL
CAE0001929,CUST01609,2024-01-01,Jl. Veteran No. 153,Pontianak,Kalimantan Barat,INITIAL
CAE0001930,CUST01609,2025-11-06,Jl. Merdeka No. 140,Semarang,Jawa Tengah,MOVE
CAE0001931,CUST01610,2024-01-01,Jl. Merdeka No. 136,Depok,Jawa Barat,INITIAL
CAE0001932,CUST01611,2024-01-01,Jl. Diponegoro No. 200,Samarinda,Kalimantan Timur,INITIAL
CAE0001933,CUST01612,2024-01-01,Jl. Pemuda No. 206,Depok,Jawa Barat,INITIAL
CAE0001934,CUST01613,2024-01-01,Jl. Diponegoro No. 29,Surakarta,Jawa Tengah,INITIAL
CAE0001935,CUST01614,2024-01-01,Jl. Merdeka No. 42,Depok,Jawa Barat,INITIAL
CAE0001936,CUST01614,2025-11-04,Jl. Sudirman No. 134,Bantul,DI Yogyakarta,MOVE
CAE0001937,CUST01615,2024-01-01,Jl. Pemuda No. 23,Makassar,Sulawesi Selatan,INITIAL
CAE0001938,CUST01616,2024-01-01,Jl. Pemuda No. 145,Makassar,Sulawesi Selatan,INITIAL
CAE0001939,CUST01617,2024-01-01,Jl. Veteran No. 113,Bandung,Jawa Barat,INITIAL
CAE0001940,CUST01618,2024-01-01,Jl. Kenanga No. 212,Pontianak,Kalimantan Barat,INITIAL
CAE0001941,CUST01619,2024-01-01,Jl. Gajah Mada No. 48,Palembang,Sumatera Selatan,INITIAL
CAE0001942,CUST01620,2024-01-01,Jl. Melati No. 41,Palembang,Sumatera Selatan,INITIAL
CAE0001943,CUST01621,2024-01-01,Jl. Pemuda No. 50,Bekasi,Jawa Barat,INITIAL
CAE0001944,CUST01622,2024-01-01,Jl. Melati No. 9,Bantul,DI Yogyakarta,INITIAL
CAE0001945,CUST01623,2024-01-01,Jl. Kenanga No. 201,Semarang,Jawa Tengah,INITIAL
CAE0001946,CUST01624,2024-01-01,Jl. Kenanga No. 76,Samarinda,Kalimantan Timur,INITIAL
CAE0001947,CUST01624,2026-08-30,Jl. Sudirman No. 56,Surakarta,Jawa Tengah,MOVE
CAE0001948,CUST01625,2024-01-01,Jl. Veteran No. 216,Pontianak,Kalimantan Barat,INITIAL
CAE0001949,CUST01626,2024-01-01,Jl. Pemuda No. 202,Malang,Jawa Timur,INITIAL
CAE0001950,CUST01627,2024-01-01,Jl. Diponegoro No. 212,Denpasar,Bali,INITIAL
CAE0001951,CUST01628,2024-01-01,Jl. Gajah Mada No. 176,Surabaya,Jawa Timur,INITIAL
CAE0001952,CUST01629,2024-01-01,Jl. Gajah Mada No. 171,Palembang,Sumatera Selatan,INITIAL
CAE0001953,CUST01630,2024-01-01,Jl. Sudirman No. 169,Pontianak,Kalimantan Barat,INITIAL
CAE0001954,CUST01631,2024-01-01,Jl. Veteran No. 85,Tangerang,Banten,INITIAL
CAE0001955,CUST01632,2024-01-01,Jl. Pemuda No. 55,Depok,Jawa Barat,INITIAL
CAE0001956,CUST01633,2024-01-01,Jl. Pemuda No. 93,Makassar,Sulawesi Selatan,INITIAL
CAE0001957,CUST01634,2024-01-01,Jl. Sudirman No. 236,Makassar,Sulawesi Selatan,INITIAL
CAE0001958,CUST01635,2024-01-01,Jl. Sudirman No. 6,Yogyakarta,DI Yogyakarta,INITIAL
CAE0001959,CUST01636,2024-01-01,Jl. Kenanga No. 64,Depok,Jawa Barat,INITIAL
CAE0001960,CUST01637,2024-01-01,Jl. Sudirman No. 16,Balikpapan,Kalimantan Timur,INITIAL
CAE0001961,CUST01638,2024-01-01,Jl. Melati No. 249,Malang,Jawa Timur,INITIAL
CAE0001962,CUST01638,2025-02-02,Jl. Merdeka No. 201,Depok,Jawa Barat,MOVE
CAE0001963,CUST01639,2024-01-01,Jl. Kenanga No. 199,Balikpapan,Kalimantan Timur,INITIAL
CAE0001964,CUST01640,2024-01-01,Jl. Diponegoro No. 60,Jakarta,DKI Jakarta,INITIAL
CAE0001965,CUST01641,2024-01-01,Jl. Gajah Mada No. 89,Malang,Jawa Timur,INITIAL
CAE0001966,CUST01641,2025-09-30,Jl. Diponegoro No. 121,Semarang,Jawa Tengah,MOVE
CAE0001967,CUST01642,2024-01-01,Jl. Melati No. 176,Jakarta,DKI Jakarta,INITIAL
CAE0001968,CUST01642,2025-06-02,Jl. Pemuda No. 141,Sleman,DI Yogyakarta,MOVE
CAE0001969,CUST01643,2024-01-01,Jl. Kenanga No. 144,Medan,Sumatera Utara,INITIAL
CAE0001970,CUST01643,2025-09-20,Jl. Veteran No. 13,Yogyakarta,DI Yogyakarta,MOVE
CAE0001971,CUST01644,2024-01-01,Jl. Veteran No. 3,Malang,Jawa Timur,INITIAL
CAE0001972,CUST01645,2024-01-01,Jl. Sudirman No. 105,Balikpapan,Kalimantan Timur,INITIAL
CAE0001973,CUST01646,2024-01-01,Jl. Merdeka No. 35,Malang,Jawa Timur,INITIAL
CAE0001974,CUST01647,2024-01-01,Jl. Pemuda No. 84,Tangerang,Banten,INITIAL
CAE0001975,CUST01647,2025-11-14,Jl. Kenanga No. 43,Semarang,Jawa Tengah,MOVE
CAE0001976,CUST01648,2024-01-01,Jl. Gajah Mada No. 139,Surabaya,Jawa Timur,INITIAL
CAE0001977,CUST01649,2024-01-01,Jl. Diponegoro No. 102,Bandung,Jawa Barat,INITIAL
CAE0001978,CUST01650,2024-01-01,Jl. Sudirman No. 155,Bandung,Jawa Barat,INITIAL
CAE0001979,CUST01651,2024-01-01,Jl. Merdeka No. 40,Bogor,Jawa Barat,INITIAL
CAE0001980,CUST01651,2025-02-09,Jl. Melati No. 231,Balikpapan,Kalimantan Timur,MOVE
CAE0001981,CUST01651,2025-02-21,Jl. Pemuda No. 137,Malang,Jawa Timur,MOVE
CAE0001982,CUST01652,2024-01-01,Jl. Gajah Mada No. 210,Makassar,Sulawesi Selatan,INITIAL
CAE0001983,CUST01653,2024-01-01,Jl. Merdeka No. 48,Samarinda,Kalimantan Timur,INITIAL
CAE0001984,CUST01654,2024-01-01,Jl. Gajah Mada No. 91,Jakarta,DKI Jakarta,INITIAL
CAE0001985,CUST01655,2024-01-01,Jl. Melati No. 237,Surakarta,Jawa Tengah,INITIAL
CAE0001986,CUST01655,2026-04-10,Jl. Pemuda No. 170,Bogor,Jawa Barat,MOVE
CAE0001987,CUST01656,2024-01-01,Jl. Gajah Mada No. 184,Depok,Jawa Barat,INITIAL
CAE0001988,CUST01656,2025-03-07,Jl. Kenanga No. 193,Denpasar,Bali,MOVE
CAE0001989,CUST01656,2025-12-23,Jl. Sudirman No. 171,Depok,Jawa Barat,MOVE
CAE0001990,CUST01657,2024-01-01,Jl. Merdeka No. 122,Yogyakarta,DI Yogyakarta,INITIAL
CAE0001991,CUST01658,2024-01-01,Jl. Sudirman No. 133,Sleman,DI Yogyakarta,INITIAL
CAE0001992,CUST01659,2024-01-01,Jl. Veteran No. 202,Depok,Jawa Barat,INITIAL
CAE0001993,CUST01660,2024-01-01,Jl. Diponegoro No. 130,Palembang,Sumatera Selatan,INITIAL
CAE0001994,CUST01661,2024-01-01,Jl. Gajah Mada No. 29,Jakarta,DKI Jakarta,INITIAL
CAE0001995,CUST01662,2024-01-01,Jl. Melati No. 28,Semarang,Jawa Tengah,INITIAL
CAE0001996,CUST01663,2024-01-01,Jl. Gajah Mada No. 21,Surabaya,Jawa Timur,INITIAL
CAE0001997,CUST01663,2025-05-20,Jl. Melati No. 109,Bandung,Jawa Barat,MOVE
CAE0001998,CUST01664,2024-01-01,Jl. Pemuda No. 179,Bantul,DI Yogyakarta,INITIAL
CAE0001999,CUST01665,2024-01-01,Jl. Pemuda No. 76,Bogor,Jawa Barat,INITIAL
CAE0002000,CUST01665,2026-07-06,Jl. Gajah Mada No. 147,Semarang,Jawa Tengah,MOVE
CAE0002001,CUST01666,2024-01-01,Jl. Veteran No. 210,Medan,Sumatera Utara,INITIAL
CAE0002002,CUST01666,2026-05-17,Jl. Gajah Mada No. 250,Pontianak,Kalimantan Barat,MOVE
CAE0002003,CUST01667,2024-01-01,Jl. Melati No. 102,Tangerang,Banten,INITIAL
CAE0002004,CUST01668,2024-01-01,Jl. Diponegoro No. 74,Bandung,Jawa Barat,INITIAL
CAE0002005,CUST01669,2024-01-01,Jl. Gajah Mada No. 61,Bantul,DI Yogyakarta,INITIAL
CAE0002006,CUST01670,2024-01-01,Jl. Diponegoro No. 249,Samarinda,Kalimantan Timur,INITIAL
CAE0002007,CUST01671,2024-01-01,Jl. Veteran No. 146,Palembang,Sumatera Selatan,INITIAL
CAE0002008,CUST01672,2024-01-01,Jl. Diponegoro No. 134,Samarinda,Kalimantan Timur,INITIAL
CAE0002009,CUST01673,2024-01-01,Jl. Veteran No. 239,Tangerang,Banten,INITIAL
CAE0002010,CUST01674,2024-01-01,Jl. Veteran No. 94,Balikpapan,Kalimantan Timur,INITIAL
CAE0002011,CUST01675,2024-01-01,Jl. Melati No. 150,Sleman,DI Yogyakarta,INITIAL
CAE0002012,CUST01676,2024-01-01,Jl. Melati No. 69,Sleman,DI Yogyakarta,INITIAL
CAE0002013,CUST01677,2024-01-01,Jl. Sudirman No. 45,Bantul,DI Yogyakarta,INITIAL
CAE0002014,CUST01677,2026-09-12,Jl. Pemuda No. 66,Sleman,DI Yogyakarta,MOVE
CAE0002015,CUST01678,2024-01-01,Jl. Merdeka No. 184,Bantul,DI Yogyakarta,INITIAL
CAE0002016,CUST01679,2024-01-01,Jl. Melati No. 10,Samarinda,Kalimantan Timur,INITIAL
CAE0002017,CUST01680,2024-01-01,Jl. Melati No. 31,Surabaya,Jawa Timur,INITIAL
CAE0002018,CUST01680,2026-04-21,Jl. Diponegoro No. 34,Makassar,Sulawesi Selatan,MOVE
CAE0002019,CUST01681,2024-01-01,Jl. Kenanga No. 206,Semarang,Jawa Tengah,INITIAL
CAE0002020,CUST01682,2024-01-01,Jl. Gajah Mada No. 191,Surabaya,Jawa Timur,INITIAL
CAE0002021,CUST01683,2024-01-01,Jl. Kenanga No. 113,Depok,Jawa Barat,INITIAL
CAE0002022,CUST01684,2024-01-01,Jl. Pemuda No. 235,Makassar,Sulawesi Selatan,INITIAL
CAE0002023,CUST01685,2024-01-01,Jl. Melati No. 29,Bekasi,Jawa Barat,INITIAL
CAE0002024,CUST01686,2024-01-01,Jl. Merdeka No. 245,Makassar,Sulawesi Selatan,INITIAL
CAE0002025,CUST01687,2024-01-01,Jl. Melati No. 9,Yogyakarta,DI Yogyakarta,INITIAL
CAE0002026,CUST01688,2024-01-01,Jl. Sudirman No. 150,Bantul,DI Yogyakarta,INITIAL
CAE0002027,CUST01689,2024-01-01,Jl. Merdeka No. 122,Samarinda,Kalimantan Timur,INITIAL
CAE0002028,CUST01689,2025-01-18,Jl. Gajah Mada No. 45,Bantul,DI Yogyakarta,MOVE
CAE0002029,CUST01690,2024-01-01,Jl. Sudirman No. 99,Makassar,Sulawesi Selatan,INITIAL
CAE0002030,CUST01691,2024-01-01,Jl. Kenanga No. 79,Sleman,DI Yogyakarta,INITIAL
CAE0002031,CUST01692,2024-01-01,Jl. Pemuda No. 111,Makassar,Sulawesi Selatan,INITIAL
CAE0002032,CUST01693,2024-01-01,Jl. Kenanga No. 199,Denpasar,Bali,INITIAL
CAE0002033,CUST01694,2024-01-01,Jl. Gajah Mada No. 37,Medan,Sumatera Utara,INITIAL
CAE0002034,CUST01695,2024-01-01,Jl. Merdeka No. 185,Denpasar,Bali,INITIAL
CAE0002035,CUST01696,2024-01-01,Jl. Diponegoro No. 148,Jakarta,DKI Jakarta,INITIAL
CAE0002036,CUST01697,2024-01-01,Jl. Merdeka No. 214,Surabaya,Jawa Timur,INITIAL
CAE0002037,CUST01697,2025-12-09,Jl. Pemuda No. 5,Sleman,DI Yogyakarta,MOVE
CAE0002038,CUST01698,2024-01-01,Jl. Merdeka No. 132,Sleman,DI Yogyakarta,INITIAL
CAE0002039,CUST01699,2024-01-01,Jl. Pemuda No. 13,Sleman,DI Yogyakarta,INITIAL
CAE0002040,CUST01700,2024-01-01,Jl. Sudirman No. 5,Denpasar,Bali,INITIAL
CAE0002041,CUST01701,2024-01-01,Jl. Diponegoro No. 146,Jakarta,DKI Jakarta,INITIAL
CAE0002042,CUST01702,2024-01-01,Jl. Merdeka No. 113,Malang,Jawa Timur,INITIAL
CAE0002043,CUST01703,2024-01-01,Jl. Merdeka No. 15,Tangerang,Banten,INITIAL
CAE0002044,CUST01704,2024-01-01,Jl. Pemuda No. 36,Makassar,Sulawesi Selatan,INITIAL
CAE0002045,CUST01705,2024-01-01,Jl. Sudirman No. 76,Bandung,Jawa Barat,INITIAL
CAE0002046,CUST01705,2025-11-08,Jl. Gajah Mada No. 11,Surabaya,Jawa Timur,MOVE
CAE0002047,CUST01706,2024-01-01,Jl. Diponegoro No. 198,Bekasi,Jawa Barat,INITIAL
CAE0002048,CUST01707,2024-01-01,Jl. Merdeka No. 11,Semarang,Jawa Tengah,INITIAL
CAE0002049,CUST01708,2024-01-01,Jl. Melati No. 85,Surakarta,Jawa Tengah,INITIAL
CAE0002050,CUST01709,2024-01-01,Jl. Merdeka No. 31,Bantul,DI Yogyakarta,INITIAL
CAE0002051,CUST01710,2024-01-01,Jl. Gajah Mada No. 88,Bandung,Jawa Barat,INITIAL
CAE0002052,CUST01710,2026-05-17,Jl. Melati No. 97,Surabaya,Jawa Timur,MOVE
CAE0002053,CUST01711,2024-01-01,Jl. Merdeka No. 137,Medan,Sumatera Utara,INITIAL
CAE0002054,CUST01711,2026-02-13,Jl. Merdeka No. 33,Surabaya,Jawa Timur,MOVE
CAE0002055,CUST01711,2026-09-05,Jl. Pemuda No. 92,Sleman,DI Yogyakarta,MOVE
CAE0002056,CUST01712,2024-01-01,Jl. Kenanga No. 68,Samarinda,Kalimantan Timur,INITIAL
CAE0002057,CUST01713,2024-01-01,Jl. Merdeka No. 180,Tangerang,Banten,INITIAL
CAE0002058,CUST01714,2024-01-01,Jl. Kenanga No. 217,Bogor,Jawa Barat,INITIAL
CAE0002059,CUST01715,2024-01-01,Jl. Diponegoro No. 22,Bantul,DI Yogyakarta,INITIAL
CAE0002060,CUST01716,2024-01-01,Jl. Melati No. 79,Sleman,DI Yogyakarta,INITIAL
CAE0002061,CUST01717,2024-01-01,Jl. Veteran No. 241,Denpasar,Bali,INITIAL
CAE0002062,CUST01718,2024-01-01,Jl. Sudirman No. 210,Bekasi,Jawa Barat,INITIAL
CAE0002063,CUST01719,2024-01-01,Jl. Veteran No. 121,Malang,Jawa Timur,INITIAL
CAE0002064,CUST01720,2024-01-01,Jl. Pemuda No. 187,Sleman,DI Yogyakarta,INITIAL
CAE0002065,CUST01721,2024-01-01,Jl. Veteran No. 184,Pontianak,Kalimantan Barat,INITIAL
CAE0002066,CUST01721,2025-05-12,Jl. Merdeka No. 195,Malang,Jawa Timur,MOVE
CAE0002067,CUST01722,2024-01-01,Jl. Sudirman No. 200,Bogor,Jawa Barat,INITIAL
CAE0002068,CUST01723,2024-01-01,Jl. Sudirman No. 231,Surabaya,Jawa Timur,INITIAL
CAE0002069,CUST01724,2024-01-01,Jl. Pemuda No. 249,Tangerang,Banten,INITIAL
CAE0002070,CUST01725,2024-01-01,Jl. Melati No. 116,Bantul,DI Yogyakarta,INITIAL
CAE0002071,CUST01726,2024-01-01,Jl. Gajah Mada No. 72,Bogor,Jawa Barat,INITIAL
CAE0002072,CUST01726,2026-02-28,Jl. Merdeka No. 160,Pontianak,Kalimantan Barat,MOVE
CAE0002073,CUST01727,2024-01-01,Jl. Pemuda No. 175,Surakarta,Jawa Tengah,INITIAL
CAE0002074,CUST01728,2024-01-01,Jl. Veteran No. 185,Tangerang,Banten,INITIAL
CAE0002075,CUST01729,2024-01-01,Jl. Sudirman No. 96,Semarang,Jawa Tengah,INITIAL
CAE0002076,CUST01729,2025-05-14,Jl. Melati No. 89,Yogyakarta,DI Yogyakarta,MOVE
CAE0002077,CUST01730,2024-01-01,Jl. Pemuda No. 90,Sleman,DI Yogyakarta,INITIAL
CAE0002078,CUST01731,2024-01-01,Jl. Merdeka No. 184,Bekasi,Jawa Barat,INITIAL
CAE0002079,CUST01732,2024-01-01,Jl. Diponegoro No. 196,Denpasar,Bali,INITIAL
CAE0002080,CUST01733,2024-01-01,Jl. Diponegoro No. 43,Surakarta,Jawa Tengah,INITIAL
CAE0002081,CUST01734,2024-01-01,Jl. Melati No. 143,Jakarta,DKI Jakarta,INITIAL
CAE0002082,CUST01735,2024-01-01,Jl. Melati No. 173,Medan,Sumatera Utara,INITIAL
CAE0002083,CUST01736,2024-01-01,Jl. Veteran No. 169,Sleman,DI Yogyakarta,INITIAL
CAE0002084,CUST01737,2024-01-01,Jl. Pemuda No. 40,Sleman,DI Yogyakarta,INITIAL
CAE0002085,CUST01738,2024-01-01,Jl. Sudirman No. 143,Samarinda,Kalimantan Timur,INITIAL
CAE0002086,CUST01739,2024-01-01,Jl. Gajah Mada No. 124,Yogyakarta,DI Yogyakarta,INITIAL
CAE0002087,CUST01740,2024-01-01,Jl. Merdeka No. 154,Jakarta,DKI Jakarta,INITIAL
CAE0002088,CUST01741,2024-01-01,Jl. Melati No. 148,Makassar,Sulawesi Selatan,INITIAL
CAE0002089,CUST01741,2026-05-31,Jl. Kenanga No. 238,Surabaya,Jawa Timur,MOVE
CAE0002090,CUST01742,2024-01-01,Jl. Melati No. 43,Makassar,Sulawesi Selatan,INITIAL
CAE0002091,CUST01743,2024-01-01,Jl. Diponegoro No. 205,Malang,Jawa Timur,INITIAL
CAE0002092,CUST01744,2024-01-01,Jl. Diponegoro No. 194,Bekasi,Jawa Barat,INITIAL
CAE0002093,CUST01745,2024-01-01,Jl. Pemuda No. 235,Bogor,Jawa Barat,INITIAL
CAE0002094,CUST01746,2024-01-01,Jl. Pemuda No. 243,Palembang,Sumatera Selatan,INITIAL
CAE0002095,CUST01747,2024-01-01,Jl. Melati No. 214,Makassar,Sulawesi Selatan,INITIAL
CAE0002096,CUST01748,2024-01-01,Jl. Veteran No. 111,Bantul,DI Yogyakarta,INITIAL
CAE0002097,CUST01749,2024-01-01,Jl. Veteran No. 236,Bekasi,Jawa Barat,INITIAL
CAE0002098,CUST01750,2024-01-01,Jl. Diponegoro No. 13,Palembang,Sumatera Selatan,INITIAL
CAE0002099,CUST01751,2024-01-01,Jl. Pemuda No. 167,Balikpapan,Kalimantan Timur,INITIAL
CAE0002100,CUST01752,2024-01-01,Jl. Veteran No. 207,Semarang,Jawa Tengah,INITIAL
CAE0002101,CUST01753,2024-01-01,Jl. Kenanga No. 99,Palembang,Sumatera Selatan,INITIAL
CAE0002102,CUST01754,2024-01-01,Jl. Melati No. 198,Surabaya,Jawa Timur,INITIAL
CAE0002103,CUST01755,2024-01-01,Jl. Sudirman No. 93,Surabaya,Jawa Timur,INITIAL
CAE0002104,CUST01756,2024-01-01,Jl. Gajah Mada No. 51,Bandung,Jawa Barat,INITIAL
CAE0002105,CUST01756,2025-12-08,Jl. Merdeka No. 224,Malang,Jawa Timur,MOVE
CAE0002106,CUST01757,2024-01-01,Jl. Merdeka No. 117,Tangerang,Banten,INITIAL
CAE0002107,CUST01758,2024-01-01,Jl. Veteran No. 3,Makassar,Sulawesi Selatan,INITIAL
CAE0002108,CUST01758,2026-02-03,Jl. Pemuda No. 90,Semarang,Jawa Tengah,MOVE
CAE0002109,CUST01759,2024-01-01,Jl. Gajah Mada No. 42,Surakarta,Jawa Tengah,INITIAL
CAE0002110,CUST01760,2024-01-01,Jl. Kenanga No. 172,Sleman,DI Yogyakarta,INITIAL
CAE0002111,CUST01761,2024-01-01,Jl. Merdeka No. 5,Bogor,Jawa Barat,INITIAL
CAE0002112,CUST01762,2024-01-01,Jl. Melati No. 17,Makassar,Sulawesi Selatan,INITIAL
CAE0002113,CUST01763,2024-01-01,Jl. Diponegoro No. 38,Balikpapan,Kalimantan Timur,INITIAL
CAE0002114,CUST01764,2024-01-01,Jl. Sudirman No. 34,Bekasi,Jawa Barat,INITIAL
CAE0002115,CUST01765,2024-01-01,Jl. Pemuda No. 212,Yogyakarta,DI Yogyakarta,INITIAL
CAE0002116,CUST01765,2025-04-08,Jl. Gajah Mada No. 99,Medan,Sumatera Utara,MOVE
CAE0002117,CUST01766,2024-01-01,Jl. Veteran No. 184,Denpasar,Bali,INITIAL
CAE0002118,CUST01767,2024-01-01,Jl. Merdeka No. 142,Malang,Jawa Timur,INITIAL
CAE0002119,CUST01768,2024-01-01,Jl. Gajah Mada No. 74,Samarinda,Kalimantan Timur,INITIAL
CAE0002120,CUST01769,2024-01-01,Jl. Kenanga No. 167,Bantul,DI Yogyakarta,INITIAL
CAE0002121,CUST01770,2024-01-01,Jl. Veteran No. 41,Semarang,Jawa Tengah,INITIAL
CAE0002122,CUST01771,2024-01-01,Jl. Merdeka No. 114,Tangerang,Banten,INITIAL
CAE0002123,CUST01772,2024-01-01,Jl. Merdeka No. 79,Samarinda,Kalimantan Timur,INITIAL
CAE0002124,CUST01773,2024-01-01,Jl. Melati No. 238,Makassar,Sulawesi Selatan,INITIAL
CAE0002125,CUST01773,2025-05-26,Jl. Kenanga No. 177,Bekasi,Jawa Barat,MOVE
CAE0002126,CUST01774,2024-01-01,Jl. Diponegoro No. 76,Malang,Jawa Timur,INITIAL
CAE0002127,CUST01775,2024-01-01,Jl. Merdeka No. 7,Surabaya,Jawa Timur,INITIAL
CAE0002128,CUST01775,2025-01-12,Jl. Merdeka No. 45,Balikpapan,Kalimantan Timur,MOVE
CAE0002129,CUST01775,2025-10-21,Jl. Merdeka No. 2,Samarinda,Kalimantan Timur,MOVE
CAE0002130,CUST01776,2024-01-01,Jl. Pemuda No. 63,Denpasar,Bali,INITIAL
CAE0002131,CUST01777,2024-01-01,Jl. Pemuda No. 119,Palembang,Sumatera Selatan,INITIAL
CAE0002132,CUST01777,2025-10-31,Jl. Veteran No. 190,Depok,Jawa Barat,MOVE
CAE0002133,CUST01777,2026-06-01,Jl. Merdeka No. 188,Samarinda,Kalimantan Timur,MOVE
CAE0002134,CUST01778,2024-01-01,Jl. Melati No. 218,Jakarta,DKI Jakarta,INITIAL
CAE0002135,CUST01779,2024-01-01,Jl. Diponegoro No. 197,Balikpapan,Kalimantan Timur,INITIAL
CAE0002136,CUST01780,2024-01-01,Jl. Sudirman No. 129,Medan,Sumatera Utara,INITIAL
CAE0002137,CUST01781,2024-01-01,Jl. Merdeka No. 54,Semarang,Jawa Tengah,INITIAL
CAE0002138,CUST01782,2024-01-01,Jl. Pemuda No. 244,Depok,Jawa Barat,INITIAL
CAE0002139,CUST01783,2024-01-01,Jl. Pemuda No. 162,Bekasi,Jawa Barat,INITIAL
CAE0002140,CUST01784,2024-01-01,Jl. Sudirman No. 54,Samarinda,Kalimantan Timur,INITIAL
CAE0002141,CUST01785,2024-01-01,Jl. Pemuda No. 35,Tangerang,Banten,INITIAL
CAE0002142,CUST01786,2024-01-01,Jl. Pemuda No. 102,Tangerang,Banten,INITIAL
CAE0002143,CUST01786,2025-07-30,Jl. Diponegoro No. 221,Bekasi,Jawa Barat,MOVE
CAE0002144,CUST01786,2025-10-26,Jl. Pemuda No. 83,Surakarta,Jawa Tengah,MOVE
CAE0002145,CUST01787,2024-01-01,Jl. Diponegoro No. 137,Bogor,Jawa Barat,INITIAL
CAE0002146,CUST01788,2024-01-01,Jl. Veteran No. 189,Bogor,Jawa Barat,INITIAL
CAE0002147,CUST01789,2024-01-01,Jl. Sudirman No. 146,Medan,Sumatera Utara,INITIAL
CAE0002148,CUST01790,2024-01-01,Jl. Gajah Mada No. 186,Balikpapan,Kalimantan Timur,INITIAL
CAE0002149,CUST01791,2024-01-01,Jl. Pemuda No. 118,Bogor,Jawa Barat,INITIAL
CAE0002150,CUST01792,2024-01-01,Jl. Merdeka No. 139,Bandung,Jawa Barat,INITIAL
CAE0002151,CUST01793,2024-01-01,Jl. Diponegoro No. 83,Jakarta,DKI Jakarta,INITIAL
CAE0002152,CUST01794,2024-01-01,Jl. Kenanga No. 17,Yogyakarta,DI Yogyakarta,INITIAL
CAE0002153,CUST01794,2026-01-10,Jl. Melati No. 13,Balikpapan,Kalimantan Timur,MOVE
CAE0002154,CUST01795,2024-01-01,Jl. Merdeka No. 239,Balikpapan,Kalimantan Timur,INITIAL
CAE0002155,CUST01796,2024-01-01,Jl. Pemuda No. 52,Bantul,DI Yogyakarta,INITIAL
CAE0002156,CUST01797,2024-01-01,Jl. Melati No. 180,Jakarta,DKI Jakarta,INITIAL
CAE0002157,CUST01798,2024-01-01,Jl. Melati No. 239,Depok,Jawa Barat,INITIAL
CAE0002158,CUST01799,2024-01-01,Jl. Diponegoro No. 50,Bogor,Jawa Barat,INITIAL
CAE0002159,CUST01800,2024-01-01,Jl. Pemuda No. 5,Bogor,Jawa Barat,INITIAL
CAE0002160,CUST01800,2026-03-17,Jl. Gajah Mada No. 229,Sleman,DI Yogyakarta,MOVE
CAE0002161,CUST01801,2024-01-01,Jl. Veteran No. 130,Balikpapan,Kalimantan Timur,INITIAL
CAE0002162,CUST01801,2025-08-11,Jl. Veteran No. 114,Sleman,DI Yogyakarta,MOVE
CAE0002163,CUST01802,2024-01-01,Jl. Diponegoro No. 47,Surakarta,Jawa Tengah,INITIAL
CAE0002164,CUST01803,2024-01-01,Jl. Kenanga No. 45,Tangerang,Banten,INITIAL
CAE0002165,CUST01804,2024-01-01,Jl. Melati No. 169,Jakarta,DKI Jakarta,INITIAL
CAE0002166,CUST01805,2024-01-01,Jl. Pemuda No. 225,Surabaya,Jawa Timur,INITIAL
CAE0002167,CUST01806,2024-01-01,Jl. Veteran No. 92,Medan,Sumatera Utara,INITIAL
CAE0002168,CUST01807,2024-01-01,Jl. Pemuda No. 152,Semarang,Jawa Tengah,INITIAL
CAE0002169,CUST01807,2025-04-19,Jl. Diponegoro No. 174,Makassar,Sulawesi Selatan,MOVE
CAE0002170,CUST01808,2024-01-01,Jl. Veteran No. 223,Sleman,DI Yogyakarta,INITIAL
CAE0002171,CUST01808,2025-08-21,Jl. Kenanga No. 115,Depok,Jawa Barat,MOVE
CAE0002172,CUST01809,2024-01-01,Jl. Gajah Mada No. 213,Balikpapan,Kalimantan Timur,INITIAL
CAE0002173,CUST01809,2025-01-20,Jl. Diponegoro No. 90,Denpasar,Bali,MOVE
CAE0002174,CUST01810,2024-01-01,Jl. Veteran No. 162,Bantul,DI Yogyakarta,INITIAL
CAE0002175,CUST01811,2024-01-01,Jl. Diponegoro No. 225,Malang,Jawa Timur,INITIAL
CAE0002176,CUST01812,2024-01-01,Jl. Sudirman No. 90,Tangerang,Banten,INITIAL
CAE0002177,CUST01813,2024-01-01,Jl. Veteran No. 166,Bekasi,Jawa Barat,INITIAL
CAE0002178,CUST01814,2024-01-01,Jl. Merdeka No. 33,Makassar,Sulawesi Selatan,INITIAL
CAE0002179,CUST01815,2024-01-01,Jl. Veteran No. 208,Jakarta,DKI Jakarta,INITIAL
CAE0002180,CUST01816,2024-01-01,Jl. Pemuda No. 172,Jakarta,DKI Jakarta,INITIAL
CAE0002181,CUST01817,2024-01-01,Jl. Pemuda No. 103,Palembang,Sumatera Selatan,INITIAL
CAE0002182,CUST01818,2024-01-01,Jl. Diponegoro No. 24,Pontianak,Kalimantan Barat,INITIAL
CAE0002183,CUST01819,2024-01-01,Jl. Kenanga No. 22,Pontianak,Kalimantan Barat,INITIAL
CAE0002184,CUST01819,2025-03-07,Jl. Pemuda No. 75,Medan,Sumatera Utara,MOVE
CAE0002185,CUST01820,2024-01-01,Jl. Sudirman No. 130,Medan,Sumatera Utara,INITIAL
CAE0002186,CUST01820,2025-02-27,Jl. Sudirman No. 157,Semarang,Jawa Tengah,MOVE
CAE0002187,CUST01820,2026-07-12,Jl. Merdeka No. 158,Bekasi,Jawa Barat,MOVE
CAE0002188,CUST01821,2024-01-01,Jl. Kenanga No. 174,Bekasi,Jawa Barat,INITIAL
CAE0002189,CUST01822,2024-01-01,Jl. Veteran No. 17,Balikpapan,Kalimantan Timur,INITIAL
CAE0002190,CUST01823,2024-01-01,Jl. Sudirman No. 2,Balikpapan,Kalimantan Timur,INITIAL
CAE0002191,CUST01824,2024-01-01,Jl. Gajah Mada No. 91,Yogyakarta,DI Yogyakarta,INITIAL
CAE0002192,CUST01825,2024-01-01,Jl. Veteran No. 200,Surakarta,Jawa Tengah,INITIAL
CAE0002193,CUST01825,2026-04-16,Jl. Pemuda No. 212,Samarinda,Kalimantan Timur,MOVE
CAE0002194,CUST01826,2024-01-01,Jl. Melati No. 191,Makassar,Sulawesi Selatan,INITIAL
CAE0002195,CUST01827,2024-01-01,Jl. Gajah Mada No. 39,Surabaya,Jawa Timur,INITIAL
CAE0002196,CUST01827,2026-08-08,Jl. Diponegoro No. 11,Sleman,DI Yogyakarta,MOVE
CAE0002197,CUST01828,2024-01-01,Jl. Veteran No. 105,Surakarta,Jawa Tengah,INITIAL
CAE0002198,CUST01829,2024-01-01,Jl. Veteran No. 178,Bogor,Jawa Barat,INITIAL
CAE0002199,CUST01829,2025-03-15,Jl. Pemuda No. 209,Tangerang,Banten,MOVE
CAE0002200,CUST01830,2024-01-01,Jl. Kenanga No. 233,Yogyakarta,DI Yogyakarta,INITIAL
CAE0002201,CUST01830,2025-04-18,Jl. Gajah Mada No. 82,Tangerang,Banten,MOVE
CAE0002202,CUST01831,2024-01-01,Jl. Diponegoro No. 47,Bandung,Jawa Barat,INITIAL
CAE0002203,CUST01832,2024-01-01,Jl. Kenanga No. 68,Tangerang,Banten,INITIAL
CAE0002204,CUST01833,2024-01-01,Jl. Kenanga No. 236,Tangerang,Banten,INITIAL
CAE0002205,CUST01834,2024-01-01,Jl. Gajah Mada No. 210,Surakarta,Jawa Tengah,INITIAL
CAE0002206,CUST01835,2024-01-01,Jl. Sudirman No. 90,Sleman,DI Yogyakarta,INITIAL
CAE0002207,CUST01836,2024-01-01,Jl. Gajah Mada No. 165,Surakarta,Jawa Tengah,INITIAL
CAE0002208,CUST01837,2024-01-01,Jl. Veteran No. 226,Depok,Jawa Barat,INITIAL
CAE0002209,CUST01838,2024-01-01,Jl. Gajah Mada No. 10,Surakarta,Jawa Tengah,INITIAL
CAE0002210,CUST01839,2024-01-01,Jl. Melati No. 151,Pontianak,Kalimantan Barat,INITIAL
CAE0002211,CUST01840,2024-01-01,Jl. Kenanga No. 195,Bekasi,Jawa Barat,INITIAL
CAE0002212,CUST01841,2024-01-01,Jl. Pemuda No. 96,Surakarta,Jawa Tengah,INITIAL
CAE0002213,CUST01842,2024-01-01,Jl. Diponegoro No. 204,Bekasi,Jawa Barat,INITIAL
CAE0002214,CUST01843,2024-01-01,Jl. Merdeka No. 76,Medan,Sumatera Utara,INITIAL
CAE0002215,CUST01844,2024-01-01,Jl. Gajah Mada No. 220,Bogor,Jawa Barat,INITIAL
CAE0002216,CUST01845,2024-01-01,Jl. Diponegoro No. 92,Surakarta,Jawa Tengah,INITIAL
CAE0002217,CUST01846,2024-01-01,Jl. Pemuda No. 131,Makassar,Sulawesi Selatan,INITIAL
CAE0002218,CUST01847,2024-01-01,Jl. Kenanga No. 116,Tangerang,Banten,INITIAL
CAE0002219,CUST01848,2024-01-01,Jl. Sudirman No. 117,Balikpapan,Kalimantan Timur,INITIAL
CAE0002220,CUST01849,2024-01-01,Jl. Melati No. 61,Sleman,DI Yogyakarta,INITIAL
CAE0002221,CUST01850,2024-01-01,Jl. Gajah Mada No. 2,Malang,Jawa Timur,INITIAL
CAE0002222,CUST01851,2024-01-01,Jl. Diponegoro No. 134,Jakarta,DKI Jakarta,INITIAL
CAE0002223,CUST01851,2025-03-09,Jl. Pemuda No. 132,Palembang,Sumatera Selatan,MOVE
CAE0002224,CUST01852,2024-01-01,Jl. Kenanga No. 143,Balikpapan,Kalimantan Timur,INITIAL
CAE0002225,CUST01853,2024-01-01,Jl. Veteran No. 5,Surakarta,Jawa Tengah,INITIAL
CAE0002226,CUST01854,2024-01-01,Jl. Melati No. 111,Balikpapan,Kalimantan Timur,INITIAL
CAE0002227,CUST01855,2024-01-01,Jl. Veteran No. 32,Semarang,Jawa Tengah,INITIAL
CAE0002228,CUST01856,2024-01-01,Jl. Kenanga No. 213,Sleman,DI Yogyakarta,INITIAL
CAE0002229,CUST01857,2024-01-01,Jl. Pemuda No. 158,Bekasi,Jawa Barat,INITIAL
CAE0002230,CUST01858,2024-01-01,Jl. Merdeka No. 21,Jakarta,DKI Jakarta,INITIAL
CAE0002231,CUST01859,2024-01-01,Jl. Melati No. 123,Depok,Jawa Barat,INITIAL
CAE0002232,CUST01860,2024-01-01,Jl. Kenanga No. 75,Bekasi,Jawa Barat,INITIAL
CAE0002233,CUST01861,2024-01-01,Jl. Merdeka No. 67,Makassar,Sulawesi Selatan,INITIAL
CAE0002234,CUST01862,2024-01-01,Jl. Melati No. 241,Palembang,Sumatera Selatan,INITIAL
CAE0002235,CUST01863,2024-01-01,Jl. Sudirman No. 68,Bantul,DI Yogyakarta,INITIAL
CAE0002236,CUST01864,2024-01-01,Jl. Sudirman No. 98,Depok,Jawa Barat,INITIAL
CAE0002237,CUST01865,2024-01-01,Jl. Diponegoro No. 138,Bandung,Jawa Barat,INITIAL
CAE0002238,CUST01866,2024-01-01,Jl. Merdeka No. 244,Samarinda,Kalimantan Timur,INITIAL
CAE0002239,CUST01867,2024-01-01,Jl. Gajah Mada No. 125,Yogyakarta,DI Yogyakarta,INITIAL
CAE0002240,CUST01868,2024-01-01,Jl. Gajah Mada No. 195,Balikpapan,Kalimantan Timur,INITIAL
CAE0002241,CUST01869,2024-01-01,Jl. Kenanga No. 46,Semarang,Jawa Tengah,INITIAL
CAE0002242,CUST01870,2024-01-01,Jl. Sudirman No. 143,Medan,Sumatera Utara,INITIAL
CAE0002243,CUST01871,2024-01-01,Jl. Diponegoro No. 248,Semarang,Jawa Tengah,INITIAL
CAE0002244,CUST01872,2024-01-01,Jl. Gajah Mada No. 184,Pontianak,Kalimantan Barat,INITIAL
CAE0002245,CUST01873,2024-01-01,Jl. Melati No. 26,Surakarta,Jawa Tengah,INITIAL
CAE0002246,CUST01873,2025-09-18,Jl. Pemuda No. 80,Pontianak,Kalimantan Barat,MOVE
CAE0002247,CUST01874,2024-01-01,Jl. Melati No. 163,Malang,Jawa Timur,INITIAL
CAE0002248,CUST01875,2024-01-01,Jl. Kenanga No. 86,Tangerang,Banten,INITIAL
CAE0002249,CUST01876,2024-01-01,Jl. Kenanga No. 59,Semarang,Jawa Tengah,INITIAL
CAE0002250,CUST01877,2024-01-01,Jl. Sudirman No. 11,Medan,Sumatera Utara,INITIAL
CAE0002251,CUST01878,2024-01-01,Jl. Sudirman No. 88,Makassar,Sulawesi Selatan,INITIAL
CAE0002252,CUST01879,2024-01-01,Jl. Kenanga No. 201,Jakarta,DKI Jakarta,INITIAL
CAE0002253,CUST01880,2024-01-01,Jl. Pemuda No. 93,Palembang,Sumatera Selatan,INITIAL
CAE0002254,CUST01881,2024-01-01,Jl. Merdeka No. 211,Bantul,DI Yogyakarta,INITIAL
CAE0002255,CUST01882,2024-01-01,Jl. Merdeka No. 8,Semarang,Jawa Tengah,INITIAL
CAE0002256,CUST01883,2024-01-01,Jl. Merdeka No. 34,Malang,Jawa Timur,INITIAL
CAE0002257,CUST01884,2024-01-01,Jl. Merdeka No. 165,Samarinda,Kalimantan Timur,INITIAL
CAE0002258,CUST01885,2024-01-01,Jl. Diponegoro No. 155,Yogyakarta,DI Yogyakarta,INITIAL
CAE0002259,CUST01885,2026-07-15,Jl. Kenanga No. 41,Bogor,Jawa Barat,MOVE
CAE0002260,CUST01886,2024-01-01,Jl. Diponegoro No. 229,Samarinda,Kalimantan Timur,INITIAL
CAE0002261,CUST01887,2024-01-01,Jl. Sudirman No. 245,Bogor,Jawa Barat,INITIAL
CAE0002262,CUST01887,2026-09-10,Jl. Merdeka No. 96,Samarinda,Kalimantan Timur,MOVE
CAE0002263,CUST01888,2024-01-01,Jl. Melati No. 191,Samarinda,Kalimantan Timur,INITIAL
CAE0002264,CUST01889,2024-01-01,Jl. Pemuda No. 34,Semarang,Jawa Tengah,INITIAL
CAE0002265,CUST01890,2024-01-01,Jl. Pemuda No. 147,Makassar,Sulawesi Selatan,INITIAL
CAE0002266,CUST01891,2024-01-01,Jl. Veteran No. 249,Sleman,DI Yogyakarta,INITIAL
CAE0002267,CUST01891,2026-01-02,Jl. Gajah Mada No. 17,Medan,Sumatera Utara,MOVE
CAE0002268,CUST01892,2024-01-01,Jl. Merdeka No. 82,Pontianak,Kalimantan Barat,INITIAL
CAE0002269,CUST01893,2024-01-01,Jl. Sudirman No. 177,Bandung,Jawa Barat,INITIAL
CAE0002270,CUST01894,2024-01-01,Jl. Kenanga No. 45,Tangerang,Banten,INITIAL
CAE0002271,CUST01895,2024-01-01,Jl. Diponegoro No. 229,Bandung,Jawa Barat,INITIAL
CAE0002272,CUST01896,2024-01-01,Jl. Veteran No. 8,Denpasar,Bali,INITIAL
CAE0002273,CUST01897,2024-01-01,Jl. Melati No. 168,Depok,Jawa Barat,INITIAL
CAE0002274,CUST01898,2024-01-01,Jl. Sudirman No. 78,Jakarta,DKI Jakarta,INITIAL
CAE0002275,CUST01899,2024-01-01,Jl. Pemuda No. 218,Yogyakarta,DI Yogyakarta,INITIAL
CAE0002276,CUST01900,2024-01-01,Jl. Pemuda No. 235,Pontianak,Kalimantan Barat,INITIAL
CAE0002277,CUST01900,2025-10-09,Jl. Melati No. 45,Medan,Sumatera Utara,MOVE
CAE0002278,CUST01901,2024-01-01,Jl. Sudirman No. 205,Tangerang,Banten,INITIAL
CAE0002279,CUST01902,2024-01-01,Jl. Kenanga No. 96,Surakarta,Jawa Tengah,INITIAL
CAE0002280,CUST01903,2024-01-01,Jl. Diponegoro No. 212,Sleman,DI Yogyakarta,INITIAL
CAE0002281,CUST01904,2024-01-01,Jl. Melati No. 111,Jakarta,DKI Jakarta,INITIAL
CAE0002282,CUST01905,2024-01-01,Jl. Sudirman No. 152,Depok,Jawa Barat,INITIAL
CAE0002283,CUST01906,2024-01-01,Jl. Gajah Mada No. 76,Semarang,Jawa Tengah,INITIAL
CAE0002284,CUST01907,2024-01-01,Jl. Veteran No. 94,Bekasi,Jawa Barat,INITIAL
CAE0002285,CUST01908,2024-01-01,Jl. Sudirman No. 188,Semarang,Jawa Tengah,INITIAL
CAE0002286,CUST01909,2024-01-01,Jl. Pemuda No. 14,Surabaya,Jawa Timur,INITIAL
CAE0002287,CUST01910,2024-01-01,Jl. Sudirman No. 138,Tangerang,Banten,INITIAL
CAE0002288,CUST01911,2024-01-01,Jl. Veteran No. 171,Bantul,DI Yogyakarta,INITIAL
CAE0002289,CUST01912,2024-01-01,Jl. Diponegoro No. 239,Malang,Jawa Timur,INITIAL
CAE0002290,CUST01913,2024-01-01,Jl. Melati No. 125,Tangerang,Banten,INITIAL
CAE0002291,CUST01914,2024-01-01,Jl. Veteran No. 69,Depok,Jawa Barat,INITIAL
CAE0002292,CUST01914,2025-11-04,Jl. Diponegoro No. 3,Bekasi,Jawa Barat,MOVE
CAE0002293,CUST01914,2026-05-01,Jl. Merdeka No. 179,Yogyakarta,DI Yogyakarta,MOVE
CAE0002294,CUST01915,2024-01-01,Jl. Sudirman No. 137,Bekasi,Jawa Barat,INITIAL
CAE0002295,CUST01916,2024-01-01,Jl. Pemuda No. 192,Pontianak,Kalimantan Barat,INITIAL
CAE0002296,CUST01917,2024-01-01,Jl. Gajah Mada No. 240,Denpasar,Bali,INITIAL
CAE0002297,CUST01918,2024-01-01,Jl. Pemuda No. 58,Sleman,DI Yogyakarta,INITIAL
CAE0002298,CUST01919,2024-01-01,Jl. Pemuda No. 35,Surabaya,Jawa Timur,INITIAL
CAE0002299,CUST01919,2025-03-08,Jl. Gajah Mada No. 94,Pontianak,Kalimantan Barat,MOVE
CAE0002300,CUST01920,2024-01-01,Jl. Veteran No. 9,Balikpapan,Kalimantan Timur,INITIAL
CAE0002301,CUST01921,2024-01-01,Jl. Diponegoro No. 225,Balikpapan,Kalimantan Timur,INITIAL
CAE0002302,CUST01922,2024-01-01,Jl. Sudirman No. 208,Sleman,DI Yogyakarta,INITIAL
CAE0002303,CUST01923,2024-01-01,Jl. Veteran No. 219,Medan,Sumatera Utara,INITIAL
CAE0002304,CUST01923,2026-06-27,Jl. Melati No. 166,Malang,Jawa Timur,MOVE
CAE0002305,CUST01924,2024-01-01,Jl. Diponegoro No. 35,Bantul,DI Yogyakarta,INITIAL
CAE0002306,CUST01924,2026-05-29,Jl. Diponegoro No. 143,Pontianak,Kalimantan Barat,MOVE
CAE0002307,CUST01925,2024-01-01,Jl. Melati No. 18,Pontianak,Kalimantan Barat,INITIAL
CAE0002308,CUST01925,2025-05-07,Jl. Pemuda No. 35,Tangerang,Banten,MOVE
CAE0002309,CUST01926,2024-01-01,Jl. Merdeka No. 194,Semarang,Jawa Tengah,INITIAL
CAE0002310,CUST01927,2024-01-01,Jl. Kenanga No. 35,Bantul,DI Yogyakarta,INITIAL
CAE0002311,CUST01928,2024-01-01,Jl. Melati No. 184,Surakarta,Jawa Tengah,INITIAL
CAE0002312,CUST01929,2024-01-01,Jl. Diponegoro No. 24,Balikpapan,Kalimantan Timur,INITIAL
CAE0002313,CUST01930,2024-01-01,Jl. Sudirman No. 50,Malang,Jawa Timur,INITIAL
CAE0002314,CUST01931,2024-01-01,Jl. Kenanga No. 94,Bogor,Jawa Barat,INITIAL
CAE0002315,CUST01931,2026-07-25,Jl. Sudirman No. 178,Denpasar,Bali,MOVE
CAE0002316,CUST01932,2024-01-01,Jl. Merdeka No. 215,Tangerang,Banten,INITIAL
CAE0002317,CUST01933,2024-01-01,Jl. Kenanga No. 208,Surabaya,Jawa Timur,INITIAL
CAE0002318,CUST01934,2024-01-01,Jl. Diponegoro No. 188,Pontianak,Kalimantan Barat,INITIAL
CAE0002319,CUST01935,2024-01-01,Jl. Pemuda No. 182,Bekasi,Jawa Barat,INITIAL
CAE0002320,CUST01936,2024-01-01,Jl. Diponegoro No. 119,Medan,Sumatera Utara,INITIAL
CAE0002321,CUST01936,2025-03-31,Jl. Melati No. 100,Tangerang,Banten,MOVE
CAE0002322,CUST01936,2025-07-06,Jl. Veteran No. 145,Bantul,DI Yogyakarta,MOVE
CAE0002323,CUST01937,2024-01-01,Jl. Gajah Mada No. 37,Bogor,Jawa Barat,INITIAL
CAE0002324,CUST01938,2024-01-01,Jl. Diponegoro No. 24,Samarinda,Kalimantan Timur,INITIAL
CAE0002325,CUST01939,2024-01-01,Jl. Sudirman No. 114,Surabaya,Jawa Timur,INITIAL
CAE0002326,CUST01940,2024-01-01,Jl. Kenanga No. 37,Depok,Jawa Barat,INITIAL
CAE0002327,CUST01941,2024-01-01,Jl. Melati No. 143,Jakarta,DKI Jakarta,INITIAL
CAE0002328,CUST01942,2024-01-01,Jl. Gajah Mada No. 109,Malang,Jawa Timur,INITIAL
CAE0002329,CUST01943,2024-01-01,Jl. Gajah Mada No. 221,Bogor,Jawa Barat,INITIAL
CAE0002330,CUST01944,2024-01-01,Jl. Diponegoro No. 201,Pontianak,Kalimantan Barat,INITIAL
CAE0002331,CUST01944,2026-02-01,Jl. Sudirman No. 150,Malang,Jawa Timur,MOVE
CAE0002332,CUST01945,2024-01-01,Jl. Merdeka No. 43,Makassar,Sulawesi Selatan,INITIAL
CAE0002333,CUST01946,2024-01-01,Jl. Kenanga No. 44,Tangerang,Banten,INITIAL
CAE0002334,CUST01947,2024-01-01,Jl. Diponegoro No. 8,Semarang,Jawa Tengah,INITIAL
CAE0002335,CUST01948,2024-01-01,Jl. Gajah Mada No. 49,Palembang,Sumatera Selatan,INITIAL
CAE0002336,CUST01949,2024-01-01,Jl. Veteran No. 43,Tangerang,Banten,INITIAL
CAE0002337,CUST01950,2024-01-01,Jl. Melati No. 114,Pontianak,Kalimantan Barat,INITIAL
CAE0002338,CUST01951,2024-01-01,Jl. Gajah Mada No. 75,Pontianak,Kalimantan Barat,INITIAL
CAE0002339,CUST01952,2024-01-01,Jl. Sudirman No. 78,Jakarta,DKI Jakarta,INITIAL
CAE0002340,CUST01953,2024-01-01,Jl. Kenanga No. 242,Malang,Jawa Timur,INITIAL
CAE0002341,CUST01953,2025-09-04,Jl. Veteran No. 153,Surakarta,Jawa Tengah,MOVE
CAE0002342,CUST01954,2024-01-01,Jl. Merdeka No. 245,Surakarta,Jawa Tengah,INITIAL
CAE0002343,CUST01955,2024-01-01,Jl. Gajah Mada No. 20,Bantul,DI Yogyakarta,INITIAL
CAE0002344,CUST01955,2026-05-21,Jl. Sudirman No. 221,Makassar,Sulawesi Selatan,MOVE
CAE0002345,CUST01956,2024-01-01,Jl. Sudirman No. 18,Palembang,Sumatera Selatan,INITIAL
CAE0002346,CUST01956,2025-11-03,Jl. Melati No. 221,Balikpapan,Kalimantan Timur,MOVE
CAE0002347,CUST01957,2024-01-01,Jl. Pemuda No. 7,Sleman,DI Yogyakarta,INITIAL
CAE0002348,CUST01958,2024-01-01,Jl. Gajah Mada No. 54,Surabaya,Jawa Timur,INITIAL
CAE0002349,CUST01959,2024-01-01,Jl. Gajah Mada No. 50,Makassar,Sulawesi Selatan,INITIAL
CAE0002350,CUST01960,2024-01-01,Jl. Gajah Mada No. 224,Semarang,Jawa Tengah,INITIAL
CAE0002351,CUST01961,2024-01-01,Jl. Diponegoro No. 145,Samarinda,Kalimantan Timur,INITIAL
CAE0002352,CUST01962,2024-01-01,Jl. Pemuda No. 59,Surabaya,Jawa Timur,INITIAL
CAE0002353,CUST01963,2024-01-01,Jl. Diponegoro No. 142,Surabaya,Jawa Timur,INITIAL
CAE0002354,CUST01963,2026-07-25,Jl. Pemuda No. 27,Medan,Sumatera Utara,MOVE
CAE0002355,CUST01964,2024-01-01,Jl. Veteran No. 100,Malang,Jawa Timur,INITIAL
CAE0002356,CUST01965,2024-01-01,Jl. Gajah Mada No. 195,Samarinda,Kalimantan Timur,INITIAL
CAE0002357,CUST01966,2024-01-01,Jl. Kenanga No. 184,Bogor,Jawa Barat,INITIAL
CAE0002358,CUST01967,2024-01-01,Jl. Kenanga No. 57,Malang,Jawa Timur,INITIAL
CAE0002359,CUST01968,2024-01-01,Jl. Pemuda No. 186,Samarinda,Kalimantan Timur,INITIAL
CAE0002360,CUST01969,2024-01-01,Jl. Pemuda No. 14,Semarang,Jawa Tengah,INITIAL
CAE0002361,CUST01970,2024-01-01,Jl. Gajah Mada No. 85,Palembang,Sumatera Selatan,INITIAL
CAE0002362,CUST01971,2024-01-01,Jl. Diponegoro No. 191,Medan,Sumatera Utara,INITIAL
CAE0002363,CUST01972,2024-01-01,Jl. Kenanga No. 63,Denpasar,Bali,INITIAL
CAE0002364,CUST01973,2024-01-01,Jl. Kenanga No. 140,Pontianak,Kalimantan Barat,INITIAL
CAE0002365,CUST01974,2024-01-01,Jl. Pemuda No. 148,Yogyakarta,DI Yogyakarta,INITIAL
CAE0002366,CUST01975,2024-01-01,Jl. Veteran No. 71,Bantul,DI Yogyakarta,INITIAL
CAE0002367,CUST01976,2024-01-01,Jl. Veteran No. 16,Depok,Jawa Barat,INITIAL
CAE0002368,CUST01977,2024-01-01,Jl. Gajah Mada No. 134,Surakarta,Jawa Tengah,INITIAL
CAE0002369,CUST01978,2024-01-01,Jl. Veteran No. 58,Samarinda,Kalimantan Timur,INITIAL
CAE0002370,CUST01979,2024-01-01,Jl. Merdeka No. 43,Denpasar,Bali,INITIAL
CAE0002371,CUST01980,2024-01-01,Jl. Kenanga No. 54,Makassar,Sulawesi Selatan,INITIAL
CAE0002372,CUST01981,2024-01-01,Jl. Kenanga No. 196,Jakarta,DKI Jakarta,INITIAL
CAE0002373,CUST01981,2025-12-13,Jl. Melati No. 16,Yogyakarta,DI Yogyakarta,MOVE
CAE0002374,CUST01982,2024-01-01,Jl. Veteran No. 230,Makassar,Sulawesi Selatan,INITIAL
CAE0002375,CUST01983,2024-01-01,Jl. Kenanga No. 74,Balikpapan,Kalimantan Timur,INITIAL
CAE0002376,CUST01984,2024-01-01,Jl. Gajah Mada No. 55,Samarinda,Kalimantan Timur,INITIAL
CAE0002377,CUST01985,2024-01-01,Jl. Gajah Mada No. 52,Bandung,Jawa Barat,INITIAL
CAE0002378,CUST01986,2024-01-01,Jl. Gajah Mada No. 171,Bogor,Jawa Barat,INITIAL
CAE0002379,CUST01987,2024-01-01,Jl. Kenanga No. 238,Denpasar,Bali,INITIAL
CAE0002380,CUST01988,2024-01-01,Jl. Merdeka No. 232,Tangerang,Banten,INITIAL
CAE0002381,CUST01989,2024-01-01,Jl. Pemuda No. 219,Palembang,Sumatera Selatan,INITIAL
CAE0002382,CUST01990,2024-01-01,Jl. Merdeka No. 250,Medan,Sumatera Utara,INITIAL
CAE0002383,CUST01991,2024-01-01,Jl. Melati No. 115,Denpasar,Bali,INITIAL
CAE0002384,CUST01992,2024-01-01,Jl. Melati No. 151,Bogor,Jawa Barat,INITIAL
CAE0002385,CUST01993,2024-01-01,Jl. Melati No. 101,Bantul,DI Yogyakarta,INITIAL
CAE0002386,CUST01994,2024-01-01,Jl. Diponegoro No. 247,Depok,Jawa Barat,INITIAL
CAE0002387,CUST01995,2024-01-01,Jl. Veteran No. 39,Palembang,Sumatera Selatan,INITIAL
CAE0002388,CUST01995,2026-05-26,Jl. Melati No. 13,Jakarta,DKI Jakarta,MOVE
CAE0002389,CUST01996,2024-01-01,Jl. Sudirman No. 52,Surabaya,Jawa Timur,INITIAL
CAE0002390,CUST01997,2024-01-01,Jl. Pemuda No. 214,Depok,Jawa Barat,INITIAL
CAE0002391,CUST01997,2025-05-10,Jl. Sudirman No. 95,Balikpapan,Kalimantan Timur,MOVE
CAE0002392,CUST01997,2026-07-13,Jl. Gajah Mada No. 133,Jakarta,DKI Jakarta,MOVE
CAE0002393,CUST01998,2024-01-01,Jl. Veteran No. 183,Palembang,Sumatera Selatan,INITIAL
CAE0002394,CUST01999,2024-01-01,Jl. Sudirman No. 154,Bogor,Jawa Barat,INITIAL
CAE0002395,CUST02000,2024-01-01,Jl. Gajah Mada No. 20,Denpasar,Bali,INITIAL
CAE0002396,CUST02001,2024-01-01,Jl. Kenanga No. 152,Medan,Sumatera Utara,INITIAL
CAE0002397,CUST02002,2024-01-01,Jl. Kenanga No. 74,Tangerang,Banten,INITIAL
CAE0002398,CUST02003,2024-01-01,Jl. Diponegoro No. 178,Malang,Jawa Timur,INITIAL
CAE0002399,CUST02003,2025-05-08,Jl. Sudirman No. 42,Surakarta,Jawa Tengah,MOVE
CAE0002400,CUST02004,2024-01-01,Jl. Sudirman No. 204,Bogor,Jawa Barat,INITIAL
CAE0002401,CUST02005,2024-01-01,Jl. Kenanga No. 152,Depok,Jawa Barat,INITIAL
CAE0002402,CUST02006,2024-01-01,Jl. Diponegoro No. 96,Bantul,DI Yogyakarta,INITIAL
CAE0002403,CUST02007,2024-01-01,Jl. Kenanga No. 175,Surakarta,Jawa Tengah,INITIAL
CAE0002404,CUST02008,2024-01-01,Jl. Gajah Mada No. 140,Surakarta,Jawa Tengah,INITIAL
CAE0002405,CUST02009,2024-01-01,Jl. Merdeka No. 125,Bogor,Jawa Barat,INITIAL
CAE0002406,CUST02010,2024-01-01,Jl. Veteran No. 15,Samarinda,Kalimantan Timur,INITIAL
CAE0002407,CUST02010,2025-02-16,Jl. Merdeka No. 130,Yogyakarta,DI Yogyakarta,MOVE
CAE0002408,CUST02010,2025-07-25,Jl. Sudirman No. 174,Semarang,Jawa Tengah,MOVE
CAE0002409,CUST02011,2024-01-01,Jl. Kenanga No. 133,Bogor,Jawa Barat,INITIAL
CAE0002410,CUST02012,2024-01-01,Jl. Melati No. 221,Palembang,Sumatera Selatan,INITIAL
CAE0002411,CUST02013,2024-01-01,Jl. Veteran No. 60,Tangerang,Banten,INITIAL
CAE0002412,CUST02014,2024-01-01,Jl. Veteran No. 225,Medan,Sumatera Utara,INITIAL
CAE0002413,CUST02015,2024-01-01,Jl. Veteran No. 40,Balikpapan,Kalimantan Timur,INITIAL
CAE0002414,CUST02016,2024-01-01,Jl. Kenanga No. 151,Makassar,Sulawesi Selatan,INITIAL
CAE0002415,CUST02017,2024-01-01,Jl. Merdeka No. 11,Yogyakarta,DI Yogyakarta,INITIAL
CAE0002416,CUST02017,2026-04-08,Jl. Gajah Mada No. 223,Malang,Jawa Timur,MOVE
CAE0002417,CUST02017,2026-07-02,Jl. Pemuda No. 167,Yogyakarta,DI Yogyakarta,MOVE
CAE0002418,CUST02018,2024-01-01,Jl. Merdeka No. 241,Palembang,Sumatera Selatan,INITIAL
CAE0002419,CUST02019,2024-01-01,Jl. Diponegoro No. 76,Bantul,DI Yogyakarta,INITIAL
CAE0002420,CUST02020,2024-01-01,Jl. Kenanga No. 39,Denpasar,Bali,INITIAL
CAE0002421,CUST02020,2026-01-04,Jl. Veteran No. 184,Tangerang,Banten,MOVE
CAE0002422,CUST02021,2024-01-01,Jl. Kenanga No. 236,Balikpapan,Kalimantan Timur,INITIAL
CAE0002423,CUST02021,2025-12-21,Jl. Melati No. 63,Bekasi,Jawa Barat,MOVE
CAE0002424,CUST02022,2024-01-01,Jl. Diponegoro No. 9,Bekasi,Jawa Barat,INITIAL
CAE0002425,CUST02023,2024-01-01,Jl. Sudirman No. 113,Surakarta,Jawa Tengah,INITIAL
CAE0002426,CUST02024,2024-01-01,Jl. Veteran No. 4,Semarang,Jawa Tengah,INITIAL
CAE0002427,CUST02025,2024-01-01,Jl. Veteran No. 122,Depok,Jawa Barat,INITIAL
CAE0002428,CUST02026,2024-01-01,Jl. Kenanga No. 228,Denpasar,Bali,INITIAL
CAE0002429,CUST02027,2024-01-01,Jl. Veteran No. 207,Samarinda,Kalimantan Timur,INITIAL
CAE0002430,CUST02027,2025-09-14,Jl. Gajah Mada No. 44,Depok,Jawa Barat,MOVE
CAE0002431,CUST02028,2024-01-01,Jl. Melati No. 137,Pontianak,Kalimantan Barat,INITIAL
CAE0002432,CUST02029,2024-01-01,Jl. Sudirman No. 112,Makassar,Sulawesi Selatan,INITIAL
CAE0002433,CUST02030,2024-01-01,Jl. Veteran No. 12,Balikpapan,Kalimantan Timur,INITIAL
CAE0002434,CUST02031,2024-01-01,Jl. Pemuda No. 45,Bandung,Jawa Barat,INITIAL
CAE0002435,CUST02032,2024-01-01,Jl. Kenanga No. 130,Makassar,Sulawesi Selatan,INITIAL
CAE0002436,CUST02033,2024-01-01,Jl. Merdeka No. 106,Makassar,Sulawesi Selatan,INITIAL
CAE0002437,CUST02034,2024-01-01,Jl. Melati No. 205,Jakarta,DKI Jakarta,INITIAL
CAE0002438,CUST02035,2024-01-01,Jl. Diponegoro No. 8,Yogyakarta,DI Yogyakarta,INITIAL
CAE0002439,CUST02036,2024-01-01,Jl. Merdeka No. 169,Depok,Jawa Barat,INITIAL
CAE0002440,CUST02037,2024-01-01,Jl. Merdeka No. 139,Depok,Jawa Barat,INITIAL
CAE0002441,CUST02037,2026-06-21,Jl. Gajah Mada No. 220,Malang,Jawa Timur,MOVE
CAE0002442,CUST02038,2024-01-01,Jl. Veteran No. 96,Pontianak,Kalimantan Barat,INITIAL
CAE0002443,CUST02039,2024-01-01,Jl. Melati No. 146,Depok,Jawa Barat,INITIAL
CAE0002444,CUST02040,2024-01-01,Jl. Sudirman No. 197,Makassar,Sulawesi Selatan,INITIAL
CAE0002445,CUST02041,2024-01-01,Jl. Pemuda No. 78,Balikpapan,Kalimantan Timur,INITIAL
CAE0002446,CUST02042,2024-01-01,Jl. Melati No. 197,Yogyakarta,DI Yogyakarta,INITIAL
CAE0002447,CUST02043,2024-01-01,Jl. Melati No. 74,Denpasar,Bali,INITIAL
CAE0002448,CUST02044,2024-01-01,Jl. Gajah Mada No. 30,Depok,Jawa Barat,INITIAL
CAE0002449,CUST02045,2024-01-01,Jl. Veteran No. 83,Surabaya,Jawa Timur,INITIAL
CAE0002450,CUST02045,2026-07-05,Jl. Sudirman No. 127,Palembang,Sumatera Selatan,MOVE
CAE0002451,CUST02046,2024-01-01,Jl. Diponegoro No. 139,Surakarta,Jawa Tengah,INITIAL
CAE0002452,CUST02046,2025-11-21,Jl. Merdeka No. 185,Pontianak,Kalimantan Barat,MOVE
CAE0002453,CUST02047,2024-01-01,Jl. Gajah Mada No. 150,Semarang,Jawa Tengah,INITIAL
CAE0002454,CUST02048,2024-01-01,Jl. Diponegoro No. 131,Semarang,Jawa Tengah,INITIAL
CAE0002455,CUST02048,2026-09-21,Jl. Merdeka No. 70,Bogor,Jawa Barat,MOVE
CAE0002456,CUST02049,2024-01-01,Jl. Merdeka No. 129,Jakarta,DKI Jakarta,INITIAL
CAE0002457,CUST02050,2024-01-01,Jl. Sudirman No. 68,Surabaya,Jawa Timur,INITIAL
CAE0002458,CUST02051,2024-01-01,Jl. Diponegoro No. 20,Bandung,Jawa Barat,INITIAL
CAE0002459,CUST02052,2024-01-01,Jl. Melati No. 155,Bantul,DI Yogyakarta,INITIAL
CAE0002460,CUST02053,2024-01-01,Jl. Pemuda No. 14,Tangerang,Banten,INITIAL
CAE0002461,CUST02054,2024-01-01,Jl. Gajah Mada No. 125,Denpasar,Bali,INITIAL
CAE0002462,CUST02055,2024-01-01,Jl. Gajah Mada No. 73,Samarinda,Kalimantan Timur,INITIAL
CAE0002463,CUST02056,2024-01-01,Jl. Diponegoro No. 49,Bantul,DI Yogyakarta,INITIAL
CAE0002464,CUST02057,2024-01-01,Jl. Kenanga No. 200,Jakarta,DKI Jakarta,INITIAL
CAE0002465,CUST02057,2025-05-18,Jl. Pemuda No. 156,Bogor,Jawa Barat,MOVE
CAE0002466,CUST02057,2026-01-30,Jl. Veteran No. 92,Palembang,Sumatera Selatan,MOVE
CAE0002467,CUST02058,2024-01-01,Jl. Diponegoro No. 167,Bogor,Jawa Barat,INITIAL
CAE0002468,CUST02058,2026-04-24,Jl. Merdeka No. 90,Depok,Jawa Barat,MOVE
CAE0002469,CUST02059,2024-01-01,Jl. Sudirman No. 5,Samarinda,Kalimantan Timur,INITIAL
CAE0002470,CUST02060,2024-01-01,Jl. Veteran No. 82,Denpasar,Bali,INITIAL
CAE0002471,CUST02061,2024-01-01,Jl. Melati No. 213,Bantul,DI Yogyakarta,INITIAL
CAE0002472,CUST02062,2024-01-01,Jl. Pemuda No. 247,Bekasi,Jawa Barat,INITIAL
CAE0002473,CUST02062,2025-11-17,Jl. Pemuda No. 162,Samarinda,Kalimantan Timur,MOVE
CAE0002474,CUST02062,2026-02-23,Jl. Diponegoro No. 211,Medan,Sumatera Utara,MOVE
CAE0002475,CUST02063,2024-01-01,Jl. Veteran No. 34,Bandung,Jawa Barat,INITIAL
CAE0002476,CUST02064,2024-01-01,Jl. Gajah Mada No. 51,Denpasar,Bali,INITIAL
CAE0002477,CUST02065,2024-01-01,Jl. Pemuda No. 41,Bandung,Jawa Barat,INITIAL
CAE0002478,CUST02065,2025-05-07,Jl. Sudirman No. 136,Bekasi,Jawa Barat,MOVE
CAE0002479,CUST02066,2024-01-01,Jl. Diponegoro No. 81,Denpasar,Bali,INITIAL
CAE0002480,CUST02067,2024-01-01,Jl. Pemuda No. 159,Surabaya,Jawa Timur,INITIAL
CAE0002481,CUST02067,2025-03-30,Jl. Diponegoro No. 104,Depok,Jawa Barat,MOVE
CAE0002482,CUST02068,2024-01-01,Jl. Gajah Mada No. 166,Depok,Jawa Barat,INITIAL
CAE0002483,CUST02069,2024-01-01,Jl. Sudirman No. 108,Semarang,Jawa Tengah,INITIAL
CAE0002484,CUST02070,2024-01-01,Jl. Veteran No. 246,Pontianak,Kalimantan Barat,INITIAL
CAE0002485,CUST02071,2024-01-01,Jl. Gajah Mada No. 190,Samarinda,Kalimantan Timur,INITIAL
CAE0002486,CUST02072,2024-01-01,Jl. Kenanga No. 150,Malang,Jawa Timur,INITIAL
CAE0002487,CUST02073,2024-01-01,Jl. Diponegoro No. 226,Surabaya,Jawa Timur,INITIAL
CAE0002488,CUST02074,2024-01-01,Jl. Diponegoro No. 82,Denpasar,Bali,INITIAL
CAE0002489,CUST02075,2024-01-01,Jl. Pemuda No. 77,Bantul,DI Yogyakarta,INITIAL
CAE0002490,CUST02076,2024-01-01,Jl. Merdeka No. 83,Sleman,DI Yogyakarta,INITIAL
CAE0002491,CUST02077,2024-01-01,Jl. Sudirman No. 167,Semarang,Jawa Tengah,INITIAL
CAE0002492,CUST02078,2024-01-01,Jl. Pemuda No. 174,Semarang,Jawa Tengah,INITIAL
CAE0002493,CUST02079,2024-01-01,Jl. Sudirman No. 101,Bandung,Jawa Barat,INITIAL
CAE0002494,CUST02080,2024-01-01,Jl. Gajah Mada No. 189,Depok,Jawa Barat,INITIAL
CAE0002495,CUST02081,2024-01-01,Jl. Sudirman No. 193,Bandung,Jawa Barat,INITIAL
CAE0002496,CUST02082,2024-01-01,Jl. Veteran No. 86,Medan,Sumatera Utara,INITIAL
CAE0002497,CUST02083,2024-01-01,Jl. Veteran No. 149,Tangerang,Banten,INITIAL
CAE0002498,CUST02084,2024-01-01,Jl. Sudirman No. 201,Malang,Jawa Timur,INITIAL
CAE0002499,CUST02085,2024-01-01,Jl. Merdeka No. 196,Palembang,Sumatera Selatan,INITIAL
CAE0002500,CUST02086,2024-01-01,Jl. Veteran No. 210,Jakarta,DKI Jakarta,INITIAL
CAE0002501,CUST02086,2025-08-26,Jl. Merdeka No. 5,Bantul,DI Yogyakarta,MOVE
CAE0002502,CUST02086,2026-08-09,Jl. Pemuda No. 97,Palembang,Sumatera Selatan,MOVE
CAE0002503,CUST02087,2024-01-01,Jl. Melati No. 219,Sleman,DI Yogyakarta,INITIAL
CAE0002504,CUST02088,2024-01-01,Jl. Melati No. 68,Bantul,DI Yogyakarta,INITIAL
CAE0002505,CUST02089,2024-01-01,Jl. Merdeka No. 148,Medan,Sumatera Utara,INITIAL
CAE0002506,CUST02090,2024-01-01,Jl. Pemuda No. 185,Palembang,Sumatera Selatan,INITIAL
CAE0002507,CUST02090,2026-06-09,Jl. Melati No. 69,Semarang,Jawa Tengah,MOVE
CAE0002508,CUST02091,2024-01-01,Jl. Merdeka No. 25,Palembang,Sumatera Selatan,INITIAL
CAE0002509,CUST02092,2024-01-01,Jl. Melati No. 229,Pontianak,Kalimantan Barat,INITIAL
CAE0002510,CUST02093,2024-01-01,Jl. Melati No. 189,Semarang,Jawa Tengah,INITIAL
CAE0002511,CUST02093,2025-08-04,Jl. Gajah Mada No. 218,Malang,Jawa Timur,MOVE
CAE0002512,CUST02093,2026-01-07,Jl. Sudirman No. 232,Sleman,DI Yogyakarta,MOVE
CAE0002513,CUST02094,2024-01-01,Jl. Gajah Mada No. 15,Samarinda,Kalimantan Timur,INITIAL
CAE0002514,CUST02095,2024-01-01,Jl. Melati No. 209,Jakarta,DKI Jakarta,INITIAL
CAE0002515,CUST02096,2024-01-01,Jl. Gajah Mada No. 164,Balikpapan,Kalimantan Timur,INITIAL
CAE0002516,CUST02096,2025-02-28,Jl. Veteran No. 91,Bandung,Jawa Barat,MOVE
CAE0002517,CUST02097,2024-01-01,Jl. Diponegoro No. 145,Bantul,DI Yogyakarta,INITIAL
CAE0002518,CUST02098,2024-01-01,Jl. Diponegoro No. 212,Bekasi,Jawa Barat,INITIAL
CAE0002519,CUST02099,2024-01-01,Jl. Diponegoro No. 156,Denpasar,Bali,INITIAL
CAE0002520,CUST02099,2026-08-18,Jl. Diponegoro No. 94,Depok,Jawa Barat,MOVE
CAE0002521,CUST02100,2024-01-01,Jl. Diponegoro No. 52,Medan,Sumatera Utara,INITIAL
CAE0002522,CUST02101,2024-01-01,Jl. Pemuda No. 74,Palembang,Sumatera Selatan,INITIAL
CAE0002523,CUST02102,2024-01-01,Jl. Sudirman No. 173,Surakarta,Jawa Tengah,INITIAL
CAE0002524,CUST02103,2024-01-01,Jl. Pemuda No. 37,Sleman,DI Yogyakarta,INITIAL
CAE0002525,CUST02104,2024-01-01,Jl. Veteran No. 156,Surabaya,Jawa Timur,INITIAL
CAE0002526,CUST02105,2024-01-01,Jl. Sudirman No. 4,Depok,Jawa Barat,INITIAL
CAE0002527,CUST02106,2024-01-01,Jl. Pemuda No. 232,Semarang,Jawa Tengah,INITIAL
CAE0002528,CUST02107,2024-01-01,Jl. Gajah Mada No. 30,Sleman,DI Yogyakarta,INITIAL
CAE0002529,CUST02108,2024-01-01,Jl. Pemuda No. 76,Malang,Jawa Timur,INITIAL
CAE0002530,CUST02109,2024-01-01,Jl. Pemuda No. 221,Palembang,Sumatera Selatan,INITIAL
CAE0002531,CUST02110,2024-01-01,Jl. Veteran No. 209,Jakarta,DKI Jakarta,INITIAL
CAE0002532,CUST02111,2024-01-01,Jl. Gajah Mada No. 152,Yogyakarta,DI Yogyakarta,INITIAL
CAE0002533,CUST02112,2024-01-01,Jl. Gajah Mada No. 51,Makassar,Sulawesi Selatan,INITIAL
CAE0002534,CUST02112,2026-01-20,Jl. Pemuda No. 171,Samarinda,Kalimantan Timur,MOVE
CAE0002535,CUST02113,2024-01-01,Jl. Veteran No. 221,Yogyakarta,DI Yogyakarta,INITIAL
CAE0002536,CUST02114,2024-01-01,Jl. Diponegoro No. 139,Palembang,Sumatera Selatan,INITIAL
CAE0002537,CUST02115,2024-01-01,Jl. Pemuda No. 97,Depok,Jawa Barat,INITIAL
CAE0002538,CUST02116,2024-01-01,Jl. Kenanga No. 202,Bogor,Jawa Barat,INITIAL
CAE0002539,CUST02117,2024-01-01,Jl. Sudirman No. 9,Depok,Jawa Barat,INITIAL
CAE0002540,CUST02118,2024-01-01,Jl. Melati No. 229,Semarang,Jawa Tengah,INITIAL
CAE0002541,CUST02119,2024-01-01,Jl. Kenanga No. 132,Bantul,DI Yogyakarta,INITIAL
CAE0002542,CUST02120,2024-01-01,Jl. Merdeka No. 150,Bogor,Jawa Barat,INITIAL
CAE0002543,CUST02121,2024-01-01,Jl. Kenanga No. 105,Bogor,Jawa Barat,INITIAL
CAE0002544,CUST02122,2024-01-01,Jl. Kenanga No. 209,Makassar,Sulawesi Selatan,INITIAL
CAE0002545,CUST02123,2024-01-01,Jl. Gajah Mada No. 184,Medan,Sumatera Utara,INITIAL
CAE0002546,CUST02124,2024-01-01,Jl. Pemuda No. 89,Sleman,DI Yogyakarta,INITIAL
CAE0002547,CUST02125,2024-01-01,Jl. Veteran No. 77,Surakarta,Jawa Tengah,INITIAL
CAE0002548,CUST02125,2025-09-03,Jl. Diponegoro No. 20,Depok,Jawa Barat,MOVE
CAE0002549,CUST02126,2024-01-01,Jl. Diponegoro No. 206,Surabaya,Jawa Timur,INITIAL
CAE0002550,CUST02127,2024-01-01,Jl. Sudirman No. 102,Bogor,Jawa Barat,INITIAL
CAE0002551,CUST02128,2024-01-01,Jl. Merdeka No. 34,Jakarta,DKI Jakarta,INITIAL
CAE0002552,CUST02128,2025-03-16,Jl. Kenanga No. 40,Depok,Jawa Barat,MOVE
CAE0002553,CUST02129,2024-01-01,Jl. Pemuda No. 86,Palembang,Sumatera Selatan,INITIAL
CAE0002554,CUST02130,2024-01-01,Jl. Veteran No. 39,Semarang,Jawa Tengah,INITIAL
CAE0002555,CUST02131,2024-01-01,Jl. Kenanga No. 50,Palembang,Sumatera Selatan,INITIAL
CAE0002556,CUST02131,2025-06-27,Jl. Diponegoro No. 184,Bandung,Jawa Barat,MOVE
CAE0002557,CUST02132,2024-01-01,Jl. Melati No. 121,Yogyakarta,DI Yogyakarta,INITIAL
CAE0002558,CUST02133,2024-01-01,Jl. Gajah Mada No. 232,Bantul,DI Yogyakarta,INITIAL
CAE0002559,CUST02134,2024-01-01,Jl. Gajah Mada No. 44,Semarang,Jawa Tengah,INITIAL
CAE0002560,CUST02135,2024-01-01,Jl. Pemuda No. 173,Surabaya,Jawa Timur,INITIAL
CAE0002561,CUST02136,2024-01-01,Jl. Kenanga No. 75,Tangerang,Banten,INITIAL
CAE0002562,CUST02137,2024-01-01,Jl. Gajah Mada No. 76,Bandung,Jawa Barat,INITIAL
CAE0002563,CUST02138,2024-01-01,Jl. Kenanga No. 20,Tangerang,Banten,INITIAL
CAE0002564,CUST02139,2024-01-01,Jl. Pemuda No. 3,Balikpapan,Kalimantan Timur,INITIAL
CAE0002565,CUST02140,2024-01-01,Jl. Sudirman No. 219,Makassar,Sulawesi Selatan,INITIAL
CAE0002566,CUST02141,2024-01-01,Jl. Kenanga No. 120,Denpasar,Bali,INITIAL
CAE0002567,CUST02142,2024-01-01,Jl. Sudirman No. 212,Palembang,Sumatera Selatan,INITIAL
CAE0002568,CUST02142,2026-01-08,Jl. Kenanga No. 100,Samarinda,Kalimantan Timur,MOVE
CAE0002569,CUST02143,2024-01-01,Jl. Diponegoro No. 179,Bogor,Jawa Barat,INITIAL
CAE0002570,CUST02144,2024-01-01,Jl. Pemuda No. 100,Surakarta,Jawa Tengah,INITIAL
CAE0002571,CUST02145,2024-01-01,Jl. Merdeka No. 99,Denpasar,Bali,INITIAL
CAE0002572,CUST02146,2024-01-01,Jl. Pemuda No. 124,Surabaya,Jawa Timur,INITIAL
CAE0002573,CUST02147,2024-01-01,Jl. Gajah Mada No. 188,Bogor,Jawa Barat,INITIAL
CAE0002574,CUST02148,2024-01-01,Jl. Merdeka No. 82,Balikpapan,Kalimantan Timur,INITIAL
CAE0002575,CUST02149,2024-01-01,Jl. Melati No. 46,Sleman,DI Yogyakarta,INITIAL
CAE0002576,CUST02150,2024-01-01,Jl. Melati No. 249,Bekasi,Jawa Barat,INITIAL
CAE0002577,CUST02151,2024-01-01,Jl. Gajah Mada No. 183,Malang,Jawa Timur,INITIAL
CAE0002578,CUST02152,2024-01-01,Jl. Sudirman No. 173,Surakarta,Jawa Tengah,INITIAL
CAE0002579,CUST02153,2024-01-01,Jl. Melati No. 177,Bekasi,Jawa Barat,INITIAL
CAE0002580,CUST02154,2024-01-01,Jl. Kenanga No. 171,Medan,Sumatera Utara,INITIAL
CAE0002581,CUST02155,2024-01-01,Jl. Kenanga No. 194,Medan,Sumatera Utara,INITIAL
CAE0002582,CUST02156,2024-01-01,Jl. Pemuda No. 83,Sleman,DI Yogyakarta,INITIAL
CAE0002583,CUST02157,2024-01-01,Jl. Kenanga No. 248,Depok,Jawa Barat,INITIAL
CAE0002584,CUST02158,2024-01-01,Jl. Kenanga No. 165,Pontianak,Kalimantan Barat,INITIAL
CAE0002585,CUST02159,2024-01-01,Jl. Diponegoro No. 108,Tangerang,Banten,INITIAL
CAE0002586,CUST02160,2024-01-01,Jl. Sudirman No. 155,Denpasar,Bali,INITIAL
CAE0002587,CUST02161,2024-01-01,Jl. Veteran No. 162,Medan,Sumatera Utara,INITIAL
CAE0002588,CUST02161,2026-03-18,Jl. Merdeka No. 67,Palembang,Sumatera Selatan,MOVE
CAE0002589,CUST02162,2024-01-01,Jl. Sudirman No. 123,Palembang,Sumatera Selatan,INITIAL
CAE0002590,CUST02163,2024-01-01,Jl. Merdeka No. 144,Balikpapan,Kalimantan Timur,INITIAL
CAE0002591,CUST02164,2024-01-01,Jl. Veteran No. 36,Samarinda,Kalimantan Timur,INITIAL
CAE0002592,CUST02165,2024-01-01,Jl. Kenanga No. 119,Surabaya,Jawa Timur,INITIAL
CAE0002593,CUST02165,2025-01-19,Jl. Merdeka No. 121,Medan,Sumatera Utara,MOVE
CAE0002594,CUST02166,2024-01-01,Jl. Diponegoro No. 218,Pontianak,Kalimantan Barat,INITIAL
CAE0002595,CUST02166,2025-06-29,Jl. Kenanga No. 170,Bantul,DI Yogyakarta,MOVE
CAE0002596,CUST02167,2024-01-01,Jl. Sudirman No. 86,Bandung,Jawa Barat,INITIAL
CAE0002597,CUST02168,2024-01-01,Jl. Gajah Mada No. 24,Makassar,Sulawesi Selatan,INITIAL
CAE0002598,CUST02169,2024-01-01,Jl. Sudirman No. 169,Pontianak,Kalimantan Barat,INITIAL
CAE0002599,CUST02170,2024-01-01,Jl. Kenanga No. 221,Semarang,Jawa Tengah,INITIAL
CAE0002600,CUST02171,2024-01-01,Jl. Melati No. 164,Denpasar,Bali,INITIAL
CAE0002601,CUST02171,2025-06-27,Jl. Pemuda No. 156,Bantul,DI Yogyakarta,MOVE
CAE0002602,CUST02171,2026-04-24,Jl. Sudirman No. 194,Medan,Sumatera Utara,MOVE
CAE0002603,CUST02172,2024-01-01,Jl. Diponegoro No. 33,Surabaya,Jawa Timur,INITIAL
CAE0002604,CUST02172,2025-12-27,Jl. Gajah Mada No. 219,Denpasar,Bali,MOVE
CAE0002605,CUST02173,2024-01-01,Jl. Kenanga No. 35,Depok,Jawa Barat,INITIAL
CAE0002606,CUST02174,2024-01-01,Jl. Veteran No. 205,Malang,Jawa Timur,INITIAL
CAE0002607,CUST02175,2024-01-01,Jl. Diponegoro No. 25,Bekasi,Jawa Barat,INITIAL
CAE0002608,CUST02176,2024-01-01,Jl. Diponegoro No. 176,Yogyakarta,DI Yogyakarta,INITIAL
CAE0002609,CUST02176,2025-09-23,Jl. Pemuda No. 91,Makassar,Sulawesi Selatan,MOVE
CAE0002610,CUST02177,2024-01-01,Jl. Sudirman No. 56,Depok,Jawa Barat,INITIAL
CAE0002611,CUST02178,2024-01-01,Jl. Pemuda No. 3,Bandung,Jawa Barat,INITIAL
CAE0002612,CUST02179,2024-01-01,Jl. Pemuda No. 2,Bogor,Jawa Barat,INITIAL
CAE0002613,CUST02179,2025-11-17,Jl. Kenanga No. 16,Surabaya,Jawa Timur,MOVE
CAE0002614,CUST02180,2024-01-01,Jl. Diponegoro No. 27,Yogyakarta,DI Yogyakarta,INITIAL
CAE0002615,CUST02181,2024-01-01,Jl. Gajah Mada No. 149,Jakarta,DKI Jakarta,INITIAL
CAE0002616,CUST02182,2024-01-01,Jl. Gajah Mada No. 131,Depok,Jawa Barat,INITIAL
CAE0002617,CUST02183,2024-01-01,Jl. Pemuda No. 108,Surakarta,Jawa Tengah,INITIAL
CAE0002618,CUST02184,2024-01-01,Jl. Pemuda No. 65,Jakarta,DKI Jakarta,INITIAL
CAE0002619,CUST02185,2024-01-01,Jl. Melati No. 62,Surabaya,Jawa Timur,INITIAL
CAE0002620,CUST02186,2024-01-01,Jl. Melati No. 113,Makassar,Sulawesi Selatan,INITIAL
CAE0002621,CUST02187,2024-01-01,Jl. Pemuda No. 152,Medan,Sumatera Utara,INITIAL
CAE0002622,CUST02188,2024-01-01,Jl. Melati No. 118,Surakarta,Jawa Tengah,INITIAL
CAE0002623,CUST02189,2024-01-01,Jl. Sudirman No. 2,Yogyakarta,DI Yogyakarta,INITIAL
CAE0002624,CUST02189,2026-05-06,Jl. Pemuda No. 170,Denpasar,Bali,MOVE
CAE0002625,CUST02190,2024-01-01,Jl. Kenanga No. 3,Yogyakarta,DI Yogyakarta,INITIAL
CAE0002626,CUST02191,2024-01-01,Jl. Melati No. 201,Semarang,Jawa Tengah,INITIAL
CAE0002627,CUST02191,2026-07-01,Jl. Diponegoro No. 24,Palembang,Sumatera Selatan,MOVE
CAE0002628,CUST02192,2024-01-01,Jl. Diponegoro No. 193,Tangerang,Banten,INITIAL
CAE0002629,CUST02193,2024-01-01,Jl. Melati No. 241,Makassar,Sulawesi Selatan,INITIAL
CAE0002630,CUST02194,2024-01-01,Jl. Melati No. 150,Bogor,Jawa Barat,INITIAL
CAE0002631,CUST02195,2024-01-01,Jl. Veteran No. 17,Bandung,Jawa Barat,INITIAL
CAE0002632,CUST02196,2024-01-01,Jl. Merdeka No. 13,Balikpapan,Kalimantan Timur,INITIAL
CAE0002633,CUST02197,2024-01-01,Jl. Diponegoro No. 232,Malang,Jawa Timur,INITIAL
CAE0002634,CUST02197,2026-04-11,Jl. Veteran No. 116,Pontianak,Kalimantan Barat,MOVE
CAE0002635,CUST02198,2024-01-01,Jl. Melati No. 112,Tangerang,Banten,INITIAL
CAE0002636,CUST02199,2024-01-01,Jl. Pemuda No. 134,Surakarta,Jawa Tengah,INITIAL
CAE0002637,CUST02200,2024-01-01,Jl. Gajah Mada No. 213,Bekasi,Jawa Barat,INITIAL
CAE0002638,CUST02200,2025-01-06,Jl. Gajah Mada No. 65,Sleman,DI Yogyakarta,MOVE
CAE0002639,CUST02201,2024-01-01,Jl. Pemuda No. 23,Semarang,Jawa Tengah,INITIAL
CAE0002640,CUST02202,2024-01-01,Jl. Pemuda No. 153,Sleman,DI Yogyakarta,INITIAL
CAE0002641,CUST02203,2024-01-01,Jl. Veteran No. 200,Makassar,Sulawesi Selatan,INITIAL
CAE0002642,CUST02204,2024-01-01,Jl. Gajah Mada No. 7,Bantul,DI Yogyakarta,INITIAL
CAE0002643,CUST02205,2024-01-01,Jl. Melati No. 19,Samarinda,Kalimantan Timur,INITIAL
CAE0002644,CUST02206,2024-01-01,Jl. Pemuda No. 3,Balikpapan,Kalimantan Timur,INITIAL
CAE0002645,CUST02207,2024-01-01,Jl. Gajah Mada No. 41,Surabaya,Jawa Timur,INITIAL
CAE0002646,CUST02208,2024-01-01,Jl. Kenanga No. 16,Semarang,Jawa Tengah,INITIAL
CAE0002647,CUST02209,2024-01-01,Jl. Pemuda No. 50,Palembang,Sumatera Selatan,INITIAL
CAE0002648,CUST02210,2024-01-01,Jl. Gajah Mada No. 30,Malang,Jawa Timur,INITIAL
CAE0002649,CUST02210,2026-03-24,Jl. Melati No. 180,Denpasar,Bali,MOVE
CAE0002650,CUST02211,2024-01-01,Jl. Melati No. 23,Samarinda,Kalimantan Timur,INITIAL
CAE0002651,CUST02212,2024-01-01,Jl. Kenanga No. 137,Makassar,Sulawesi Selatan,INITIAL
CAE0002652,CUST02213,2024-01-01,Jl. Pemuda No. 206,Medan,Sumatera Utara,INITIAL
CAE0002653,CUST02214,2024-01-01,Jl. Kenanga No. 59,Malang,Jawa Timur,INITIAL
CAE0002654,CUST02215,2024-01-01,Jl. Pemuda No. 201,Jakarta,DKI Jakarta,INITIAL
CAE0002655,CUST02216,2024-01-01,Jl. Sudirman No. 138,Malang,Jawa Timur,INITIAL
CAE0002656,CUST02217,2024-01-01,Jl. Veteran No. 44,Medan,Sumatera Utara,INITIAL
CAE0002657,CUST02218,2024-01-01,Jl. Pemuda No. 83,Semarang,Jawa Tengah,INITIAL
CAE0002658,CUST02218,2025-09-12,Jl. Merdeka No. 70,Jakarta,DKI Jakarta,MOVE
CAE0002659,CUST02219,2024-01-01,Jl. Veteran No. 210,Denpasar,Bali,INITIAL
CAE0002660,CUST02219,2026-08-12,Jl. Gajah Mada No. 192,Bogor,Jawa Barat,MOVE
CAE0002661,CUST02220,2024-01-01,Jl. Kenanga No. 199,Surakarta,Jawa Tengah,INITIAL
CAE0002662,CUST02221,2024-01-01,Jl. Pemuda No. 57,Makassar,Sulawesi Selatan,INITIAL
CAE0002663,CUST02222,2024-01-01,Jl. Sudirman No. 55,Bekasi,Jawa Barat,INITIAL
CAE0002664,CUST02222,2025-08-08,Jl. Gajah Mada No. 115,Semarang,Jawa Tengah,MOVE
CAE0002665,CUST02223,2024-01-01,Jl. Gajah Mada No. 111,Surabaya,Jawa Timur,INITIAL
CAE0002666,CUST02224,2024-01-01,Jl. Diponegoro No. 2,Balikpapan,Kalimantan Timur,INITIAL
CAE0002667,CUST02224,2026-04-02,Jl. Sudirman No. 134,Samarinda,Kalimantan Timur,MOVE
CAE0002668,CUST02224,2026-08-11,Jl. Kenanga No. 236,Surabaya,Jawa Timur,MOVE
CAE0002669,CUST02225,2024-01-01,Jl. Kenanga No. 189,Makassar,Sulawesi Selatan,INITIAL
CAE0002670,CUST02225,2026-06-27,Jl. Veteran No. 53,Surakarta,Jawa Tengah,MOVE
CAE0002671,CUST02226,2024-01-01,Jl. Melati No. 112,Jakarta,DKI Jakarta,INITIAL
CAE0002672,CUST02227,2024-01-01,Jl. Merdeka No. 109,Semarang,Jawa Tengah,INITIAL
CAE0002673,CUST02227,2025-03-29,Jl. Diponegoro No. 30,Jakarta,DKI Jakarta,MOVE
CAE0002674,CUST02227,2025-12-26,Jl. Melati No. 55,Pontianak,Kalimantan Barat,MOVE
CAE0002675,CUST02228,2024-01-01,Jl. Pemuda No. 99,Semarang,Jawa Tengah,INITIAL
CAE0002676,CUST02229,2024-01-01,Jl. Merdeka No. 115,Makassar,Sulawesi Selatan,INITIAL
CAE0002677,CUST02230,2024-01-01,Jl. Sudirman No. 233,Medan,Sumatera Utara,INITIAL
CAE0002678,CUST02231,2024-01-01,Jl. Melati No. 249,Palembang,Sumatera Selatan,INITIAL
CAE0002679,CUST02232,2024-01-01,Jl. Kenanga No. 179,Pontianak,Kalimantan Barat,INITIAL
CAE0002680,CUST02233,2024-01-01,Jl. Veteran No. 207,Tangerang,Banten,INITIAL
CAE0002681,CUST02234,2024-01-01,Jl. Merdeka No. 41,Bekasi,Jawa Barat,INITIAL
CAE0002682,CUST02235,2024-01-01,Jl. Gajah Mada No. 223,Jakarta,DKI Jakarta,INITIAL
CAE0002683,CUST02236,2024-01-01,Jl. Pemuda No. 167,Bandung,Jawa Barat,INITIAL
CAE0002684,CUST02237,2024-01-01,Jl. Gajah Mada No. 146,Palembang,Sumatera Selatan,INITIAL
CAE0002685,CUST02237,2025-03-23,Jl. Veteran No. 199,Sleman,DI Yogyakarta,MOVE
CAE0002686,CUST02238,2024-01-01,Jl. Kenanga No. 239,Denpasar,Bali,INITIAL
CAE0002687,CUST02238,2025-02-26,Jl. Gajah Mada No. 121,Bekasi,Jawa Barat,MOVE
CAE0002688,CUST02239,2024-01-01,Jl. Melati No. 102,Yogyakarta,DI Yogyakarta,INITIAL
CAE0002689,CUST02240,2024-01-01,Jl. Melati No. 235,Bantul,DI Yogyakarta,INITIAL
CAE0002690,CUST02240,2025-04-22,Jl. Kenanga No. 177,Medan,Sumatera Utara,MOVE
CAE0002691,CUST02241,2024-01-01,Jl. Gajah Mada No. 140,Makassar,Sulawesi Selatan,INITIAL
CAE0002692,CUST02242,2024-01-01,Jl. Sudirman No. 119,Pontianak,Kalimantan Barat,INITIAL
CAE0002693,CUST02243,2024-01-01,Jl. Diponegoro No. 45,Sleman,DI Yogyakarta,INITIAL
CAE0002694,CUST02244,2024-01-01,Jl. Gajah Mada No. 208,Malang,Jawa Timur,INITIAL
CAE0002695,CUST02245,2024-01-01,Jl. Veteran No. 194,Surakarta,Jawa Tengah,INITIAL
CAE0002696,CUST02245,2025-10-30,Jl. Kenanga No. 134,Surabaya,Jawa Timur,MOVE
CAE0002697,CUST02246,2024-01-01,Jl. Diponegoro No. 120,Jakarta,DKI Jakarta,INITIAL
CAE0002698,CUST02247,2024-01-01,Jl. Melati No. 168,Samarinda,Kalimantan Timur,INITIAL
CAE0002699,CUST02248,2024-01-01,Jl. Veteran No. 9,Denpasar,Bali,INITIAL
CAE0002700,CUST02249,2024-01-01,Jl. Melati No. 16,Bogor,Jawa Barat,INITIAL
CAE0002701,CUST02250,2024-01-01,Jl. Merdeka No. 99,Surabaya,Jawa Timur,INITIAL
CAE0002702,CUST02251,2024-01-01,Jl. Veteran No. 181,Jakarta,DKI Jakarta,INITIAL
CAE0002703,CUST02251,2025-07-26,Jl. Veteran No. 191,Malang,Jawa Timur,MOVE
CAE0002704,CUST02252,2024-01-01,Jl. Merdeka No. 122,Jakarta,DKI Jakarta,INITIAL
CAE0002705,CUST02253,2024-01-01,Jl. Diponegoro No. 139,Sleman,DI Yogyakarta,INITIAL
CAE0002706,CUST02254,2024-01-01,Jl. Veteran No. 134,Pontianak,Kalimantan Barat,INITIAL
CAE0002707,CUST02255,2024-01-01,Jl. Kenanga No. 84,Yogyakarta,DI Yogyakarta,INITIAL
CAE0002708,CUST02256,2024-01-01,Jl. Diponegoro No. 51,Surakarta,Jawa Tengah,INITIAL
CAE0002709,CUST02256,2026-01-24,Jl. Gajah Mada No. 83,Tangerang,Banten,MOVE
CAE0002710,CUST02257,2024-01-01,Jl. Diponegoro No. 55,Surabaya,Jawa Timur,INITIAL
CAE0002711,CUST02258,2024-01-01,Jl. Melati No. 245,Yogyakarta,DI Yogyakarta,INITIAL
CAE0002712,CUST02259,2024-01-01,Jl. Kenanga No. 96,Palembang,Sumatera Selatan,INITIAL
CAE0002713,CUST02260,2024-01-01,Jl. Pemuda No. 71,Samarinda,Kalimantan Timur,INITIAL
CAE0002714,CUST02261,2024-01-01,Jl. Gajah Mada No. 172,Depok,Jawa Barat,INITIAL
CAE0002715,CUST02262,2024-01-01,Jl. Pemuda No. 142,Pontianak,Kalimantan Barat,INITIAL
CAE0002716,CUST02263,2024-01-01,Jl. Veteran No. 95,Jakarta,DKI Jakarta,INITIAL
CAE0002717,CUST02263,2026-09-05,Jl. Merdeka No. 144,Balikpapan,Kalimantan Timur,MOVE
CAE0002718,CUST02264,2024-01-01,Jl. Gajah Mada No. 2,Bekasi,Jawa Barat,INITIAL
CAE0002719,CUST02265,2024-01-01,Jl. Gajah Mada No. 240,Bantul,DI Yogyakarta,INITIAL
CAE0002720,CUST02266,2024-01-01,Jl. Merdeka No. 69,Samarinda,Kalimantan Timur,INITIAL
CAE0002721,CUST02267,2024-01-01,Jl. Merdeka No. 140,Pontianak,Kalimantan Barat,INITIAL
CAE0002722,CUST02268,2024-01-01,Jl. Merdeka No. 248,Samarinda,Kalimantan Timur,INITIAL
CAE0002723,CUST02269,2024-01-01,Jl. Melati No. 21,Depok,Jawa Barat,INITIAL
CAE0002724,CUST02270,2024-01-01,Jl. Sudirman No. 77,Medan,Sumatera Utara,INITIAL
CAE0002725,CUST02270,2025-03-23,Jl. Sudirman No. 229,Surabaya,Jawa Timur,MOVE
CAE0002726,CUST02270,2025-11-27,Jl. Kenanga No. 48,Pontianak,Kalimantan Barat,MOVE
CAE0002727,CUST02271,2024-01-01,Jl. Melati No. 38,Jakarta,DKI Jakarta,INITIAL
CAE0002728,CUST02272,2024-01-01,Jl. Gajah Mada No. 227,Surabaya,Jawa Timur,INITIAL
CAE0002729,CUST02272,2026-05-22,Jl. Diponegoro No. 20,Tangerang,Banten,MOVE
CAE0002730,CUST02273,2024-01-01,Jl. Kenanga No. 213,Bogor,Jawa Barat,INITIAL
CAE0002731,CUST02274,2024-01-01,Jl. Sudirman No. 156,Bantul,DI Yogyakarta,INITIAL
CAE0002732,CUST02275,2024-01-01,Jl. Veteran No. 246,Sleman,DI Yogyakarta,INITIAL
CAE0002733,CUST02276,2024-01-01,Jl. Gajah Mada No. 87,Jakarta,DKI Jakarta,INITIAL
CAE0002734,CUST02277,2024-01-01,Jl. Pemuda No. 10,Semarang,Jawa Tengah,INITIAL
CAE0002735,CUST02277,2026-06-20,Jl. Pemuda No. 127,Samarinda,Kalimantan Timur,MOVE
CAE0002736,CUST02278,2024-01-01,Jl. Pemuda No. 118,Palembang,Sumatera Selatan,INITIAL
CAE0002737,CUST02279,2024-01-01,Jl. Melati No. 41,Surabaya,Jawa Timur,INITIAL
CAE0002738,CUST02279,2025-02-27,Jl. Pemuda No. 51,Tangerang,Banten,MOVE
CAE0002739,CUST02279,2026-05-23,Jl. Sudirman No. 148,Sleman,DI Yogyakarta,MOVE
CAE0002740,CUST02280,2024-01-01,Jl. Sudirman No. 191,Yogyakarta,DI Yogyakarta,INITIAL
CAE0002741,CUST02281,2024-01-01,Jl. Sudirman No. 4,Pontianak,Kalimantan Barat,INITIAL
CAE0002742,CUST02281,2026-09-10,Jl. Pemuda No. 7,Bekasi,Jawa Barat,MOVE
CAE0002743,CUST02282,2024-01-01,Jl. Gajah Mada No. 155,Jakarta,DKI Jakarta,INITIAL
CAE0002744,CUST02282,2025-01-18,Jl. Melati No. 121,Makassar,Sulawesi Selatan,MOVE
CAE0002745,CUST02282,2026-01-07,Jl. Merdeka No. 134,Tangerang,Banten,MOVE
CAE0002746,CUST02283,2024-01-01,Jl. Diponegoro No. 78,Jakarta,DKI Jakarta,INITIAL
CAE0002747,CUST02283,2026-06-30,Jl. Kenanga No. 197,Samarinda,Kalimantan Timur,MOVE
CAE0002748,CUST02284,2024-01-01,Jl. Merdeka No. 28,Bantul,DI Yogyakarta,INITIAL
CAE0002749,CUST02285,2024-01-01,Jl. Sudirman No. 47,Bantul,DI Yogyakarta,INITIAL
CAE0002750,CUST02286,2024-01-01,Jl. Kenanga No. 121,Semarang,Jawa Tengah,INITIAL
CAE0002751,CUST02287,2024-01-01,Jl. Kenanga No. 84,Yogyakarta,DI Yogyakarta,INITIAL
CAE0002752,CUST02288,2024-01-01,Jl. Kenanga No. 104,Surakarta,Jawa Tengah,INITIAL
CAE0002753,CUST02289,2024-01-01,Jl. Gajah Mada No. 104,Sleman,DI Yogyakarta,INITIAL
CAE0002754,CUST02290,2024-01-01,Jl. Melati No. 77,Semarang,Jawa Tengah,INITIAL
CAE0002755,CUST02291,2024-01-01,Jl. Sudirman No. 11,Yogyakarta,DI Yogyakarta,INITIAL
CAE0002756,CUST02291,2025-09-17,Jl. Veteran No. 148,Samarinda,Kalimantan Timur,MOVE
CAE0002757,CUST02291,2026-08-14,Jl. Veteran No. 172,Bekasi,Jawa Barat,MOVE
CAE0002758,CUST02292,2024-01-01,Jl. Merdeka No. 204,Malang,Jawa Timur,INITIAL
CAE0002759,CUST02292,2025-07-03,Jl. Pemuda No. 101,Medan,Sumatera Utara,MOVE
CAE0002760,CUST02293,2024-01-01,Jl. Veteran No. 212,Balikpapan,Kalimantan Timur,INITIAL
CAE0002761,CUST02294,2024-01-01,Jl. Gajah Mada No. 209,Bandung,Jawa Barat,INITIAL
CAE0002762,CUST02295,2024-01-01,Jl. Gajah Mada No. 106,Pontianak,Kalimantan Barat,INITIAL
CAE0002763,CUST02296,2024-01-01,Jl. Kenanga No. 131,Yogyakarta,DI Yogyakarta,INITIAL
CAE0002764,CUST02297,2024-01-01,Jl. Sudirman No. 203,Palembang,Sumatera Selatan,INITIAL
CAE0002765,CUST02298,2024-01-01,Jl. Gajah Mada No. 160,Medan,Sumatera Utara,INITIAL
CAE0002766,CUST02299,2024-01-01,Jl. Sudirman No. 171,Palembang,Sumatera Selatan,INITIAL
CAE0002767,CUST02300,2024-01-01,Jl. Sudirman No. 82,Depok,Jawa Barat,INITIAL
CAE0002768,CUST02301,2024-01-01,Jl. Diponegoro No. 245,Tangerang,Banten,INITIAL
CAE0002769,CUST02302,2024-01-01,Jl. Pemuda No. 185,Yogyakarta,DI Yogyakarta,INITIAL
CAE0002770,CUST02303,2024-01-01,Jl. Diponegoro No. 237,Surakarta,Jawa Tengah,INITIAL
CAE0002771,CUST02304,2024-01-01,Jl. Pemuda No. 152,Bandung,Jawa Barat,INITIAL
CAE0002772,CUST02304,2025-09-01,Jl. Diponegoro No. 236,Depok,Jawa Barat,MOVE
CAE0002773,CUST02305,2024-01-01,Jl. Pemuda No. 134,Samarinda,Kalimantan Timur,INITIAL
CAE0002774,CUST02306,2024-01-01,Jl. Merdeka No. 128,Denpasar,Bali,INITIAL
CAE0002775,CUST02307,2024-01-01,Jl. Merdeka No. 24,Denpasar,Bali,INITIAL
CAE0002776,CUST02308,2024-01-01,Jl. Veteran No. 19,Depok,Jawa Barat,INITIAL
CAE0002777,CUST02309,2024-01-01,Jl. Gajah Mada No. 101,Yogyakarta,DI Yogyakarta,INITIAL
CAE0002778,CUST02310,2024-01-01,Jl. Melati No. 173,Depok,Jawa Barat,INITIAL
CAE0002779,CUST02311,2024-01-01,Jl. Melati No. 207,Bekasi,Jawa Barat,INITIAL
CAE0002780,CUST02312,2024-01-01,Jl. Melati No. 205,Medan,Sumatera Utara,INITIAL
CAE0002781,CUST02313,2024-01-01,Jl. Diponegoro No. 15,Yogyakarta,DI Yogyakarta,INITIAL
CAE0002782,CUST02314,2024-01-01,Jl. Sudirman No. 40,Pontianak,Kalimantan Barat,INITIAL
CAE0002783,CUST02314,2025-09-19,Jl. Sudirman No. 75,Sleman,DI Yogyakarta,MOVE
CAE0002784,CUST02315,2024-01-01,Jl. Pemuda No. 115,Tangerang,Banten,INITIAL
CAE0002785,CUST02316,2024-01-01,Jl. Melati No. 152,Samarinda,Kalimantan Timur,INITIAL
CAE0002786,CUST02316,2025-11-17,Jl. Merdeka No. 241,Depok,Jawa Barat,MOVE
CAE0002787,CUST02317,2024-01-01,Jl. Merdeka No. 172,Makassar,Sulawesi Selatan,INITIAL
CAE0002788,CUST02318,2024-01-01,Jl. Veteran No. 73,Semarang,Jawa Tengah,INITIAL
CAE0002789,CUST02319,2024-01-01,Jl. Diponegoro No. 17,Bantul,DI Yogyakarta,INITIAL
CAE0002790,CUST02320,2024-01-01,Jl. Kenanga No. 55,Pontianak,Kalimantan Barat,INITIAL
CAE0002791,CUST02321,2024-01-01,Jl. Veteran No. 104,Medan,Sumatera Utara,INITIAL
CAE0002792,CUST02322,2024-01-01,Jl. Melati No. 112,Sleman,DI Yogyakarta,INITIAL
CAE0002793,CUST02323,2024-01-01,Jl. Merdeka No. 11,Makassar,Sulawesi Selatan,INITIAL
CAE0002794,CUST02324,2024-01-01,Jl. Merdeka No. 11,Pontianak,Kalimantan Barat,INITIAL
CAE0002795,CUST02324,2026-01-02,Jl. Diponegoro No. 193,Yogyakarta,DI Yogyakarta,MOVE
CAE0002796,CUST02325,2024-01-01,Jl. Sudirman No. 224,Depok,Jawa Barat,INITIAL
CAE0002797,CUST02326,2024-01-01,Jl. Gajah Mada No. 138,Bogor,Jawa Barat,INITIAL
CAE0002798,CUST02327,2024-01-01,Jl. Merdeka No. 152,Bekasi,Jawa Barat,INITIAL
CAE0002799,CUST02327,2025-05-23,Jl. Veteran No. 48,Sleman,DI Yogyakarta,MOVE
CAE0002800,CUST02327,2025-10-19,Jl. Gajah Mada No. 97,Makassar,Sulawesi Selatan,MOVE
CAE0002801,CUST02328,2024-01-01,Jl. Gajah Mada No. 122,Palembang,Sumatera Selatan,INITIAL
CAE0002802,CUST02329,2024-01-01,Jl. Pemuda No. 234,Malang,Jawa Timur,INITIAL
CAE0002803,CUST02330,2024-01-01,Jl. Diponegoro No. 115,Palembang,Sumatera Selatan,INITIAL
CAE0002804,CUST02331,2024-01-01,Jl. Kenanga No. 12,Bogor,Jawa Barat,INITIAL
CAE0002805,CUST02332,2024-01-01,Jl. Diponegoro No. 222,Bekasi,Jawa Barat,INITIAL
CAE0002806,CUST02332,2025-05-23,Jl. Melati No. 88,Bogor,Jawa Barat,MOVE
CAE0002807,CUST02333,2024-01-01,Jl. Melati No. 75,Medan,Sumatera Utara,INITIAL
CAE0002808,CUST02333,2025-03-10,Jl. Melati No. 156,Denpasar,Bali,MOVE
CAE0002809,CUST02334,2024-01-01,Jl. Merdeka No. 47,Bekasi,Jawa Barat,INITIAL
CAE0002810,CUST02334,2026-08-30,Jl. Pemuda No. 86,Medan,Sumatera Utara,MOVE
CAE0002811,CUST02334,2026-09-21,Jl. Merdeka No. 159,Bandung,Jawa Barat,MOVE
CAE0002812,CUST02335,2024-01-01,Jl. Kenanga No. 221,Medan,Sumatera Utara,INITIAL
CAE0002813,CUST02335,2025-04-24,Jl. Melati No. 197,Balikpapan,Kalimantan Timur,MOVE
CAE0002814,CUST02335,2026-03-08,Jl. Sudirman No. 97,Bantul,DI Yogyakarta,MOVE
CAE0002815,CUST02336,2024-01-01,Jl. Sudirman No. 37,Pontianak,Kalimantan Barat,INITIAL
CAE0002816,CUST02337,2024-01-01,Jl. Diponegoro No. 28,Malang,Jawa Timur,INITIAL
CAE0002817,CUST02338,2024-01-01,Jl. Gajah Mada No. 82,Balikpapan,Kalimantan Timur,INITIAL
CAE0002818,CUST02338,2025-07-21,Jl. Veteran No. 172,Samarinda,Kalimantan Timur,MOVE
CAE0002819,CUST02339,2024-01-01,Jl. Melati No. 229,Pontianak,Kalimantan Barat,INITIAL
CAE0002820,CUST02340,2024-01-01,Jl. Melati No. 87,Malang,Jawa Timur,INITIAL
CAE0002821,CUST02341,2024-01-01,Jl. Gajah Mada No. 80,Depok,Jawa Barat,INITIAL
CAE0002822,CUST02342,2024-01-01,Jl. Melati No. 56,Depok,Jawa Barat,INITIAL
CAE0002823,CUST02343,2024-01-01,Jl. Pemuda No. 98,Bekasi,Jawa Barat,INITIAL
CAE0002824,CUST02343,2026-08-27,Jl. Merdeka No. 175,Tangerang,Banten,MOVE
CAE0002825,CUST02344,2024-01-01,Jl. Diponegoro No. 50,Surabaya,Jawa Timur,INITIAL
CAE0002826,CUST02345,2024-01-01,Jl. Kenanga No. 153,Sleman,DI Yogyakarta,INITIAL
CAE0002827,CUST02346,2024-01-01,Jl. Diponegoro No. 181,Balikpapan,Kalimantan Timur,INITIAL
CAE0002828,CUST02347,2024-01-01,Jl. Sudirman No. 217,Yogyakarta,DI Yogyakarta,INITIAL
CAE0002829,CUST02347,2026-02-04,Jl. Sudirman No. 115,Semarang,Jawa Tengah,MOVE
CAE0002830,CUST02348,2024-01-01,Jl. Diponegoro No. 37,Pontianak,Kalimantan Barat,INITIAL
CAE0002831,CUST02348,2026-04-25,Jl. Pemuda No. 239,Surakarta,Jawa Tengah,MOVE
CAE0002832,CUST02349,2024-01-01,Jl. Veteran No. 93,Surabaya,Jawa Timur,INITIAL
CAE0002833,CUST02350,2024-01-01,Jl. Veteran No. 76,Bandung,Jawa Barat,INITIAL
CAE0002834,CUST02351,2024-01-01,Jl. Melati No. 22,Pontianak,Kalimantan Barat,INITIAL
CAE0002835,CUST02352,2024-01-01,Jl. Merdeka No. 141,Palembang,Sumatera Selatan,INITIAL
CAE0002836,CUST02353,2024-01-01,Jl. Veteran No. 130,Semarang,Jawa Tengah,INITIAL
CAE0002837,CUST02354,2024-01-01,Jl. Sudirman No. 117,Bantul,DI Yogyakarta,INITIAL
CAE0002838,CUST02355,2024-01-01,Jl. Kenanga No. 150,Bandung,Jawa Barat,INITIAL
CAE0002839,CUST02355,2025-12-19,Jl. Veteran No. 204,Jakarta,DKI Jakarta,MOVE
CAE0002840,CUST02356,2024-01-01,Jl. Kenanga No. 221,Bandung,Jawa Barat,INITIAL
CAE0002841,CUST02356,2026-05-14,Jl. Kenanga No. 135,Surabaya,Jawa Timur,MOVE
CAE0002842,CUST02357,2024-01-01,Jl. Melati No. 57,Jakarta,DKI Jakarta,INITIAL
CAE0002843,CUST02358,2024-01-01,Jl. Sudirman No. 25,Bandung,Jawa Barat,INITIAL
CAE0002844,CUST02359,2024-01-01,Jl. Sudirman No. 179,Balikpapan,Kalimantan Timur,INITIAL
CAE0002845,CUST02360,2024-01-01,Jl. Merdeka No. 61,Bandung,Jawa Barat,INITIAL
CAE0002846,CUST02361,2024-01-01,Jl. Sudirman No. 202,Yogyakarta,DI Yogyakarta,INITIAL
CAE0002847,CUST02362,2024-01-01,Jl. Pemuda No. 189,Malang,Jawa Timur,INITIAL
CAE0002848,CUST02362,2025-02-04,Jl. Kenanga No. 24,Bantul,DI Yogyakarta,MOVE
CAE0002849,CUST02362,2026-09-14,Jl. Gajah Mada No. 112,Balikpapan,Kalimantan Timur,MOVE
CAE0002850,CUST02363,2024-01-01,Jl. Pemuda No. 86,Sleman,DI Yogyakarta,INITIAL
CAE0002851,CUST02364,2024-01-01,Jl. Pemuda No. 234,Depok,Jawa Barat,INITIAL
CAE0002852,CUST02365,2024-01-01,Jl. Veteran No. 28,Jakarta,DKI Jakarta,INITIAL
CAE0002853,CUST02366,2024-01-01,Jl. Merdeka No. 213,Bogor,Jawa Barat,INITIAL
CAE0002854,CUST02367,2024-01-01,Jl. Sudirman No. 122,Medan,Sumatera Utara,INITIAL
CAE0002855,CUST02368,2024-01-01,Jl. Veteran No. 136,Jakarta,DKI Jakarta,INITIAL
CAE0002856,CUST02369,2024-01-01,Jl. Gajah Mada No. 214,Yogyakarta,DI Yogyakarta,INITIAL
CAE0002857,CUST02370,2024-01-01,Jl. Diponegoro No. 129,Jakarta,DKI Jakarta,INITIAL
CAE0002858,CUST02371,2024-01-01,Jl. Kenanga No. 46,Tangerang,Banten,INITIAL
CAE0002859,CUST02372,2024-01-01,Jl. Pemuda No. 44,Surakarta,Jawa Tengah,INITIAL
CAE0002860,CUST02372,2025-08-08,Jl. Merdeka No. 13,Depok,Jawa Barat,MOVE
CAE0002861,CUST02373,2024-01-01,Jl. Melati No. 227,Bekasi,Jawa Barat,INITIAL
CAE0002862,CUST02374,2024-01-01,Jl. Veteran No. 223,Malang,Jawa Timur,INITIAL
CAE0002863,CUST02375,2024-01-01,Jl. Sudirman No. 80,Malang,Jawa Timur,INITIAL
CAE0002864,CUST02376,2024-01-01,Jl. Veteran No. 98,Pontianak,Kalimantan Barat,INITIAL
CAE0002865,CUST02377,2024-01-01,Jl. Gajah Mada No. 143,Bandung,Jawa Barat,INITIAL
CAE0002866,CUST02378,2024-01-01,Jl. Kenanga No. 233,Tangerang,Banten,INITIAL
CAE0002867,CUST02379,2024-01-01,Jl. Melati No. 49,Bogor,Jawa Barat,INITIAL
CAE0002868,CUST02380,2024-01-01,Jl. Kenanga No. 250,Malang,Jawa Timur,INITIAL
CAE0002869,CUST02381,2024-01-01,Jl. Veteran No. 150,Balikpapan,Kalimantan Timur,INITIAL
CAE0002870,CUST02382,2024-01-01,Jl. Sudirman No. 19,Surabaya,Jawa Timur,INITIAL
CAE0002871,CUST02383,2024-01-01,Jl. Gajah Mada No. 32,Tangerang,Banten,INITIAL
CAE0002872,CUST02384,2024-01-01,Jl. Gajah Mada No. 31,Denpasar,Bali,INITIAL
CAE0002873,CUST02385,2024-01-01,Jl. Pemuda No. 137,Samarinda,Kalimantan Timur,INITIAL
CAE0002874,CUST02386,2024-01-01,Jl. Diponegoro No. 39,Malang,Jawa Timur,INITIAL
CAE0002875,CUST02387,2024-01-01,Jl. Veteran No. 59,Bogor,Jawa Barat,INITIAL
CAE0002876,CUST02388,2024-01-01,Jl. Sudirman No. 237,Makassar,Sulawesi Selatan,INITIAL
CAE0002877,CUST02388,2026-06-20,Jl. Diponegoro No. 244,Surabaya,Jawa Timur,MOVE
CAE0002878,CUST02389,2024-01-01,Jl. Diponegoro No. 172,Denpasar,Bali,INITIAL
CAE0002879,CUST02390,2024-01-01,Jl. Sudirman No. 158,Bantul,DI Yogyakarta,INITIAL
CAE0002880,CUST02391,2024-01-01,Jl. Melati No. 193,Makassar,Sulawesi Selatan,INITIAL
CAE0002881,CUST02391,2026-02-16,Jl. Veteran No. 62,Balikpapan,Kalimantan Timur,MOVE
CAE0002882,CUST02392,2024-01-01,Jl. Kenanga No. 104,Samarinda,Kalimantan Timur,INITIAL
CAE0002883,CUST02393,2024-01-01,Jl. Kenanga No. 29,Depok,Jawa Barat,INITIAL
CAE0002884,CUST02394,2024-01-01,Jl. Veteran No. 140,Denpasar,Bali,INITIAL
CAE0002885,CUST02394,2026-07-12,Jl. Diponegoro No. 33,Malang,Jawa Timur,MOVE
CAE0002886,CUST02395,2024-01-01,Jl. Veteran No. 168,Tangerang,Banten,INITIAL
CAE0002887,CUST02395,2025-07-06,Jl. Diponegoro No. 48,Palembang,Sumatera Selatan,MOVE
CAE0002888,CUST02396,2024-01-01,Jl. Veteran No. 33,Surakarta,Jawa Tengah,INITIAL
CAE0002889,CUST02397,2024-01-01,Jl. Veteran No. 197,Jakarta,DKI Jakarta,INITIAL
CAE0002890,CUST02398,2024-01-01,Jl. Diponegoro No. 136,Malang,Jawa Timur,INITIAL
CAE0002891,CUST02399,2024-01-01,Jl. Diponegoro No. 230,Depok,Jawa Barat,INITIAL
CAE0002892,CUST02400,2024-01-01,Jl. Veteran No. 143,Balikpapan,Kalimantan Timur,INITIAL
CAE0002893,CUST02400,2025-06-18,Jl. Merdeka No. 136,Pontianak,Kalimantan Barat,MOVE
CAE0002894,CUST02401,2024-01-01,Jl. Sudirman No. 235,Bantul,DI Yogyakarta,INITIAL
CAE0002895,CUST02402,2024-01-01,Jl. Gajah Mada No. 54,Samarinda,Kalimantan Timur,INITIAL
CAE0002896,CUST02403,2024-01-01,Jl. Sudirman No. 250,Bantul,DI Yogyakarta,INITIAL
CAE0002897,CUST02403,2025-09-22,Jl. Pemuda No. 75,Depok,Jawa Barat,MOVE
CAE0002898,CUST02404,2024-01-01,Jl. Diponegoro No. 121,Bantul,DI Yogyakarta,INITIAL
CAE0002899,CUST02405,2024-01-01,Jl. Diponegoro No. 71,Bantul,DI Yogyakarta,INITIAL
CAE0002900,CUST02406,2024-01-01,Jl. Sudirman No. 50,Tangerang,Banten,INITIAL
CAE0002901,CUST02407,2024-01-01,Jl. Merdeka No. 10,Sleman,DI Yogyakarta,INITIAL
CAE0002902,CUST02408,2024-01-01,Jl. Gajah Mada No. 177,Jakarta,DKI Jakarta,INITIAL
CAE0002903,CUST02408,2026-05-13,Jl. Diponegoro No. 148,Bekasi,Jawa Barat,MOVE
CAE0002904,CUST02409,2024-01-01,Jl. Diponegoro No. 227,Palembang,Sumatera Selatan,INITIAL
CAE0002905,CUST02409,2026-08-03,Jl. Veteran No. 179,Balikpapan,Kalimantan Timur,MOVE
CAE0002906,CUST02410,2024-01-01,Jl. Melati No. 66,Bogor,Jawa Barat,INITIAL
CAE0002907,CUST02411,2024-01-01,Jl. Gajah Mada No. 21,Bantul,DI Yogyakarta,INITIAL
CAE0002908,CUST02412,2024-01-01,Jl. Merdeka No. 189,Surakarta,Jawa Tengah,INITIAL
CAE0002909,CUST02413,2024-01-01,Jl. Merdeka No. 12,Palembang,Sumatera Selatan,INITIAL
CAE0002910,CUST02413,2025-12-19,Jl. Pemuda No. 113,Bantul,DI Yogyakarta,MOVE
CAE0002911,CUST02414,2024-01-01,Jl. Merdeka No. 179,Malang,Jawa Timur,INITIAL
CAE0002912,CUST02415,2024-01-01,Jl. Merdeka No. 207,Balikpapan,Kalimantan Timur,INITIAL
CAE0002913,CUST02416,2024-01-01,Jl. Veteran No. 69,Jakarta,DKI Jakarta,INITIAL
CAE0002914,CUST02417,2024-01-01,Jl. Gajah Mada No. 87,Denpasar,Bali,INITIAL
CAE0002915,CUST02417,2026-05-20,Jl. Kenanga No. 233,Surabaya,Jawa Timur,MOVE
CAE0002916,CUST02418,2024-01-01,Jl. Veteran No. 100,Depok,Jawa Barat,INITIAL
CAE0002917,CUST02419,2024-01-01,Jl. Gajah Mada No. 203,Makassar,Sulawesi Selatan,INITIAL
CAE0002918,CUST02420,2024-01-01,Jl. Sudirman No. 37,Bantul,DI Yogyakarta,INITIAL
CAE0002919,CUST02420,2025-11-18,Jl. Diponegoro No. 207,Jakarta,DKI Jakarta,MOVE
CAE0002920,CUST02421,2024-01-01,Jl. Sudirman No. 157,Palembang,Sumatera Selatan,INITIAL
CAE0002921,CUST02422,2024-01-01,Jl. Melati No. 72,Samarinda,Kalimantan Timur,INITIAL
CAE0002922,CUST02423,2024-01-01,Jl. Veteran No. 29,Yogyakarta,DI Yogyakarta,INITIAL
CAE0002923,CUST02424,2024-01-01,Jl. Kenanga No. 102,Sleman,DI Yogyakarta,INITIAL
CAE0002924,CUST02425,2024-01-01,Jl. Merdeka No. 66,Jakarta,DKI Jakarta,INITIAL
CAE0002925,CUST02426,2024-01-01,Jl. Sudirman No. 59,Bogor,Jawa Barat,INITIAL
CAE0002926,CUST02427,2024-01-01,Jl. Gajah Mada No. 186,Semarang,Jawa Tengah,INITIAL
CAE0002927,CUST02428,2024-01-01,Jl. Kenanga No. 85,Pontianak,Kalimantan Barat,INITIAL
CAE0002928,CUST02429,2024-01-01,Jl. Pemuda No. 15,Yogyakarta,DI Yogyakarta,INITIAL
CAE0002929,CUST02430,2024-01-01,Jl. Pemuda No. 141,Surabaya,Jawa Timur,INITIAL
CAE0002930,CUST02431,2024-01-01,Jl. Melati No. 219,Palembang,Sumatera Selatan,INITIAL
CAE0002931,CUST02432,2024-01-01,Jl. Pemuda No. 236,Tangerang,Banten,INITIAL
CAE0002932,CUST02433,2024-01-01,Jl. Melati No. 217,Yogyakarta,DI Yogyakarta,INITIAL
CAE0002933,CUST02434,2024-01-01,Jl. Merdeka No. 11,Bekasi,Jawa Barat,INITIAL
CAE0002934,CUST02435,2024-01-01,Jl. Melati No. 217,Denpasar,Bali,INITIAL
CAE0002935,CUST02435,2025-04-16,Jl. Veteran No. 13,Palembang,Sumatera Selatan,MOVE
CAE0002936,CUST02436,2024-01-01,Jl. Melati No. 87,Bogor,Jawa Barat,INITIAL
CAE0002937,CUST02437,2024-01-01,Jl. Sudirman No. 203,Bekasi,Jawa Barat,INITIAL
CAE0002938,CUST02438,2024-01-01,Jl. Sudirman No. 34,Surakarta,Jawa Tengah,INITIAL
CAE0002939,CUST02439,2024-01-01,Jl. Veteran No. 52,Palembang,Sumatera Selatan,INITIAL
CAE0002940,CUST02440,2024-01-01,Jl. Gajah Mada No. 85,Malang,Jawa Timur,INITIAL
CAE0002941,CUST02441,2024-01-01,Jl. Kenanga No. 163,Surabaya,Jawa Timur,INITIAL
CAE0002942,CUST02442,2024-01-01,Jl. Pemuda No. 129,Samarinda,Kalimantan Timur,INITIAL
CAE0002943,CUST02443,2024-01-01,Jl. Sudirman No. 61,Denpasar,Bali,INITIAL
CAE0002944,CUST02444,2024-01-01,Jl. Sudirman No. 42,Bekasi,Jawa Barat,INITIAL
CAE0002945,CUST02445,2024-01-01,Jl. Gajah Mada No. 27,Medan,Sumatera Utara,INITIAL
CAE0002946,CUST02446,2024-01-01,Jl. Melati No. 25,Palembang,Sumatera Selatan,INITIAL
CAE0002947,CUST02446,2026-03-02,Jl. Pemuda No. 26,Bogor,Jawa Barat,MOVE
CAE0002948,CUST02446,2026-08-04,Jl. Merdeka No. 200,Malang,Jawa Timur,MOVE
CAE0002949,CUST02447,2024-01-01,Jl. Veteran No. 243,Tangerang,Banten,INITIAL
CAE0002950,CUST02448,2024-01-01,Jl. Veteran No. 218,Makassar,Sulawesi Selatan,INITIAL
CAE0002951,CUST02448,2026-05-12,Jl. Veteran No. 215,Samarinda,Kalimantan Timur,MOVE
CAE0002952,CUST02449,2024-01-01,Jl. Diponegoro No. 233,Jakarta,DKI Jakarta,INITIAL
CAE0002953,CUST02450,2024-01-01,Jl. Pemuda No. 176,Bandung,Jawa Barat,INITIAL
CAE0002954,CUST02451,2024-01-01,Jl. Gajah Mada No. 98,Yogyakarta,DI Yogyakarta,INITIAL
CAE0002955,CUST02452,2024-01-01,Jl. Sudirman No. 3,Yogyakarta,DI Yogyakarta,INITIAL
CAE0002956,CUST02453,2024-01-01,Jl. Merdeka No. 34,Bekasi,Jawa Barat,INITIAL
CAE0002957,CUST02454,2024-01-01,Jl. Kenanga No. 206,Makassar,Sulawesi Selatan,INITIAL
CAE0002958,CUST02455,2024-01-01,Jl. Melati No. 75,Sleman,DI Yogyakarta,INITIAL
CAE0002959,CUST02456,2024-01-01,Jl. Sudirman No. 227,Yogyakarta,DI Yogyakarta,INITIAL
CAE0002960,CUST02456,2026-09-14,Jl. Diponegoro No. 162,Depok,Jawa Barat,MOVE
CAE0002961,CUST02457,2024-01-01,Jl. Diponegoro No. 70,Depok,Jawa Barat,INITIAL
CAE0002962,CUST02458,2024-01-01,Jl. Merdeka No. 232,Depok,Jawa Barat,INITIAL
CAE0002963,CUST02459,2024-01-01,Jl. Veteran No. 144,Surakarta,Jawa Tengah,INITIAL
CAE0002964,CUST02460,2024-01-01,Jl. Veteran No. 173,Depok,Jawa Barat,INITIAL
CAE0002965,CUST02461,2024-01-01,Jl. Gajah Mada No. 99,Semarang,Jawa Tengah,INITIAL
CAE0002966,CUST02461,2026-09-21,Jl. Gajah Mada No. 224,Jakarta,DKI Jakarta,MOVE
CAE0002967,CUST02462,2024-01-01,Jl. Pemuda No. 148,Surakarta,Jawa Tengah,INITIAL
CAE0002968,CUST02462,2026-01-24,Jl. Veteran No. 62,Bantul,DI Yogyakarta,MOVE
CAE0002969,CUST02463,2024-01-01,Jl. Sudirman No. 189,Bogor,Jawa Barat,INITIAL
CAE0002970,CUST02464,2024-01-01,Jl. Melati No. 7,Surakarta,Jawa Tengah,INITIAL
CAE0002971,CUST02465,2024-01-01,Jl. Merdeka No. 203,Bantul,DI Yogyakarta,INITIAL
CAE0002972,CUST02466,2024-01-01,Jl. Merdeka No. 175,Denpasar,Bali,INITIAL
CAE0002973,CUST02467,2024-01-01,Jl. Gajah Mada No. 203,Malang,Jawa Timur,INITIAL
CAE0002974,CUST02468,2024-01-01,Jl. Kenanga No. 177,Depok,Jawa Barat,INITIAL
CAE0002975,CUST02469,2024-01-01,Jl. Melati No. 209,Malang,Jawa Timur,INITIAL
CAE0002976,CUST02470,2024-01-01,Jl. Kenanga No. 45,Surabaya,Jawa Timur,INITIAL
CAE0002977,CUST02471,2024-01-01,Jl. Gajah Mada No. 20,Pontianak,Kalimantan Barat,INITIAL
CAE0002978,CUST02472,2024-01-01,Jl. Veteran No. 92,Palembang,Sumatera Selatan,INITIAL
CAE0002979,CUST02473,2024-01-01,Jl. Veteran No. 61,Palembang,Sumatera Selatan,INITIAL
CAE0002980,CUST02473,2025-03-12,Jl. Melati No. 104,Medan,Sumatera Utara,MOVE
CAE0002981,CUST02474,2024-01-01,Jl. Melati No. 194,Sleman,DI Yogyakarta,INITIAL
CAE0002982,CUST02475,2024-01-01,Jl. Gajah Mada No. 112,Sleman,DI Yogyakarta,INITIAL
CAE0002983,CUST02476,2024-01-01,Jl. Melati No. 237,Malang,Jawa Timur,INITIAL
CAE0002984,CUST02477,2024-01-01,Jl. Kenanga No. 221,Jakarta,DKI Jakarta,INITIAL
CAE0002985,CUST02477,2025-08-05,Jl. Sudirman No. 148,Malang,Jawa Timur,MOVE
CAE0002986,CUST02478,2024-01-01,Jl. Melati No. 32,Balikpapan,Kalimantan Timur,INITIAL
CAE0002987,CUST02479,2024-01-01,Jl. Sudirman No. 236,Depok,Jawa Barat,INITIAL
CAE0002988,CUST02480,2024-01-01,Jl. Melati No. 211,Bandung,Jawa Barat,INITIAL
CAE0002989,CUST02481,2024-01-01,Jl. Merdeka No. 30,Yogyakarta,DI Yogyakarta,INITIAL
CAE0002990,CUST02482,2024-01-01,Jl. Melati No. 238,Tangerang,Banten,INITIAL
CAE0002991,CUST02483,2024-01-01,Jl. Pemuda No. 63,Surabaya,Jawa Timur,INITIAL
CAE0002992,CUST02484,2024-01-01,Jl. Veteran No. 174,Makassar,Sulawesi Selatan,INITIAL
CAE0002993,CUST02485,2024-01-01,Jl. Melati No. 158,Jakarta,DKI Jakarta,INITIAL
CAE0002994,CUST02486,2024-01-01,Jl. Gajah Mada No. 249,Depok,Jawa Barat,INITIAL
CAE0002995,CUST02487,2024-01-01,Jl. Sudirman No. 141,Bekasi,Jawa Barat,INITIAL
CAE0002996,CUST02488,2024-01-01,Jl. Veteran No. 101,Jakarta,DKI Jakarta,INITIAL
CAE0002997,CUST02488,2026-03-11,Jl. Gajah Mada No. 123,Bantul,DI Yogyakarta,MOVE
CAE0002998,CUST02489,2024-01-01,Jl. Sudirman No. 139,Surabaya,Jawa Timur,INITIAL
CAE0002999,CUST02490,2024-01-01,Jl. Sudirman No. 32,Bekasi,Jawa Barat,INITIAL
CAE0003000,CUST02491,2024-01-01,Jl. Gajah Mada No. 82,Bekasi,Jawa Barat,INITIAL
CAE0003001,CUST02492,2024-01-01,Jl. Gajah Mada No. 34,Semarang,Jawa Tengah,INITIAL
CAE0003002,CUST02493,2024-01-01,Jl. Kenanga No. 203,Denpasar,Bali,INITIAL
CAE0003003,CUST02494,2024-01-01,Jl. Kenanga No. 240,Makassar,Sulawesi Selatan,INITIAL
CAE0003004,CUST02495,2024-01-01,Jl. Pemuda No. 78,Medan,Sumatera Utara,INITIAL
CAE0003005,CUST02495,2025-12-24,Jl. Pemuda No. 18,Denpasar,Bali,MOVE
CAE0003006,CUST02496,2024-01-01,Jl. Melati No. 21,Makassar,Sulawesi Selatan,INITIAL
CAE0003007,CUST02496,2025-06-15,Jl. Veteran No. 209,Samarinda,Kalimantan Timur,MOVE
CAE0003008,CUST02497,2024-01-01,Jl. Melati No. 102,Jakarta,DKI Jakarta,INITIAL
CAE0003009,CUST02498,2024-01-01,Jl. Merdeka No. 105,Samarinda,Kalimantan Timur,INITIAL
CAE0003010,CUST02499,2024-01-01,Jl. Merdeka No. 193,Depok,Jawa Barat,INITIAL
CAE0003011,CUST02500,2024-01-01,Jl. Sudirman No. 197,Jakarta,DKI Jakarta,INITIAL
CAE0003012,CUST02501,2024-01-01,Jl. Veteran No. 250,Bandung,Jawa Barat,INITIAL
CAE0003013,CUST02502,2024-01-01,Jl. Merdeka No. 53,Jakarta,DKI Jakarta,INITIAL
CAE0003014,CUST02503,2024-01-01,Jl. Gajah Mada No. 226,Makassar,Sulawesi Selatan,INITIAL
CAE0003015,CUST02504,2024-01-01,Jl. Pemuda No. 88,Bogor,Jawa Barat,INITIAL
CAE0003016,CUST02505,2024-01-01,Jl. Merdeka No. 192,Makassar,Sulawesi Selatan,INITIAL
CAE0003017,CUST02506,2024-01-01,Jl. Pemuda No. 181,Balikpapan,Kalimantan Timur,INITIAL
CAE0003018,CUST02506,2025-11-21,Jl. Merdeka No. 162,Makassar,Sulawesi Selatan,MOVE
CAE0003019,CUST02506,2026-01-04,Jl. Kenanga No. 2,Samarinda,Kalimantan Timur,MOVE
CAE0003020,CUST02507,2024-01-01,Jl. Veteran No. 140,Sleman,DI Yogyakarta,INITIAL
CAE0003021,CUST02507,2025-05-20,Jl. Gajah Mada No. 162,Tangerang,Banten,MOVE
CAE0003022,CUST02508,2024-01-01,Jl. Pemuda No. 119,Semarang,Jawa Tengah,INITIAL
CAE0003023,CUST02508,2026-01-12,Jl. Sudirman No. 30,Denpasar,Bali,MOVE
CAE0003024,CUST02509,2024-01-01,Jl. Pemuda No. 54,Malang,Jawa Timur,INITIAL
CAE0003025,CUST02509,2025-01-27,Jl. Merdeka No. 159,Makassar,Sulawesi Selatan,MOVE
CAE0003026,CUST02510,2024-01-01,Jl. Diponegoro No. 48,Malang,Jawa Timur,INITIAL
CAE0003027,CUST02510,2025-03-09,Jl. Kenanga No. 249,Bandung,Jawa Barat,MOVE
CAE0003028,CUST02511,2024-01-01,Jl. Diponegoro No. 37,Sleman,DI Yogyakarta,INITIAL
CAE0003029,CUST02512,2024-01-01,Jl. Melati No. 198,Yogyakarta,DI Yogyakarta,INITIAL
CAE0003030,CUST02513,2024-01-01,Jl. Veteran No. 196,Semarang,Jawa Tengah,INITIAL
CAE0003031,CUST02514,2024-01-01,Jl. Melati No. 248,Semarang,Jawa Tengah,INITIAL
CAE0003032,CUST02515,2024-01-01,Jl. Melati No. 37,Tangerang,Banten,INITIAL
CAE0003033,CUST02516,2024-01-01,Jl. Gajah Mada No. 175,Surabaya,Jawa Timur,INITIAL
CAE0003034,CUST02517,2024-01-01,Jl. Gajah Mada No. 236,Makassar,Sulawesi Selatan,INITIAL
CAE0003035,CUST02518,2024-01-01,Jl. Sudirman No. 19,Bekasi,Jawa Barat,INITIAL
CAE0003036,CUST02518,2026-04-03,Jl. Gajah Mada No. 58,Tangerang,Banten,MOVE
CAE0003037,CUST02519,2024-01-01,Jl. Veteran No. 218,Bogor,Jawa Barat,INITIAL
CAE0003038,CUST02520,2024-01-01,Jl. Merdeka No. 245,Yogyakarta,DI Yogyakarta,INITIAL
CAE0003039,CUST02521,2024-01-01,Jl. Sudirman No. 130,Sleman,DI Yogyakarta,INITIAL
CAE0003040,CUST02522,2024-01-01,Jl. Veteran No. 121,Bekasi,Jawa Barat,INITIAL
CAE0003041,CUST02523,2024-01-01,Jl. Gajah Mada No. 94,Bekasi,Jawa Barat,INITIAL
CAE0003042,CUST02524,2024-01-01,Jl. Kenanga No. 15,Pontianak,Kalimantan Barat,INITIAL
CAE0003043,CUST02525,2024-01-01,Jl. Pemuda No. 157,Pontianak,Kalimantan Barat,INITIAL
CAE0003044,CUST02526,2024-01-01,Jl. Diponegoro No. 87,Depok,Jawa Barat,INITIAL
CAE0003045,CUST02527,2024-01-01,Jl. Veteran No. 15,Medan,Sumatera Utara,INITIAL
CAE0003046,CUST02528,2024-01-01,Jl. Diponegoro No. 250,Bandung,Jawa Barat,INITIAL
CAE0003047,CUST02529,2024-01-01,Jl. Veteran No. 151,Denpasar,Bali,INITIAL
CAE0003048,CUST02530,2024-01-01,Jl. Veteran No. 175,Palembang,Sumatera Selatan,INITIAL
CAE0003049,CUST02531,2024-01-01,Jl. Sudirman No. 39,Samarinda,Kalimantan Timur,INITIAL
CAE0003050,CUST02532,2024-01-01,Jl. Merdeka No. 235,Jakarta,DKI Jakarta,INITIAL
CAE0003051,CUST02533,2024-01-01,Jl. Sudirman No. 41,Samarinda,Kalimantan Timur,INITIAL
CAE0003052,CUST02534,2024-01-01,Jl. Pemuda No. 216,Denpasar,Bali,INITIAL
CAE0003053,CUST02535,2024-01-01,Jl. Gajah Mada No. 119,Palembang,Sumatera Selatan,INITIAL
CAE0003054,CUST02535,2026-04-13,Jl. Melati No. 146,Bogor,Jawa Barat,MOVE
CAE0003055,CUST02536,2024-01-01,Jl. Veteran No. 73,Yogyakarta,DI Yogyakarta,INITIAL
CAE0003056,CUST02537,2024-01-01,Jl. Diponegoro No. 179,Pontianak,Kalimantan Barat,INITIAL
CAE0003057,CUST02538,2024-01-01,Jl. Diponegoro No. 5,Bantul,DI Yogyakarta,INITIAL
CAE0003058,CUST02539,2024-01-01,Jl. Pemuda No. 61,Bogor,Jawa Barat,INITIAL
CAE0003059,CUST02540,2024-01-01,Jl. Gajah Mada No. 229,Makassar,Sulawesi Selatan,INITIAL
CAE0003060,CUST02541,2024-01-01,Jl. Diponegoro No. 233,Balikpapan,Kalimantan Timur,INITIAL
CAE0003061,CUST02542,2024-01-01,Jl. Diponegoro No. 98,Balikpapan,Kalimantan Timur,INITIAL
CAE0003062,CUST02543,2024-01-01,Jl. Pemuda No. 10,Denpasar,Bali,INITIAL
CAE0003063,CUST02543,2025-01-23,Jl. Sudirman No. 155,Surabaya,Jawa Timur,MOVE
CAE0003064,CUST02544,2024-01-01,Jl. Merdeka No. 116,Tangerang,Banten,INITIAL
CAE0003065,CUST02545,2024-01-01,Jl. Kenanga No. 179,Bekasi,Jawa Barat,INITIAL
CAE0003066,CUST02546,2024-01-01,Jl. Sudirman No. 45,Semarang,Jawa Tengah,INITIAL
CAE0003067,CUST02547,2024-01-01,Jl. Veteran No. 96,Malang,Jawa Timur,INITIAL
CAE0003068,CUST02547,2025-10-11,Jl. Sudirman No. 140,Medan,Sumatera Utara,MOVE
CAE0003069,CUST02547,2026-02-13,Jl. Sudirman No. 122,Surakarta,Jawa Tengah,MOVE
CAE0003070,CUST02548,2024-01-01,Jl. Sudirman No. 213,Tangerang,Banten,INITIAL
CAE0003071,CUST02549,2024-01-01,Jl. Diponegoro No. 69,Bandung,Jawa Barat,INITIAL
CAE0003072,CUST02550,2024-01-01,Jl. Pemuda No. 1,Jakarta,DKI Jakarta,INITIAL
CAE0003073,CUST02551,2024-01-01,Jl. Kenanga No. 192,Denpasar,Bali,INITIAL
CAE0003074,CUST02552,2024-01-01,Jl. Melati No. 138,Semarang,Jawa Tengah,INITIAL
CAE0003075,CUST02553,2024-01-01,Jl. Pemuda No. 208,Semarang,Jawa Tengah,INITIAL
CAE0003076,CUST02554,2024-01-01,Jl. Melati No. 65,Palembang,Sumatera Selatan,INITIAL
CAE0003077,CUST02555,2024-01-01,Jl. Veteran No. 27,Tangerang,Banten,INITIAL
CAE0003078,CUST02556,2024-01-01,Jl. Gajah Mada No. 159,Palembang,Sumatera Selatan,INITIAL
CAE0003079,CUST02557,2024-01-01,Jl. Merdeka No. 58,Surabaya,Jawa Timur,INITIAL
CAE0003080,CUST02558,2024-01-01,Jl. Veteran No. 3,Palembang,Sumatera Selatan,INITIAL
CAE0003081,CUST02559,2024-01-01,Jl. Veteran No. 128,Bantul,DI Yogyakarta,INITIAL
CAE0003082,CUST02559,2026-04-22,Jl. Diponegoro No. 57,Semarang,Jawa Tengah,MOVE
CAE0003083,CUST02559,2026-08-01,Jl. Veteran No. 109,Bogor,Jawa Barat,MOVE
CAE0003084,CUST02560,2024-01-01,Jl. Kenanga No. 59,Medan,Sumatera Utara,INITIAL
CAE0003085,CUST02561,2024-01-01,Jl. Gajah Mada No. 236,Jakarta,DKI Jakarta,INITIAL
CAE0003086,CUST02562,2024-01-01,Jl. Kenanga No. 184,Bandung,Jawa Barat,INITIAL
CAE0003087,CUST02563,2024-01-01,Jl. Gajah Mada No. 35,Surabaya,Jawa Timur,INITIAL
CAE0003088,CUST02564,2024-01-01,Jl. Diponegoro No. 120,Jakarta,DKI Jakarta,INITIAL
CAE0003089,CUST02565,2024-01-01,Jl. Veteran No. 119,Bantul,DI Yogyakarta,INITIAL
CAE0003090,CUST02566,2024-01-01,Jl. Diponegoro No. 142,Sleman,DI Yogyakarta,INITIAL
CAE0003091,CUST02567,2024-01-01,Jl. Gajah Mada No. 54,Bogor,Jawa Barat,INITIAL
CAE0003092,CUST02568,2024-01-01,Jl. Merdeka No. 203,Bogor,Jawa Barat,INITIAL
CAE0003093,CUST02568,2026-06-21,Jl. Veteran No. 126,Makassar,Sulawesi Selatan,MOVE
CAE0003094,CUST02569,2024-01-01,Jl. Sudirman No. 7,Samarinda,Kalimantan Timur,INITIAL
CAE0003095,CUST02570,2024-01-01,Jl. Veteran No. 198,Denpasar,Bali,INITIAL
CAE0003096,CUST02570,2026-04-23,Jl. Kenanga No. 20,Jakarta,DKI Jakarta,MOVE
CAE0003097,CUST02571,2024-01-01,Jl. Melati No. 196,Bantul,DI Yogyakarta,INITIAL
CAE0003098,CUST02572,2024-01-01,Jl. Veteran No. 101,Pontianak,Kalimantan Barat,INITIAL
CAE0003099,CUST02572,2026-05-07,Jl. Sudirman No. 233,Depok,Jawa Barat,MOVE
CAE0003100,CUST02573,2024-01-01,Jl. Gajah Mada No. 71,Pontianak,Kalimantan Barat,INITIAL
CAE0003101,CUST02574,2024-01-01,Jl. Melati No. 119,Balikpapan,Kalimantan Timur,INITIAL
CAE0003102,CUST02575,2024-01-01,Jl. Merdeka No. 49,Pontianak,Kalimantan Barat,INITIAL
CAE0003103,CUST02576,2024-01-01,Jl. Melati No. 57,Malang,Jawa Timur,INITIAL
CAE0003104,CUST02577,2024-01-01,Jl. Merdeka No. 203,Bogor,Jawa Barat,INITIAL
CAE0003105,CUST02578,2024-01-01,Jl. Sudirman No. 39,Malang,Jawa Timur,INITIAL
CAE0003106,CUST02578,2025-12-25,Jl. Veteran No. 18,Surabaya,Jawa Timur,MOVE
CAE0003107,CUST02579,2024-01-01,Jl. Pemuda No. 61,Pontianak,Kalimantan Barat,INITIAL
CAE0003108,CUST02580,2024-01-01,Jl. Merdeka No. 174,Denpasar,Bali,INITIAL
CAE0003109,CUST02581,2024-01-01,Jl. Veteran No. 155,Bandung,Jawa Barat,INITIAL
CAE0003110,CUST02582,2024-01-01,Jl. Gajah Mada No. 136,Denpasar,Bali,INITIAL
CAE0003111,CUST02583,2024-01-01,Jl. Merdeka No. 125,Medan,Sumatera Utara,INITIAL
CAE0003112,CUST02584,2024-01-01,Jl. Kenanga No. 114,Denpasar,Bali,INITIAL
CAE0003113,CUST02585,2024-01-01,Jl. Diponegoro No. 14,Balikpapan,Kalimantan Timur,INITIAL
CAE0003114,CUST02586,2024-01-01,Jl. Sudirman No. 8,Makassar,Sulawesi Selatan,INITIAL
CAE0003115,CUST02587,2024-01-01,Jl. Diponegoro No. 159,Samarinda,Kalimantan Timur,INITIAL
CAE0003116,CUST02588,2024-01-01,Jl. Gajah Mada No. 44,Sleman,DI Yogyakarta,INITIAL
CAE0003117,CUST02588,2026-08-16,Jl. Pemuda No. 57,Semarang,Jawa Tengah,MOVE
CAE0003118,CUST02589,2024-01-01,Jl. Pemuda No. 182,Yogyakarta,DI Yogyakarta,INITIAL
CAE0003119,CUST02590,2024-01-01,Jl. Gajah Mada No. 45,Bogor,Jawa Barat,INITIAL
CAE0003120,CUST02591,2024-01-01,Jl. Diponegoro No. 11,Surakarta,Jawa Tengah,INITIAL
CAE0003121,CUST02592,2024-01-01,Jl. Kenanga No. 182,Sleman,DI Yogyakarta,INITIAL
CAE0003122,CUST02593,2024-01-01,Jl. Pemuda No. 145,Jakarta,DKI Jakarta,INITIAL
CAE0003123,CUST02594,2024-01-01,Jl. Diponegoro No. 101,Samarinda,Kalimantan Timur,INITIAL
CAE0003124,CUST02594,2025-09-20,Jl. Gajah Mada No. 124,Sleman,DI Yogyakarta,MOVE
CAE0003125,CUST02595,2024-01-01,Jl. Sudirman No. 163,Semarang,Jawa Tengah,INITIAL
CAE0003126,CUST02596,2024-01-01,Jl. Melati No. 129,Malang,Jawa Timur,INITIAL
CAE0003127,CUST02597,2024-01-01,Jl. Sudirman No. 202,Malang,Jawa Timur,INITIAL
CAE0003128,CUST02597,2025-02-15,Jl. Melati No. 79,Surabaya,Jawa Timur,MOVE
CAE0003129,CUST02598,2024-01-01,Jl. Merdeka No. 226,Balikpapan,Kalimantan Timur,INITIAL
CAE0003130,CUST02599,2024-01-01,Jl. Kenanga No. 152,Bandung,Jawa Barat,INITIAL
CAE0003131,CUST02599,2025-08-22,Jl. Merdeka No. 249,Balikpapan,Kalimantan Timur,MOVE
CAE0003132,CUST02600,2024-01-01,Jl. Pemuda No. 68,Malang,Jawa Timur,INITIAL
CAE0003133,CUST02600,2026-03-05,Jl. Diponegoro No. 93,Balikpapan,Kalimantan Timur,MOVE
CAE0003134,CUST02601,2024-01-01,Jl. Pemuda No. 87,Malang,Jawa Timur,INITIAL
CAE0003135,CUST02602,2024-01-01,Jl. Pemuda No. 157,Balikpapan,Kalimantan Timur,INITIAL
CAE0003136,CUST02603,2024-01-01,Jl. Gajah Mada No. 204,Pontianak,Kalimantan Barat,INITIAL
CAE0003137,CUST02604,2024-01-01,Jl. Diponegoro No. 181,Denpasar,Bali,INITIAL
CAE0003138,CUST02605,2024-01-01,Jl. Sudirman No. 75,Bandung,Jawa Barat,INITIAL
CAE0003139,CUST02606,2024-01-01,Jl. Melati No. 160,Surabaya,Jawa Timur,INITIAL
CAE0003140,CUST02607,2024-01-01,Jl. Veteran No. 106,Tangerang,Banten,INITIAL
CAE0003141,CUST02608,2024-01-01,Jl. Merdeka No. 137,Bekasi,Jawa Barat,INITIAL
CAE0003142,CUST02609,2024-01-01,Jl. Kenanga No. 92,Palembang,Sumatera Selatan,INITIAL
CAE0003143,CUST02610,2024-01-01,Jl. Merdeka No. 105,Jakarta,DKI Jakarta,INITIAL
CAE0003144,CUST02611,2024-01-01,Jl. Veteran No. 20,Medan,Sumatera Utara,INITIAL
CAE0003145,CUST02612,2024-01-01,Jl. Diponegoro No. 38,Makassar,Sulawesi Selatan,INITIAL
CAE0003146,CUST02613,2024-01-01,Jl. Pemuda No. 24,Medan,Sumatera Utara,INITIAL
CAE0003147,CUST02614,2024-01-01,Jl. Melati No. 184,Surabaya,Jawa Timur,INITIAL
CAE0003148,CUST02615,2024-01-01,Jl. Diponegoro No. 117,Samarinda,Kalimantan Timur,INITIAL
CAE0003149,CUST02615,2025-12-08,Jl. Pemuda No. 15,Sleman,DI Yogyakarta,MOVE
CAE0003150,CUST02615,2026-07-09,Jl. Kenanga No. 38,Yogyakarta,DI Yogyakarta,MOVE
CAE0003151,CUST02616,2024-01-01,Jl. Gajah Mada No. 230,Bantul,DI Yogyakarta,INITIAL
CAE0003152,CUST02617,2024-01-01,Jl. Sudirman No. 30,Samarinda,Kalimantan Timur,INITIAL
CAE0003153,CUST02618,2024-01-01,Jl. Gajah Mada No. 63,Denpasar,Bali,INITIAL
CAE0003154,CUST02619,2024-01-01,Jl. Pemuda No. 7,Jakarta,DKI Jakarta,INITIAL
CAE0003155,CUST02619,2025-12-28,Jl. Pemuda No. 193,Bantul,DI Yogyakarta,MOVE
CAE0003156,CUST02620,2024-01-01,Jl. Kenanga No. 56,Palembang,Sumatera Selatan,INITIAL
CAE0003157,CUST02621,2024-01-01,Jl. Merdeka No. 133,Sleman,DI Yogyakarta,INITIAL
CAE0003158,CUST02622,2024-01-01,Jl. Melati No. 10,Pontianak,Kalimantan Barat,INITIAL
CAE0003159,CUST02623,2024-01-01,Jl. Veteran No. 75,Medan,Sumatera Utara,INITIAL
CAE0003160,CUST02624,2024-01-01,Jl. Pemuda No. 60,Jakarta,DKI Jakarta,INITIAL
CAE0003161,CUST02625,2024-01-01,Jl. Kenanga No. 148,Tangerang,Banten,INITIAL
CAE0003162,CUST02626,2024-01-01,Jl. Veteran No. 31,Tangerang,Banten,INITIAL
CAE0003163,CUST02627,2024-01-01,Jl. Diponegoro No. 69,Bandung,Jawa Barat,INITIAL
CAE0003164,CUST02628,2024-01-01,Jl. Kenanga No. 37,Bekasi,Jawa Barat,INITIAL
CAE0003165,CUST02629,2024-01-01,Jl. Diponegoro No. 67,Pontianak,Kalimantan Barat,INITIAL
CAE0003166,CUST02630,2024-01-01,Jl. Pemuda No. 145,Samarinda,Kalimantan Timur,INITIAL
CAE0003167,CUST02630,2026-04-09,Jl. Pemuda No. 140,Makassar,Sulawesi Selatan,MOVE
CAE0003168,CUST02630,2026-08-10,Jl. Gajah Mada No. 68,Pontianak,Kalimantan Barat,MOVE
CAE0003169,CUST02631,2024-01-01,Jl. Gajah Mada No. 20,Pontianak,Kalimantan Barat,INITIAL
CAE0003170,CUST02631,2025-04-06,Jl. Gajah Mada No. 191,Bogor,Jawa Barat,MOVE
CAE0003171,CUST02632,2024-01-01,Jl. Diponegoro No. 105,Medan,Sumatera Utara,INITIAL
CAE0003172,CUST02633,2024-01-01,Jl. Veteran No. 80,Yogyakarta,DI Yogyakarta,INITIAL
CAE0003173,CUST02633,2025-08-22,Jl. Gajah Mada No. 130,Bandung,Jawa Barat,MOVE
CAE0003174,CUST02634,2024-01-01,Jl. Sudirman No. 18,Samarinda,Kalimantan Timur,INITIAL
CAE0003175,CUST02635,2024-01-01,Jl. Kenanga No. 110,Surakarta,Jawa Tengah,INITIAL
CAE0003176,CUST02636,2024-01-01,Jl. Gajah Mada No. 190,Medan,Sumatera Utara,INITIAL
CAE0003177,CUST02636,2026-07-13,Jl. Pemuda No. 211,Jakarta,DKI Jakarta,MOVE
CAE0003178,CUST02637,2024-01-01,Jl. Sudirman No. 131,Surakarta,Jawa Tengah,INITIAL
CAE0003179,CUST02638,2024-01-01,Jl. Veteran No. 196,Medan,Sumatera Utara,INITIAL
CAE0003180,CUST02638,2025-03-21,Jl. Pemuda No. 4,Surabaya,Jawa Timur,MOVE
CAE0003181,CUST02639,2024-01-01,Jl. Merdeka No. 145,Bandung,Jawa Barat,INITIAL
CAE0003182,CUST02640,2024-01-01,Jl. Diponegoro No. 66,Pontianak,Kalimantan Barat,INITIAL
CAE0003183,CUST02641,2024-01-01,Jl. Kenanga No. 7,Makassar,Sulawesi Selatan,INITIAL
CAE0003184,CUST02641,2025-08-02,Jl. Gajah Mada No. 169,Bantul,DI Yogyakarta,MOVE
CAE0003185,CUST02642,2024-01-01,Jl. Veteran No. 118,Surabaya,Jawa Timur,INITIAL
CAE0003186,CUST02643,2024-01-01,Jl. Melati No. 170,Sleman,DI Yogyakarta,INITIAL
CAE0003187,CUST02644,2024-01-01,Jl. Merdeka No. 140,Bantul,DI Yogyakarta,INITIAL
CAE0003188,CUST02645,2024-01-01,Jl. Kenanga No. 226,Sleman,DI Yogyakarta,INITIAL
CAE0003189,CUST02646,2024-01-01,Jl. Sudirman No. 238,Samarinda,Kalimantan Timur,INITIAL
CAE0003190,CUST02646,2025-09-18,Jl. Veteran No. 43,Surabaya,Jawa Timur,MOVE
CAE0003191,CUST02647,2024-01-01,Jl. Veteran No. 93,Makassar,Sulawesi Selatan,INITIAL
CAE0003192,CUST02648,2024-01-01,Jl. Gajah Mada No. 113,Samarinda,Kalimantan Timur,INITIAL
CAE0003193,CUST02649,2024-01-01,Jl. Melati No. 224,Balikpapan,Kalimantan Timur,INITIAL
CAE0003194,CUST02650,2024-01-01,Jl. Pemuda No. 17,Jakarta,DKI Jakarta,INITIAL
CAE0003195,CUST02651,2024-01-01,Jl. Pemuda No. 189,Semarang,Jawa Tengah,INITIAL
CAE0003196,CUST02652,2024-01-01,Jl. Gajah Mada No. 119,Tangerang,Banten,INITIAL
CAE0003197,CUST02653,2024-01-01,Jl. Merdeka No. 83,Samarinda,Kalimantan Timur,INITIAL
CAE0003198,CUST02654,2024-01-01,Jl. Pemuda No. 218,Surabaya,Jawa Timur,INITIAL
CAE0003199,CUST02655,2024-01-01,Jl. Gajah Mada No. 167,Depok,Jawa Barat,INITIAL
CAE0003200,CUST02656,2024-01-01,Jl. Merdeka No. 162,Makassar,Sulawesi Selatan,INITIAL
CAE0003201,CUST02657,2024-01-01,Jl. Kenanga No. 211,Surakarta,Jawa Tengah,INITIAL
CAE0003202,CUST02658,2024-01-01,Jl. Sudirman No. 173,Depok,Jawa Barat,INITIAL
CAE0003203,CUST02659,2024-01-01,Jl. Melati No. 45,Bantul,DI Yogyakarta,INITIAL
CAE0003204,CUST02660,2024-01-01,Jl. Sudirman No. 125,Malang,Jawa Timur,INITIAL
CAE0003205,CUST02660,2025-08-02,Jl. Sudirman No. 219,Surabaya,Jawa Timur,MOVE
CAE0003206,CUST02661,2024-01-01,Jl. Merdeka No. 59,Tangerang,Banten,INITIAL
CAE0003207,CUST02661,2025-05-04,Jl. Gajah Mada No. 57,Surabaya,Jawa Timur,MOVE
CAE0003208,CUST02662,2024-01-01,Jl. Kenanga No. 47,Tangerang,Banten,INITIAL
CAE0003209,CUST02663,2024-01-01,Jl. Veteran No. 230,Samarinda,Kalimantan Timur,INITIAL
CAE0003210,CUST02664,2024-01-01,Jl. Melati No. 49,Yogyakarta,DI Yogyakarta,INITIAL
CAE0003211,CUST02665,2024-01-01,Jl. Veteran No. 220,Bandung,Jawa Barat,INITIAL
CAE0003212,CUST02666,2024-01-01,Jl. Veteran No. 91,Makassar,Sulawesi Selatan,INITIAL
CAE0003213,CUST02667,2024-01-01,Jl. Gajah Mada No. 187,Palembang,Sumatera Selatan,INITIAL
CAE0003214,CUST02668,2024-01-01,Jl. Veteran No. 57,Surabaya,Jawa Timur,INITIAL
CAE0003215,CUST02669,2024-01-01,Jl. Merdeka No. 224,Malang,Jawa Timur,INITIAL
CAE0003216,CUST02669,2025-06-07,Jl. Diponegoro No. 111,Makassar,Sulawesi Selatan,MOVE
CAE0003217,CUST02670,2024-01-01,Jl. Pemuda No. 77,Balikpapan,Kalimantan Timur,INITIAL
CAE0003218,CUST02671,2024-01-01,Jl. Merdeka No. 227,Samarinda,Kalimantan Timur,INITIAL
CAE0003219,CUST02672,2024-01-01,Jl. Veteran No. 189,Pontianak,Kalimantan Barat,INITIAL
CAE0003220,CUST02673,2024-01-01,Jl. Merdeka No. 93,Semarang,Jawa Tengah,INITIAL
CAE0003221,CUST02674,2024-01-01,Jl. Merdeka No. 39,Balikpapan,Kalimantan Timur,INITIAL
CAE0003222,CUST02674,2025-10-14,Jl. Melati No. 17,Yogyakarta,DI Yogyakarta,MOVE
CAE0003223,CUST02675,2024-01-01,Jl. Pemuda No. 144,Bekasi,Jawa Barat,INITIAL
CAE0003224,CUST02676,2024-01-01,Jl. Melati No. 175,Yogyakarta,DI Yogyakarta,INITIAL
CAE0003225,CUST02677,2024-01-01,Jl. Veteran No. 229,Yogyakarta,DI Yogyakarta,INITIAL
CAE0003226,CUST02678,2024-01-01,Jl. Pemuda No. 35,Samarinda,Kalimantan Timur,INITIAL
CAE0003227,CUST02679,2024-01-01,Jl. Veteran No. 184,Balikpapan,Kalimantan Timur,INITIAL
CAE0003228,CUST02680,2024-01-01,Jl. Melati No. 59,Surabaya,Jawa Timur,INITIAL
CAE0003229,CUST02681,2024-01-01,Jl. Veteran No. 240,Makassar,Sulawesi Selatan,INITIAL
CAE0003230,CUST02682,2024-01-01,Jl. Gajah Mada No. 16,Yogyakarta,DI Yogyakarta,INITIAL
CAE0003231,CUST02683,2024-01-01,Jl. Merdeka No. 157,Medan,Sumatera Utara,INITIAL
CAE0003232,CUST02684,2024-01-01,Jl. Veteran No. 107,Palembang,Sumatera Selatan,INITIAL
CAE0003233,CUST02685,2024-01-01,Jl. Gajah Mada No. 146,Yogyakarta,DI Yogyakarta,INITIAL
CAE0003234,CUST02686,2024-01-01,Jl. Kenanga No. 217,Surakarta,Jawa Tengah,INITIAL
CAE0003235,CUST02687,2024-01-01,Jl. Gajah Mada No. 11,Medan,Sumatera Utara,INITIAL
CAE0003236,CUST02688,2024-01-01,Jl. Kenanga No. 38,Bogor,Jawa Barat,INITIAL
CAE0003237,CUST02688,2025-08-17,Jl. Merdeka No. 133,Pontianak,Kalimantan Barat,MOVE
CAE0003238,CUST02689,2024-01-01,Jl. Veteran No. 64,Semarang,Jawa Tengah,INITIAL
CAE0003239,CUST02690,2024-01-01,Jl. Gajah Mada No. 3,Balikpapan,Kalimantan Timur,INITIAL
CAE0003240,CUST02691,2024-01-01,Jl. Gajah Mada No. 211,Makassar,Sulawesi Selatan,INITIAL
CAE0003241,CUST02691,2025-06-24,Jl. Merdeka No. 15,Medan,Sumatera Utara,MOVE
CAE0003242,CUST02692,2024-01-01,Jl. Pemuda No. 54,Yogyakarta,DI Yogyakarta,INITIAL
CAE0003243,CUST02693,2024-01-01,Jl. Kenanga No. 34,Pontianak,Kalimantan Barat,INITIAL
CAE0003244,CUST02694,2024-01-01,Jl. Gajah Mada No. 141,Tangerang,Banten,INITIAL
CAE0003245,CUST02695,2024-01-01,Jl. Veteran No. 216,Samarinda,Kalimantan Timur,INITIAL
CAE0003246,CUST02696,2024-01-01,Jl. Veteran No. 47,Jakarta,DKI Jakarta,INITIAL
CAE0003247,CUST02697,2024-01-01,Jl. Melati No. 132,Sleman,DI Yogyakarta,INITIAL
CAE0003248,CUST02698,2024-01-01,Jl. Veteran No. 93,Balikpapan,Kalimantan Timur,INITIAL
CAE0003249,CUST02699,2024-01-01,Jl. Merdeka No. 104,Denpasar,Bali,INITIAL
CAE0003250,CUST02700,2024-01-01,Jl. Merdeka No. 126,Pontianak,Kalimantan Barat,INITIAL
CAE0003251,CUST02701,2024-01-01,Jl. Diponegoro No. 5,Tangerang,Banten,INITIAL
CAE0003252,CUST02702,2024-01-01,Jl. Pemuda No. 220,Surakarta,Jawa Tengah,INITIAL
CAE0003253,CUST02702,2026-05-24,Jl. Diponegoro No. 215,Semarang,Jawa Tengah,MOVE
CAE0003254,CUST02703,2024-01-01,Jl. Merdeka No. 234,Palembang,Sumatera Selatan,INITIAL
CAE0003255,CUST02704,2024-01-01,Jl. Melati No. 23,Tangerang,Banten,INITIAL
CAE0003256,CUST02705,2024-01-01,Jl. Diponegoro No. 218,Samarinda,Kalimantan Timur,INITIAL
CAE0003257,CUST02706,2024-01-01,Jl. Gajah Mada No. 240,Bantul,DI Yogyakarta,INITIAL
CAE0003258,CUST02707,2024-01-01,Jl. Kenanga No. 167,Bekasi,Jawa Barat,INITIAL
CAE0003259,CUST02708,2024-01-01,Jl. Gajah Mada No. 211,Balikpapan,Kalimantan Timur,INITIAL
CAE0003260,CUST02709,2024-01-01,Jl. Gajah Mada No. 180,Pontianak,Kalimantan Barat,INITIAL
CAE0003261,CUST02710,2024-01-01,Jl. Kenanga No. 200,Balikpapan,Kalimantan Timur,INITIAL
CAE0003262,CUST02711,2024-01-01,Jl. Sudirman No. 233,Balikpapan,Kalimantan Timur,INITIAL
CAE0003263,CUST02712,2024-01-01,Jl. Gajah Mada No. 5,Depok,Jawa Barat,INITIAL
CAE0003264,CUST02712,2026-09-04,Jl. Pemuda No. 143,Sleman,DI Yogyakarta,MOVE
CAE0003265,CUST02713,2024-01-01,Jl. Pemuda No. 240,Yogyakarta,DI Yogyakarta,INITIAL
CAE0003266,CUST02714,2024-01-01,Jl. Kenanga No. 235,Makassar,Sulawesi Selatan,INITIAL
CAE0003267,CUST02715,2024-01-01,Jl. Merdeka No. 16,Surabaya,Jawa Timur,INITIAL
CAE0003268,CUST02715,2026-05-05,Jl. Diponegoro No. 171,Samarinda,Kalimantan Timur,MOVE
CAE0003269,CUST02716,2024-01-01,Jl. Sudirman No. 227,Makassar,Sulawesi Selatan,INITIAL
CAE0003270,CUST02717,2024-01-01,Jl. Merdeka No. 54,Medan,Sumatera Utara,INITIAL
CAE0003271,CUST02718,2024-01-01,Jl. Diponegoro No. 184,Surabaya,Jawa Timur,INITIAL
CAE0003272,CUST02719,2024-01-01,Jl. Kenanga No. 48,Bandung,Jawa Barat,INITIAL
CAE0003273,CUST02720,2024-01-01,Jl. Melati No. 225,Malang,Jawa Timur,INITIAL
CAE0003274,CUST02721,2024-01-01,Jl. Gajah Mada No. 143,Pontianak,Kalimantan Barat,INITIAL
CAE0003275,CUST02722,2024-01-01,Jl. Kenanga No. 95,Bantul,DI Yogyakarta,INITIAL
CAE0003276,CUST02723,2024-01-01,Jl. Melati No. 230,Balikpapan,Kalimantan Timur,INITIAL
CAE0003277,CUST02723,2025-08-28,Jl. Diponegoro No. 116,Surakarta,Jawa Tengah,MOVE
CAE0003278,CUST02724,2024-01-01,Jl. Merdeka No. 163,Pontianak,Kalimantan Barat,INITIAL
CAE0003279,CUST02725,2024-01-01,Jl. Veteran No. 56,Denpasar,Bali,INITIAL
CAE0003280,CUST02725,2025-02-07,Jl. Diponegoro No. 58,Semarang,Jawa Tengah,MOVE
CAE0003281,CUST02725,2026-07-20,Jl. Melati No. 207,Malang,Jawa Timur,MOVE
CAE0003282,CUST02726,2024-01-01,Jl. Veteran No. 53,Semarang,Jawa Tengah,INITIAL
CAE0003283,CUST02727,2024-01-01,Jl. Diponegoro No. 7,Tangerang,Banten,INITIAL
CAE0003284,CUST02728,2024-01-01,Jl. Gajah Mada No. 33,Surakarta,Jawa Tengah,INITIAL
CAE0003285,CUST02729,2024-01-01,Jl. Pemuda No. 173,Pontianak,Kalimantan Barat,INITIAL
CAE0003286,CUST02730,2024-01-01,Jl. Sudirman No. 70,Palembang,Sumatera Selatan,INITIAL
CAE0003287,CUST02731,2024-01-01,Jl. Melati No. 119,Denpasar,Bali,INITIAL
CAE0003288,CUST02732,2024-01-01,Jl. Pemuda No. 184,Sleman,DI Yogyakarta,INITIAL
CAE0003289,CUST02732,2025-09-15,Jl. Pemuda No. 56,Semarang,Jawa Tengah,MOVE
CAE0003290,CUST02733,2024-01-01,Jl. Pemuda No. 217,Bandung,Jawa Barat,INITIAL
CAE0003291,CUST02734,2024-01-01,Jl. Gajah Mada No. 33,Bekasi,Jawa Barat,INITIAL
CAE0003292,CUST02734,2026-04-09,Jl. Kenanga No. 176,Denpasar,Bali,MOVE
CAE0003293,CUST02735,2024-01-01,Jl. Diponegoro No. 17,Bantul,DI Yogyakarta,INITIAL
CAE0003294,CUST02736,2024-01-01,Jl. Kenanga No. 69,Bantul,DI Yogyakarta,INITIAL
CAE0003295,CUST02737,2024-01-01,Jl. Diponegoro No. 154,Yogyakarta,DI Yogyakarta,INITIAL
CAE0003296,CUST02738,2024-01-01,Jl. Melati No. 52,Bogor,Jawa Barat,INITIAL
CAE0003297,CUST02738,2025-09-17,Jl. Diponegoro No. 1,Samarinda,Kalimantan Timur,MOVE
CAE0003298,CUST02739,2024-01-01,Jl. Diponegoro No. 47,Surabaya,Jawa Timur,INITIAL
CAE0003299,CUST02740,2024-01-01,Jl. Diponegoro No. 78,Pontianak,Kalimantan Barat,INITIAL
CAE0003300,CUST02740,2026-08-03,Jl. Veteran No. 229,Yogyakarta,DI Yogyakarta,MOVE
CAE0003301,CUST02741,2024-01-01,Jl. Pemuda No. 58,Samarinda,Kalimantan Timur,INITIAL
CAE0003302,CUST02742,2024-01-01,Jl. Melati No. 118,Semarang,Jawa Tengah,INITIAL
CAE0003303,CUST02743,2024-01-01,Jl. Melati No. 202,Malang,Jawa Timur,INITIAL
CAE0003304,CUST02744,2024-01-01,Jl. Gajah Mada No. 203,Makassar,Sulawesi Selatan,INITIAL
CAE0003305,CUST02744,2026-06-04,Jl. Sudirman No. 119,Denpasar,Bali,MOVE
CAE0003306,CUST02745,2024-01-01,Jl. Sudirman No. 105,Makassar,Sulawesi Selatan,INITIAL
CAE0003307,CUST02746,2024-01-01,Jl. Sudirman No. 90,Samarinda,Kalimantan Timur,INITIAL
CAE0003308,CUST02747,2024-01-01,Jl. Melati No. 126,Semarang,Jawa Tengah,INITIAL
CAE0003309,CUST02747,2025-05-10,Jl. Diponegoro No. 173,Samarinda,Kalimantan Timur,MOVE
CAE0003310,CUST02747,2025-10-30,Jl. Melati No. 185,Medan,Sumatera Utara,MOVE
CAE0003311,CUST02748,2024-01-01,Jl. Merdeka No. 208,Surabaya,Jawa Timur,INITIAL
CAE0003312,CUST02749,2024-01-01,Jl. Diponegoro No. 130,Sleman,DI Yogyakarta,INITIAL
CAE0003313,CUST02750,2024-01-01,Jl. Pemuda No. 96,Depok,Jawa Barat,INITIAL
CAE0003314,CUST02751,2024-01-01,Jl. Veteran No. 83,Samarinda,Kalimantan Timur,INITIAL
CAE0003315,CUST02752,2024-01-01,Jl. Pemuda No. 87,Sleman,DI Yogyakarta,INITIAL
CAE0003316,CUST02753,2024-01-01,Jl. Kenanga No. 196,Bekasi,Jawa Barat,INITIAL
CAE0003317,CUST02754,2024-01-01,Jl. Sudirman No. 191,Malang,Jawa Timur,INITIAL
CAE0003318,CUST02755,2024-01-01,Jl. Veteran No. 44,Samarinda,Kalimantan Timur,INITIAL
CAE0003319,CUST02756,2024-01-01,Jl. Gajah Mada No. 179,Tangerang,Banten,INITIAL
CAE0003320,CUST02757,2024-01-01,Jl. Gajah Mada No. 191,Surabaya,Jawa Timur,INITIAL
CAE0003321,CUST02758,2024-01-01,Jl. Sudirman No. 240,Bekasi,Jawa Barat,INITIAL
CAE0003322,CUST02759,2024-01-01,Jl. Kenanga No. 163,Surakarta,Jawa Tengah,INITIAL
CAE0003323,CUST02759,2025-05-14,Jl. Veteran No. 127,Depok,Jawa Barat,MOVE
CAE0003324,CUST02760,2024-01-01,Jl. Gajah Mada No. 109,Bandung,Jawa Barat,INITIAL
CAE0003325,CUST02761,2024-01-01,Jl. Sudirman No. 188,Yogyakarta,DI Yogyakarta,INITIAL
CAE0003326,CUST02762,2024-01-01,Jl. Melati No. 14,Denpasar,Bali,INITIAL
CAE0003327,CUST02762,2025-12-03,Jl. Melati No. 104,Bantul,DI Yogyakarta,MOVE
CAE0003328,CUST02763,2024-01-01,Jl. Merdeka No. 213,Bantul,DI Yogyakarta,INITIAL
CAE0003329,CUST02764,2024-01-01,Jl. Merdeka No. 110,Jakarta,DKI Jakarta,INITIAL
CAE0003330,CUST02765,2024-01-01,Jl. Merdeka No. 8,Depok,Jawa Barat,INITIAL
CAE0003331,CUST02765,2025-10-12,Jl. Merdeka No. 139,Sleman,DI Yogyakarta,MOVE
CAE0003332,CUST02766,2024-01-01,Jl. Veteran No. 85,Pontianak,Kalimantan Barat,INITIAL
CAE0003333,CUST02767,2024-01-01,Jl. Merdeka No. 45,Pontianak,Kalimantan Barat,INITIAL
CAE0003334,CUST02768,2024-01-01,Jl. Pemuda No. 189,Pontianak,Kalimantan Barat,INITIAL
CAE0003335,CUST02769,2024-01-01,Jl. Veteran No. 108,Semarang,Jawa Tengah,INITIAL
CAE0003336,CUST02770,2024-01-01,Jl. Diponegoro No. 55,Semarang,Jawa Tengah,INITIAL
CAE0003337,CUST02771,2024-01-01,Jl. Gajah Mada No. 108,Semarang,Jawa Tengah,INITIAL
CAE0003338,CUST02772,2024-01-01,Jl. Merdeka No. 198,Pontianak,Kalimantan Barat,INITIAL
CAE0003339,CUST02773,2024-01-01,Jl. Merdeka No. 33,Pontianak,Kalimantan Barat,INITIAL
CAE0003340,CUST02774,2024-01-01,Jl. Melati No. 35,Surabaya,Jawa Timur,INITIAL
CAE0003341,CUST02775,2024-01-01,Jl. Sudirman No. 203,Surabaya,Jawa Timur,INITIAL
CAE0003342,CUST02776,2024-01-01,Jl. Merdeka No. 80,Sleman,DI Yogyakarta,INITIAL
CAE0003343,CUST02776,2025-03-09,Jl. Sudirman No. 144,Medan,Sumatera Utara,MOVE
CAE0003344,CUST02777,2024-01-01,Jl. Sudirman No. 65,Jakarta,DKI Jakarta,INITIAL
CAE0003345,CUST02778,2024-01-01,Jl. Merdeka No. 7,Bekasi,Jawa Barat,INITIAL
CAE0003346,CUST02779,2024-01-01,Jl. Merdeka No. 104,Samarinda,Kalimantan Timur,INITIAL
CAE0003347,CUST02779,2026-06-09,Jl. Diponegoro No. 42,Bantul,DI Yogyakarta,MOVE
CAE0003348,CUST02780,2024-01-01,Jl. Pemuda No. 220,Bekasi,Jawa Barat,INITIAL
CAE0003349,CUST02781,2024-01-01,Jl. Melati No. 114,Bekasi,Jawa Barat,INITIAL
CAE0003350,CUST02781,2025-01-26,Jl. Gajah Mada No. 112,Sleman,DI Yogyakarta,MOVE
CAE0003351,CUST02781,2026-07-09,Jl. Kenanga No. 52,Denpasar,Bali,MOVE
CAE0003352,CUST02782,2024-01-01,Jl. Sudirman No. 122,Surakarta,Jawa Tengah,INITIAL
CAE0003353,CUST02783,2024-01-01,Jl. Kenanga No. 19,Bogor,Jawa Barat,INITIAL
CAE0003354,CUST02784,2024-01-01,Jl. Gajah Mada No. 42,Medan,Sumatera Utara,INITIAL
CAE0003355,CUST02785,2024-01-01,Jl. Melati No. 113,Bantul,DI Yogyakarta,INITIAL
CAE0003356,CUST02786,2024-01-01,Jl. Pemuda No. 207,Bantul,DI Yogyakarta,INITIAL
CAE0003357,CUST02786,2025-09-17,Jl. Veteran No. 127,Sleman,DI Yogyakarta,MOVE
CAE0003358,CUST02787,2024-01-01,Jl. Sudirman No. 243,Jakarta,DKI Jakarta,INITIAL
CAE0003359,CUST02788,2024-01-01,Jl. Sudirman No. 61,Balikpapan,Kalimantan Timur,INITIAL
CAE0003360,CUST02789,2024-01-01,Jl. Kenanga No. 173,Jakarta,DKI Jakarta,INITIAL
CAE0003361,CUST02790,2024-01-01,Jl. Gajah Mada No. 125,Yogyakarta,DI Yogyakarta,INITIAL
CAE0003362,CUST02791,2024-01-01,Jl. Melati No. 136,Makassar,Sulawesi Selatan,INITIAL
CAE0003363,CUST02792,2024-01-01,Jl. Kenanga No. 33,Makassar,Sulawesi Selatan,INITIAL
CAE0003364,CUST02793,2024-01-01,Jl. Kenanga No. 94,Malang,Jawa Timur,INITIAL
CAE0003365,CUST02794,2024-01-01,Jl. Kenanga No. 89,Denpasar,Bali,INITIAL
CAE0003366,CUST02795,2024-01-01,Jl. Sudirman No. 222,Jakarta,DKI Jakarta,INITIAL
CAE0003367,CUST02796,2024-01-01,Jl. Sudirman No. 154,Surakarta,Jawa Tengah,INITIAL
CAE0003368,CUST02797,2024-01-01,Jl. Kenanga No. 148,Bekasi,Jawa Barat,INITIAL
CAE0003369,CUST02798,2024-01-01,Jl. Kenanga No. 43,Pontianak,Kalimantan Barat,INITIAL
CAE0003370,CUST02799,2024-01-01,Jl. Kenanga No. 3,Balikpapan,Kalimantan Timur,INITIAL
CAE0003371,CUST02800,2024-01-01,Jl. Diponegoro No. 86,Denpasar,Bali,INITIAL
CAE0003372,CUST02801,2024-01-01,Jl. Kenanga No. 18,Pontianak,Kalimantan Barat,INITIAL
CAE0003373,CUST02802,2024-01-01,Jl. Sudirman No. 69,Surabaya,Jawa Timur,INITIAL
CAE0003374,CUST02803,2024-01-01,Jl. Pemuda No. 46,Denpasar,Bali,INITIAL
CAE0003375,CUST02804,2024-01-01,Jl. Gajah Mada No. 114,Medan,Sumatera Utara,INITIAL
CAE0003376,CUST02805,2024-01-01,Jl. Pemuda No. 62,Palembang,Sumatera Selatan,INITIAL
CAE0003377,CUST02806,2024-01-01,Jl. Diponegoro No. 217,Jakarta,DKI Jakarta,INITIAL
CAE0003378,CUST02807,2024-01-01,Jl. Sudirman No. 48,Depok,Jawa Barat,INITIAL
CAE0003379,CUST02808,2024-01-01,Jl. Sudirman No. 104,Depok,Jawa Barat,INITIAL
CAE0003380,CUST02809,2024-01-01,Jl. Kenanga No. 185,Bekasi,Jawa Barat,INITIAL
CAE0003381,CUST02810,2024-01-01,Jl. Melati No. 73,Denpasar,Bali,INITIAL
CAE0003382,CUST02810,2026-06-14,Jl. Pemuda No. 38,Bekasi,Jawa Barat,MOVE
CAE0003383,CUST02811,2024-01-01,Jl. Sudirman No. 62,Pontianak,Kalimantan Barat,INITIAL
CAE0003384,CUST02812,2024-01-01,Jl. Diponegoro No. 107,Bandung,Jawa Barat,INITIAL
CAE0003385,CUST02812,2026-02-20,Jl. Pemuda No. 127,Surabaya,Jawa Timur,MOVE
CAE0003386,CUST02813,2024-01-01,Jl. Kenanga No. 159,Bantul,DI Yogyakarta,INITIAL
CAE0003387,CUST02814,2024-01-01,Jl. Merdeka No. 97,Jakarta,DKI Jakarta,INITIAL
CAE0003388,CUST02815,2024-01-01,Jl. Pemuda No. 3,Bantul,DI Yogyakarta,INITIAL
CAE0003389,CUST02816,2024-01-01,Jl. Diponegoro No. 38,Makassar,Sulawesi Selatan,INITIAL
CAE0003390,CUST02817,2024-01-01,Jl. Kenanga No. 97,Depok,Jawa Barat,INITIAL
CAE0003391,CUST02818,2024-01-01,Jl. Kenanga No. 20,Bogor,Jawa Barat,INITIAL
CAE0003392,CUST02818,2025-04-02,Jl. Kenanga No. 120,Balikpapan,Kalimantan Timur,MOVE
CAE0003393,CUST02818,2025-08-24,Jl. Kenanga No. 50,Medan,Sumatera Utara,MOVE
CAE0003394,CUST02819,2024-01-01,Jl. Veteran No. 223,Tangerang,Banten,INITIAL
CAE0003395,CUST02820,2024-01-01,Jl. Kenanga No. 18,Surakarta,Jawa Tengah,INITIAL
CAE0003396,CUST02820,2025-03-02,Jl. Melati No. 231,Bandung,Jawa Barat,MOVE
CAE0003397,CUST02821,2024-01-01,Jl. Veteran No. 148,Surakarta,Jawa Tengah,INITIAL
CAE0003398,CUST02822,2024-01-01,Jl. Gajah Mada No. 1,Yogyakarta,DI Yogyakarta,INITIAL
CAE0003399,CUST02823,2024-01-01,Jl. Veteran No. 198,Malang,Jawa Timur,INITIAL
CAE0003400,CUST02824,2024-01-01,Jl. Merdeka No. 248,Semarang,Jawa Tengah,INITIAL
CAE0003401,CUST02824,2026-03-18,Jl. Pemuda No. 217,Yogyakarta,DI Yogyakarta,MOVE
CAE0003402,CUST02824,2026-07-29,Jl. Sudirman No. 103,Surakarta,Jawa Tengah,MOVE
CAE0003403,CUST02825,2024-01-01,Jl. Gajah Mada No. 208,Tangerang,Banten,INITIAL
CAE0003404,CUST02826,2024-01-01,Jl. Sudirman No. 185,Jakarta,DKI Jakarta,INITIAL
CAE0003405,CUST02827,2024-01-01,Jl. Gajah Mada No. 183,Semarang,Jawa Tengah,INITIAL
CAE0003406,CUST02828,2024-01-01,Jl. Gajah Mada No. 50,Depok,Jawa Barat,INITIAL
CAE0003407,CUST02829,2024-01-01,Jl. Merdeka No. 13,Tangerang,Banten,INITIAL
CAE0003408,CUST02830,2024-01-01,Jl. Sudirman No. 200,Bantul,DI Yogyakarta,INITIAL
CAE0003409,CUST02831,2024-01-01,Jl. Sudirman No. 120,Samarinda,Kalimantan Timur,INITIAL
CAE0003410,CUST02832,2024-01-01,Jl. Veteran No. 87,Semarang,Jawa Tengah,INITIAL
CAE0003411,CUST02833,2024-01-01,Jl. Sudirman No. 97,Pontianak,Kalimantan Barat,INITIAL
CAE0003412,CUST02834,2024-01-01,Jl. Merdeka No. 157,Balikpapan,Kalimantan Timur,INITIAL
CAE0003413,CUST02834,2026-08-21,Jl. Veteran No. 160,Denpasar,Bali,MOVE
CAE0003414,CUST02835,2024-01-01,Jl. Melati No. 178,Sleman,DI Yogyakarta,INITIAL
CAE0003415,CUST02836,2024-01-01,Jl. Merdeka No. 24,Medan,Sumatera Utara,INITIAL
CAE0003416,CUST02837,2024-01-01,Jl. Diponegoro No. 42,Semarang,Jawa Tengah,INITIAL
CAE0003417,CUST02838,2024-01-01,Jl. Veteran No. 120,Pontianak,Kalimantan Barat,INITIAL
CAE0003418,CUST02839,2024-01-01,Jl. Merdeka No. 95,Malang,Jawa Timur,INITIAL
CAE0003419,CUST02840,2024-01-01,Jl. Gajah Mada No. 62,Bekasi,Jawa Barat,INITIAL
CAE0003420,CUST02840,2025-01-30,Jl. Veteran No. 177,Surabaya,Jawa Timur,MOVE
CAE0003421,CUST02841,2024-01-01,Jl. Sudirman No. 37,Yogyakarta,DI Yogyakarta,INITIAL
CAE0003422,CUST02841,2025-03-29,Jl. Merdeka No. 238,Denpasar,Bali,MOVE
CAE0003423,CUST02842,2024-01-01,Jl. Kenanga No. 77,Malang,Jawa Timur,INITIAL
CAE0003424,CUST02843,2024-01-01,Jl. Melati No. 139,Palembang,Sumatera Selatan,INITIAL
CAE0003425,CUST02844,2024-01-01,Jl. Pemuda No. 132,Surakarta,Jawa Tengah,INITIAL
CAE0003426,CUST02844,2025-12-29,Jl. Veteran No. 2,Bekasi,Jawa Barat,MOVE
CAE0003427,CUST02845,2024-01-01,Jl. Veteran No. 141,Depok,Jawa Barat,INITIAL
CAE0003428,CUST02846,2024-01-01,Jl. Melati No. 154,Bekasi,Jawa Barat,INITIAL
CAE0003429,CUST02847,2024-01-01,Jl. Diponegoro No. 121,Balikpapan,Kalimantan Timur,INITIAL
CAE0003430,CUST02848,2024-01-01,Jl. Pemuda No. 146,Makassar,Sulawesi Selatan,INITIAL
CAE0003431,CUST02849,2024-01-01,Jl. Sudirman No. 105,Malang,Jawa Timur,INITIAL
CAE0003432,CUST02850,2024-01-01,Jl. Sudirman No. 79,Tangerang,Banten,INITIAL
CAE0003433,CUST02851,2024-01-01,Jl. Kenanga No. 42,Semarang,Jawa Tengah,INITIAL
CAE0003434,CUST02852,2024-01-01,Jl. Merdeka No. 82,Surakarta,Jawa Tengah,INITIAL
CAE0003435,CUST02852,2025-09-29,Jl. Melati No. 100,Denpasar,Bali,MOVE
CAE0003436,CUST02853,2024-01-01,Jl. Kenanga No. 237,Pontianak,Kalimantan Barat,INITIAL
CAE0003437,CUST02853,2025-02-15,Jl. Kenanga No. 236,Bantul,DI Yogyakarta,MOVE
CAE0003438,CUST02853,2025-06-20,Jl. Merdeka No. 35,Pontianak,Kalimantan Barat,MOVE
CAE0003439,CUST02854,2024-01-01,Jl. Merdeka No. 212,Depok,Jawa Barat,INITIAL
CAE0003440,CUST02855,2024-01-01,Jl. Pemuda No. 136,Sleman,DI Yogyakarta,INITIAL
CAE0003441,CUST02855,2026-05-14,Jl. Melati No. 48,Surakarta,Jawa Tengah,MOVE
CAE0003442,CUST02855,2026-08-04,Jl. Kenanga No. 43,Jakarta,DKI Jakarta,MOVE
CAE0003443,CUST02856,2024-01-01,Jl. Diponegoro No. 53,Surabaya,Jawa Timur,INITIAL
CAE0003444,CUST02857,2024-01-01,Jl. Melati No. 47,Jakarta,DKI Jakarta,INITIAL
CAE0003445,CUST02858,2024-01-01,Jl. Merdeka No. 228,Semarang,Jawa Tengah,INITIAL
CAE0003446,CUST02859,2024-01-01,Jl. Diponegoro No. 191,Semarang,Jawa Tengah,INITIAL
CAE0003447,CUST02860,2024-01-01,Jl. Gajah Mada No. 250,Malang,Jawa Timur,INITIAL
CAE0003448,CUST02861,2024-01-01,Jl. Merdeka No. 168,Surabaya,Jawa Timur,INITIAL
CAE0003449,CUST02862,2024-01-01,Jl. Diponegoro No. 178,Malang,Jawa Timur,INITIAL
CAE0003450,CUST02862,2026-04-02,Jl. Veteran No. 124,Bantul,DI Yogyakarta,MOVE
CAE0003451,CUST02863,2024-01-01,Jl. Diponegoro No. 170,Medan,Sumatera Utara,INITIAL
CAE0003452,CUST02864,2024-01-01,Jl. Pemuda No. 123,Surabaya,Jawa Timur,INITIAL
CAE0003453,CUST02865,2024-01-01,Jl. Kenanga No. 34,Medan,Sumatera Utara,INITIAL
CAE0003454,CUST02866,2024-01-01,Jl. Merdeka No. 97,Surakarta,Jawa Tengah,INITIAL
CAE0003455,CUST02867,2024-01-01,Jl. Gajah Mada No. 66,Tangerang,Banten,INITIAL
CAE0003456,CUST02868,2024-01-01,Jl. Melati No. 68,Sleman,DI Yogyakarta,INITIAL
CAE0003457,CUST02869,2024-01-01,Jl. Pemuda No. 157,Depok,Jawa Barat,INITIAL
CAE0003458,CUST02870,2024-01-01,Jl. Veteran No. 32,Sleman,DI Yogyakarta,INITIAL
CAE0003459,CUST02871,2024-01-01,Jl. Melati No. 165,Denpasar,Bali,INITIAL
CAE0003460,CUST02871,2026-03-13,Jl. Gajah Mada No. 122,Samarinda,Kalimantan Timur,MOVE
CAE0003461,CUST02872,2024-01-01,Jl. Sudirman No. 41,Pontianak,Kalimantan Barat,INITIAL
CAE0003462,CUST02873,2024-01-01,Jl. Sudirman No. 107,Bogor,Jawa Barat,INITIAL
CAE0003463,CUST02874,2024-01-01,Jl. Kenanga No. 82,Depok,Jawa Barat,INITIAL
CAE0003464,CUST02875,2024-01-01,Jl. Pemuda No. 49,Semarang,Jawa Tengah,INITIAL
CAE0003465,CUST02876,2024-01-01,Jl. Pemuda No. 77,Yogyakarta,DI Yogyakarta,INITIAL
CAE0003466,CUST02877,2024-01-01,Jl. Melati No. 125,Bogor,Jawa Barat,INITIAL
CAE0003467,CUST02877,2025-08-30,Jl. Melati No. 34,Bandung,Jawa Barat,MOVE
CAE0003468,CUST02878,2024-01-01,Jl. Pemuda No. 185,Bantul,DI Yogyakarta,INITIAL
CAE0003469,CUST02879,2024-01-01,Jl. Gajah Mada No. 52,Bandung,Jawa Barat,INITIAL
CAE0003470,CUST02879,2026-02-04,Jl. Melati No. 208,Bogor,Jawa Barat,MOVE
CAE0003471,CUST02880,2024-01-01,Jl. Pemuda No. 153,Bogor,Jawa Barat,INITIAL
CAE0003472,CUST02881,2024-01-01,Jl. Merdeka No. 249,Surabaya,Jawa Timur,INITIAL
CAE0003473,CUST02881,2025-02-13,Jl. Melati No. 119,Malang,Jawa Timur,MOVE
CAE0003474,CUST02882,2024-01-01,Jl. Veteran No. 119,Bekasi,Jawa Barat,INITIAL
CAE0003475,CUST02882,2025-07-27,Jl. Gajah Mada No. 21,Bantul,DI Yogyakarta,MOVE
CAE0003476,CUST02883,2024-01-01,Jl. Merdeka No. 4,Jakarta,DKI Jakarta,INITIAL
CAE0003477,CUST02884,2024-01-01,Jl. Veteran No. 152,Palembang,Sumatera Selatan,INITIAL
CAE0003478,CUST02885,2024-01-01,Jl. Kenanga No. 24,Denpasar,Bali,INITIAL
CAE0003479,CUST02886,2024-01-01,Jl. Diponegoro No. 247,Malang,Jawa Timur,INITIAL
CAE0003480,CUST02887,2024-01-01,Jl. Melati No. 160,Palembang,Sumatera Selatan,INITIAL
CAE0003481,CUST02888,2024-01-01,Jl. Sudirman No. 149,Bandung,Jawa Barat,INITIAL
CAE0003482,CUST02889,2024-01-01,Jl. Sudirman No. 178,Bogor,Jawa Barat,INITIAL
CAE0003483,CUST02890,2024-01-01,Jl. Melati No. 233,Surakarta,Jawa Tengah,INITIAL
CAE0003484,CUST02890,2025-07-08,Jl. Pemuda No. 110,Depok,Jawa Barat,MOVE
CAE0003485,CUST02891,2024-01-01,Jl. Gajah Mada No. 182,Semarang,Jawa Tengah,INITIAL
CAE0003486,CUST02892,2024-01-01,Jl. Melati No. 225,Samarinda,Kalimantan Timur,INITIAL
CAE0003487,CUST02893,2024-01-01,Jl. Pemuda No. 2,Samarinda,Kalimantan Timur,INITIAL
CAE0003488,CUST02894,2024-01-01,Jl. Sudirman No. 210,Semarang,Jawa Tengah,INITIAL
CAE0003489,CUST02895,2024-01-01,Jl. Veteran No. 216,Surabaya,Jawa Timur,INITIAL
CAE0003490,CUST02896,2024-01-01,Jl. Veteran No. 6,Yogyakarta,DI Yogyakarta,INITIAL
CAE0003491,CUST02897,2024-01-01,Jl. Veteran No. 65,Bekasi,Jawa Barat,INITIAL
CAE0003492,CUST02898,2024-01-01,Jl. Sudirman No. 86,Bekasi,Jawa Barat,INITIAL
CAE0003493,CUST02898,2026-06-26,Jl. Sudirman No. 65,Semarang,Jawa Tengah,MOVE
CAE0003494,CUST02899,2024-01-01,Jl. Kenanga No. 116,Surabaya,Jawa Timur,INITIAL
CAE0003495,CUST02900,2024-01-01,Jl. Pemuda No. 111,Palembang,Sumatera Selatan,INITIAL
CAE0003496,CUST02901,2024-01-01,Jl. Sudirman No. 170,Balikpapan,Kalimantan Timur,INITIAL
CAE0003497,CUST02902,2024-01-01,Jl. Melati No. 59,Palembang,Sumatera Selatan,INITIAL
CAE0003498,CUST02903,2024-01-01,Jl. Merdeka No. 22,Bantul,DI Yogyakarta,INITIAL
CAE0003499,CUST02904,2024-01-01,Jl. Pemuda No. 161,Balikpapan,Kalimantan Timur,INITIAL
CAE0003500,CUST02905,2024-01-01,Jl. Pemuda No. 243,Palembang,Sumatera Selatan,INITIAL
CAE0003501,CUST02906,2024-01-01,Jl. Kenanga No. 155,Tangerang,Banten,INITIAL
CAE0003502,CUST02907,2024-01-01,Jl. Melati No. 158,Malang,Jawa Timur,INITIAL
CAE0003503,CUST02908,2024-01-01,Jl. Pemuda No. 249,Bantul,DI Yogyakarta,INITIAL
CAE0003504,CUST02909,2024-01-01,Jl. Kenanga No. 152,Surabaya,Jawa Timur,INITIAL
CAE0003505,CUST02910,2024-01-01,Jl. Merdeka No. 218,Medan,Sumatera Utara,INITIAL
CAE0003506,CUST02911,2024-01-01,Jl. Kenanga No. 250,Makassar,Sulawesi Selatan,INITIAL
CAE0003507,CUST02912,2024-01-01,Jl. Veteran No. 239,Surakarta,Jawa Tengah,INITIAL
CAE0003508,CUST02913,2024-01-01,Jl. Gajah Mada No. 225,Semarang,Jawa Tengah,INITIAL
CAE0003509,CUST02914,2024-01-01,Jl. Melati No. 109,Tangerang,Banten,INITIAL
CAE0003510,CUST02915,2024-01-01,Jl. Veteran No. 92,Pontianak,Kalimantan Barat,INITIAL
CAE0003511,CUST02915,2025-11-30,Jl. Melati No. 61,Tangerang,Banten,MOVE
CAE0003512,CUST02916,2024-01-01,Jl. Veteran No. 231,Bogor,Jawa Barat,INITIAL
CAE0003513,CUST02917,2024-01-01,Jl. Veteran No. 244,Tangerang,Banten,INITIAL
CAE0003514,CUST02918,2024-01-01,Jl. Sudirman No. 97,Pontianak,Kalimantan Barat,INITIAL
CAE0003515,CUST02919,2024-01-01,Jl. Pemuda No. 121,Surabaya,Jawa Timur,INITIAL
CAE0003516,CUST02919,2025-01-03,Jl. Gajah Mada No. 44,Semarang,Jawa Tengah,MOVE
CAE0003517,CUST02919,2025-02-03,Jl. Veteran No. 156,Palembang,Sumatera Selatan,MOVE
CAE0003518,CUST02920,2024-01-01,Jl. Melati No. 238,Palembang,Sumatera Selatan,INITIAL
CAE0003519,CUST02921,2024-01-01,Jl. Diponegoro No. 203,Medan,Sumatera Utara,INITIAL
CAE0003520,CUST02921,2025-02-22,Jl. Merdeka No. 38,Jakarta,DKI Jakarta,MOVE
CAE0003521,CUST02922,2024-01-01,Jl. Gajah Mada No. 119,Bogor,Jawa Barat,INITIAL
CAE0003522,CUST02923,2024-01-01,Jl. Merdeka No. 95,Denpasar,Bali,INITIAL
CAE0003523,CUST02924,2024-01-01,Jl. Melati No. 139,Bantul,DI Yogyakarta,INITIAL
CAE0003524,CUST02925,2024-01-01,Jl. Veteran No. 154,Depok,Jawa Barat,INITIAL
CAE0003525,CUST02926,2024-01-01,Jl. Gajah Mada No. 24,Yogyakarta,DI Yogyakarta,INITIAL
CAE0003526,CUST02927,2024-01-01,Jl. Sudirman No. 189,Malang,Jawa Timur,INITIAL
CAE0003527,CUST02928,2024-01-01,Jl. Merdeka No. 208,Balikpapan,Kalimantan Timur,INITIAL
CAE0003528,CUST02929,2024-01-01,Jl. Merdeka No. 198,Medan,Sumatera Utara,INITIAL
CAE0003529,CUST02930,2024-01-01,Jl. Diponegoro No. 54,Semarang,Jawa Tengah,INITIAL
CAE0003530,CUST02930,2025-02-26,Jl. Merdeka No. 178,Bekasi,Jawa Barat,MOVE
CAE0003531,CUST02931,2024-01-01,Jl. Merdeka No. 214,Denpasar,Bali,INITIAL
CAE0003532,CUST02932,2024-01-01,Jl. Diponegoro No. 111,Samarinda,Kalimantan Timur,INITIAL
CAE0003533,CUST02933,2024-01-01,Jl. Pemuda No. 239,Yogyakarta,DI Yogyakarta,INITIAL
CAE0003534,CUST02934,2024-01-01,Jl. Gajah Mada No. 99,Makassar,Sulawesi Selatan,INITIAL
CAE0003535,CUST02934,2025-01-27,Jl. Gajah Mada No. 88,Tangerang,Banten,MOVE
CAE0003536,CUST02934,2026-05-03,Jl. Veteran No. 49,Jakarta,DKI Jakarta,MOVE
CAE0003537,CUST02935,2024-01-01,Jl. Gajah Mada No. 33,Bogor,Jawa Barat,INITIAL
CAE0003538,CUST02936,2024-01-01,Jl. Diponegoro No. 126,Sleman,DI Yogyakarta,INITIAL
CAE0003539,CUST02936,2025-12-18,Jl. Sudirman No. 171,Palembang,Sumatera Selatan,MOVE
CAE0003540,CUST02937,2024-01-01,Jl. Diponegoro No. 5,Denpasar,Bali,INITIAL
CAE0003541,CUST02938,2024-01-01,Jl. Gajah Mada No. 140,Medan,Sumatera Utara,INITIAL
CAE0003542,CUST02939,2024-01-01,Jl. Veteran No. 79,Yogyakarta,DI Yogyakarta,INITIAL
CAE0003543,CUST02939,2026-03-12,Jl. Merdeka No. 221,Bandung,Jawa Barat,MOVE
CAE0003544,CUST02939,2026-05-17,Jl. Veteran No. 56,Sleman,DI Yogyakarta,MOVE
CAE0003545,CUST02940,2024-01-01,Jl. Merdeka No. 145,Denpasar,Bali,INITIAL
CAE0003546,CUST02941,2024-01-01,Jl. Merdeka No. 189,Medan,Sumatera Utara,INITIAL
CAE0003547,CUST02942,2024-01-01,Jl. Sudirman No. 167,Depok,Jawa Barat,INITIAL
CAE0003548,CUST02943,2024-01-01,Jl. Gajah Mada No. 221,Bogor,Jawa Barat,INITIAL
CAE0003549,CUST02944,2024-01-01,Jl. Veteran No. 109,Semarang,Jawa Tengah,INITIAL
CAE0003550,CUST02945,2024-01-01,Jl. Veteran No. 242,Depok,Jawa Barat,INITIAL
CAE0003551,CUST02946,2024-01-01,Jl. Gajah Mada No. 119,Jakarta,DKI Jakarta,INITIAL
CAE0003552,CUST02947,2024-01-01,Jl. Sudirman No. 68,Bandung,Jawa Barat,INITIAL
CAE0003553,CUST02948,2024-01-01,Jl. Diponegoro No. 229,Denpasar,Bali,INITIAL
CAE0003554,CUST02948,2025-08-29,Jl. Diponegoro No. 23,Pontianak,Kalimantan Barat,MOVE
CAE0003555,CUST02948,2026-03-08,Jl. Diponegoro No. 116,Tangerang,Banten,MOVE
CAE0003556,CUST02949,2024-01-01,Jl. Merdeka No. 224,Balikpapan,Kalimantan Timur,INITIAL
CAE0003557,CUST02949,2026-07-18,Jl. Veteran No. 147,Palembang,Sumatera Selatan,MOVE
CAE0003558,CUST02950,2024-01-01,Jl. Gajah Mada No. 74,Bantul,DI Yogyakarta,INITIAL
CAE0003559,CUST02951,2024-01-01,Jl. Sudirman No. 30,Yogyakarta,DI Yogyakarta,INITIAL
CAE0003560,CUST02952,2024-01-01,Jl. Melati No. 234,Sleman,DI Yogyakarta,INITIAL
CAE0003561,CUST02953,2024-01-01,Jl. Gajah Mada No. 103,Bogor,Jawa Barat,INITIAL
CAE0003562,CUST02954,2024-01-01,Jl. Veteran No. 20,Yogyakarta,DI Yogyakarta,INITIAL
CAE0003563,CUST02955,2024-01-01,Jl. Veteran No. 40,Makassar,Sulawesi Selatan,INITIAL
CAE0003564,CUST02955,2026-05-04,Jl. Diponegoro No. 74,Yogyakarta,DI Yogyakarta,MOVE
CAE0003565,CUST02956,2024-01-01,Jl. Diponegoro No. 184,Surabaya,Jawa Timur,INITIAL
CAE0003566,CUST02957,2024-01-01,Jl. Sudirman No. 218,Jakarta,DKI Jakarta,INITIAL
CAE0003567,CUST02958,2024-01-01,Jl. Sudirman No. 92,Bekasi,Jawa Barat,INITIAL
CAE0003568,CUST02959,2024-01-01,Jl. Pemuda No. 12,Tangerang,Banten,INITIAL
CAE0003569,CUST02960,2024-01-01,Jl. Pemuda No. 116,Bekasi,Jawa Barat,INITIAL
CAE0003570,CUST02961,2024-01-01,Jl. Melati No. 135,Palembang,Sumatera Selatan,INITIAL
CAE0003571,CUST02961,2025-06-10,Jl. Melati No. 118,Medan,Sumatera Utara,MOVE
CAE0003572,CUST02962,2024-01-01,Jl. Merdeka No. 148,Palembang,Sumatera Selatan,INITIAL
CAE0003573,CUST02962,2026-07-03,Jl. Merdeka No. 195,Bandung,Jawa Barat,MOVE
CAE0003574,CUST02963,2024-01-01,Jl. Melati No. 182,Semarang,Jawa Tengah,INITIAL
CAE0003575,CUST02964,2024-01-01,Jl. Veteran No. 217,Makassar,Sulawesi Selatan,INITIAL
CAE0003576,CUST02965,2024-01-01,Jl. Veteran No. 245,Bekasi,Jawa Barat,INITIAL
CAE0003577,CUST02966,2024-01-01,Jl. Pemuda No. 87,Semarang,Jawa Tengah,INITIAL
CAE0003578,CUST02967,2024-01-01,Jl. Gajah Mada No. 248,Bandung,Jawa Barat,INITIAL
CAE0003579,CUST02968,2024-01-01,Jl. Pemuda No. 56,Medan,Sumatera Utara,INITIAL
CAE0003580,CUST02969,2024-01-01,Jl. Merdeka No. 88,Yogyakarta,DI Yogyakarta,INITIAL
CAE0003581,CUST02970,2024-01-01,Jl. Gajah Mada No. 170,Denpasar,Bali,INITIAL
CAE0003582,CUST02971,2024-01-01,Jl. Pemuda No. 70,Sleman,DI Yogyakarta,INITIAL
CAE0003583,CUST02971,2025-08-15,Jl. Sudirman No. 235,Malang,Jawa Timur,MOVE
CAE0003584,CUST02972,2024-01-01,Jl. Melati No. 242,Surabaya,Jawa Timur,INITIAL
CAE0003585,CUST02972,2026-06-30,Jl. Veteran No. 128,Bogor,Jawa Barat,MOVE
CAE0003586,CUST02973,2024-01-01,Jl. Gajah Mada No. 73,Depok,Jawa Barat,INITIAL
CAE0003587,CUST02974,2024-01-01,Jl. Sudirman No. 118,Samarinda,Kalimantan Timur,INITIAL
CAE0003588,CUST02975,2024-01-01,Jl. Diponegoro No. 110,Balikpapan,Kalimantan Timur,INITIAL
CAE0003589,CUST02976,2024-01-01,Jl. Sudirman No. 63,Jakarta,DKI Jakarta,INITIAL
CAE0003590,CUST02976,2025-04-02,Jl. Sudirman No. 40,Semarang,Jawa Tengah,MOVE
CAE0003591,CUST02977,2024-01-01,Jl. Merdeka No. 63,Medan,Sumatera Utara,INITIAL
CAE0003592,CUST02978,2024-01-01,Jl. Pemuda No. 10,Malang,Jawa Timur,INITIAL
CAE0003593,CUST02979,2024-01-01,Jl. Diponegoro No. 16,Bekasi,Jawa Barat,INITIAL
CAE0003594,CUST02980,2024-01-01,Jl. Pemuda No. 225,Bekasi,Jawa Barat,INITIAL
CAE0003595,CUST02980,2025-04-06,Jl. Veteran No. 175,Balikpapan,Kalimantan Timur,MOVE
CAE0003596,CUST02981,2024-01-01,Jl. Veteran No. 108,Jakarta,DKI Jakarta,INITIAL
CAE0003597,CUST02982,2024-01-01,Jl. Gajah Mada No. 203,Tangerang,Banten,INITIAL
CAE0003598,CUST02983,2024-01-01,Jl. Diponegoro No. 40,Depok,Jawa Barat,INITIAL
CAE0003599,CUST02983,2026-07-02,Jl. Sudirman No. 28,Pontianak,Kalimantan Barat,MOVE
CAE0003600,CUST02984,2024-01-01,Jl. Diponegoro No. 179,Bantul,DI Yogyakarta,INITIAL
CAE0003601,CUST02985,2024-01-01,Jl. Sudirman No. 131,Palembang,Sumatera Selatan,INITIAL
CAE0003602,CUST02985,2025-02-04,Jl. Melati No. 187,Tangerang,Banten,MOVE
CAE0003603,CUST02986,2024-01-01,Jl. Sudirman No. 81,Makassar,Sulawesi Selatan,INITIAL
CAE0003604,CUST02987,2024-01-01,Jl. Diponegoro No. 150,Bogor,Jawa Barat,INITIAL
CAE0003605,CUST02988,2024-01-01,Jl. Merdeka No. 240,Tangerang,Banten,INITIAL
CAE0003606,CUST02989,2024-01-01,Jl. Merdeka No. 29,Surakarta,Jawa Tengah,INITIAL
CAE0003607,CUST02990,2024-01-01,Jl. Gajah Mada No. 205,Jakarta,DKI Jakarta,INITIAL
CAE0003608,CUST02990,2025-05-28,Jl. Pemuda No. 179,Tangerang,Banten,MOVE
CAE0003609,CUST02991,2024-01-01,Jl. Merdeka No. 122,Tangerang,Banten,INITIAL
CAE0003610,CUST02992,2024-01-01,Jl. Melati No. 167,Surabaya,Jawa Timur,INITIAL
CAE0003611,CUST02993,2024-01-01,Jl. Melati No. 200,Denpasar,Bali,INITIAL
CAE0003612,CUST02994,2024-01-01,Jl. Merdeka No. 202,Makassar,Sulawesi Selatan,INITIAL
CAE0003613,CUST02994,2026-03-28,Jl. Diponegoro No. 20,Samarinda,Kalimantan Timur,MOVE
CAE0003614,CUST02995,2024-01-01,Jl. Pemuda No. 168,Balikpapan,Kalimantan Timur,INITIAL
CAE0003615,CUST02995,2026-02-21,Jl. Melati No. 164,Bantul,DI Yogyakarta,MOVE
CAE0003616,CUST02996,2024-01-01,Jl. Merdeka No. 127,Palembang,Sumatera Selatan,INITIAL
CAE0003617,CUST02997,2024-01-01,Jl. Sudirman No. 197,Bogor,Jawa Barat,INITIAL
CAE0003618,CUST02998,2024-01-01,Jl. Diponegoro No. 217,Medan,Sumatera Utara,INITIAL
CAE0003619,CUST02999,2024-01-01,Jl. Melati No. 78,Samarinda,Kalimantan Timur,INITIAL
CAE0003620,CUST03000,2024-01-01,Jl. Kenanga No. 212,Bekasi,Jawa Barat,INITIAL
CAE0003621,CUST03001,2024-01-01,Jl. Melati No. 180,Jakarta,DKI Jakarta,INITIAL
CAE0003622,CUST03002,2024-01-01,Jl. Gajah Mada No. 210,Jakarta,DKI Jakarta,INITIAL
CAE0003623,CUST03002,2025-03-30,Jl. Kenanga No. 209,Balikpapan,Kalimantan Timur,MOVE
CAE0003624,CUST03002,2026-04-28,Jl. Kenanga No. 148,Jakarta,DKI Jakarta,MOVE
CAE0003625,CUST03003,2024-01-01,Jl. Veteran No. 82,Malang,Jawa Timur,INITIAL
CAE0003626,CUST03003,2025-08-09,Jl. Merdeka No. 39,Tangerang,Banten,MOVE
CAE0003627,CUST03004,2024-01-01,Jl. Sudirman No. 118,Malang,Jawa Timur,INITIAL
CAE0003628,CUST03005,2024-01-01,Jl. Gajah Mada No. 45,Bandung,Jawa Barat,INITIAL
CAE0003629,CUST03005,2026-08-26,Jl. Diponegoro No. 183,Surakarta,Jawa Tengah,MOVE
CAE0003630,CUST03006,2024-01-01,Jl. Veteran No. 154,Bekasi,Jawa Barat,INITIAL
CAE0003631,CUST03007,2024-01-01,Jl. Pemuda No. 241,Pontianak,Kalimantan Barat,INITIAL
CAE0003632,CUST03007,2025-09-05,Jl. Sudirman No. 66,Surakarta,Jawa Tengah,MOVE
CAE0003633,CUST03008,2024-01-01,Jl. Gajah Mada No. 142,Malang,Jawa Timur,INITIAL
CAE0003634,CUST03009,2024-01-01,Jl. Sudirman No. 25,Sleman,DI Yogyakarta,INITIAL
CAE0003635,CUST03009,2026-05-28,Jl. Sudirman No. 208,Makassar,Sulawesi Selatan,MOVE
CAE0003636,CUST03010,2024-01-01,Jl. Kenanga No. 149,Balikpapan,Kalimantan Timur,INITIAL
CAE0003637,CUST03011,2024-01-01,Jl. Pemuda No. 200,Medan,Sumatera Utara,INITIAL
CAE0003638,CUST03012,2024-01-01,Jl. Sudirman No. 113,Jakarta,DKI Jakarta,INITIAL
CAE0003639,CUST03013,2024-01-01,Jl. Pemuda No. 149,Surabaya,Jawa Timur,INITIAL
CAE0003640,CUST03014,2024-01-01,Jl. Pemuda No. 167,Bandung,Jawa Barat,INITIAL
CAE0003641,CUST03015,2024-01-01,Jl. Diponegoro No. 170,Jakarta,DKI Jakarta,INITIAL
CAE0003642,CUST03016,2024-01-01,Jl. Gajah Mada No. 60,Pontianak,Kalimantan Barat,INITIAL
CAE0003643,CUST03017,2024-01-01,Jl. Veteran No. 49,Denpasar,Bali,INITIAL
CAE0003644,CUST03018,2024-01-01,Jl. Melati No. 143,Depok,Jawa Barat,INITIAL
CAE0003645,CUST03019,2024-01-01,Jl. Merdeka No. 128,Malang,Jawa Timur,INITIAL
CAE0003646,CUST03020,2024-01-01,Jl. Pemuda No. 139,Pontianak,Kalimantan Barat,INITIAL
CAE0003647,CUST03021,2024-01-01,Jl. Merdeka No. 144,Denpasar,Bali,INITIAL
CAE0003648,CUST03022,2024-01-01,Jl. Kenanga No. 38,Bandung,Jawa Barat,INITIAL
CAE0003649,CUST03023,2024-01-01,Jl. Veteran No. 240,Medan,Sumatera Utara,INITIAL
CAE0003650,CUST03024,2024-01-01,Jl. Diponegoro No. 243,Jakarta,DKI Jakarta,INITIAL
CAE0003651,CUST03025,2024-01-01,Jl. Pemuda No. 142,Denpasar,Bali,INITIAL
CAE0003652,CUST03026,2024-01-01,Jl. Diponegoro No. 38,Bantul,DI Yogyakarta,INITIAL
CAE0003653,CUST03027,2024-01-01,Jl. Veteran No. 38,Sleman,DI Yogyakarta,INITIAL
CAE0003654,CUST03027,2025-10-14,Jl. Veteran No. 97,Jakarta,DKI Jakarta,MOVE
CAE0003655,CUST03028,2024-01-01,Jl. Veteran No. 96,Bekasi,Jawa Barat,INITIAL
CAE0003656,CUST03029,2024-01-01,Jl. Sudirman No. 163,Makassar,Sulawesi Selatan,INITIAL
CAE0003657,CUST03029,2025-12-07,Jl. Melati No. 211,Surakarta,Jawa Tengah,MOVE
CAE0003658,CUST03030,2024-01-01,Jl. Kenanga No. 77,Semarang,Jawa Tengah,INITIAL
CAE0003659,CUST03031,2024-01-01,Jl. Veteran No. 165,Tangerang,Banten,INITIAL
CAE0003660,CUST03032,2024-01-01,Jl. Diponegoro No. 111,Samarinda,Kalimantan Timur,INITIAL
CAE0003661,CUST03032,2025-01-16,Jl. Pemuda No. 210,Depok,Jawa Barat,MOVE
CAE0003662,CUST03033,2024-01-01,Jl. Kenanga No. 87,Surakarta,Jawa Tengah,INITIAL
CAE0003663,CUST03034,2024-01-01,Jl. Diponegoro No. 164,Bandung,Jawa Barat,INITIAL
CAE0003664,CUST03035,2024-01-01,Jl. Diponegoro No. 158,Semarang,Jawa Tengah,INITIAL
CAE0003665,CUST03035,2026-01-28,Jl. Veteran No. 174,Surabaya,Jawa Timur,MOVE
CAE0003666,CUST03036,2024-01-01,Jl. Sudirman No. 17,Palembang,Sumatera Selatan,INITIAL
CAE0003667,CUST03036,2025-12-27,Jl. Gajah Mada No. 174,Bogor,Jawa Barat,MOVE
CAE0003668,CUST03036,2026-02-12,Jl. Diponegoro No. 44,Samarinda,Kalimantan Timur,MOVE
CAE0003669,CUST03037,2024-01-01,Jl. Veteran No. 244,Semarang,Jawa Tengah,INITIAL
CAE0003670,CUST03038,2024-01-01,Jl. Merdeka No. 94,Balikpapan,Kalimantan Timur,INITIAL
CAE0003671,CUST03039,2024-01-01,Jl. Diponegoro No. 147,Surabaya,Jawa Timur,INITIAL
CAE0003672,CUST03040,2024-01-01,Jl. Diponegoro No. 230,Palembang,Sumatera Selatan,INITIAL
CAE0003673,CUST03041,2024-01-01,Jl. Gajah Mada No. 145,Bogor,Jawa Barat,INITIAL
CAE0003674,CUST03042,2024-01-01,Jl. Gajah Mada No. 115,Depok,Jawa Barat,INITIAL
CAE0003675,CUST03043,2024-01-01,Jl. Melati No. 241,Tangerang,Banten,INITIAL
CAE0003676,CUST03044,2024-01-01,Jl. Veteran No. 135,Surakarta,Jawa Tengah,INITIAL
CAE0003677,CUST03045,2024-01-01,Jl. Pemuda No. 96,Denpasar,Bali,INITIAL
CAE0003678,CUST03046,2024-01-01,Jl. Kenanga No. 64,Bogor,Jawa Barat,INITIAL
CAE0003679,CUST03047,2024-01-01,Jl. Gajah Mada No. 229,Malang,Jawa Timur,INITIAL
CAE0003680,CUST03048,2024-01-01,Jl. Diponegoro No. 193,Semarang,Jawa Tengah,INITIAL
CAE0003681,CUST03049,2024-01-01,Jl. Diponegoro No. 195,Medan,Sumatera Utara,INITIAL
CAE0003682,CUST03050,2024-01-01,Jl. Pemuda No. 17,Surakarta,Jawa Tengah,INITIAL
CAE0003683,CUST03051,2024-01-01,Jl. Gajah Mada No. 119,Bandung,Jawa Barat,INITIAL
CAE0003684,CUST03052,2024-01-01,Jl. Merdeka No. 22,Medan,Sumatera Utara,INITIAL
CAE0003685,CUST03053,2024-01-01,Jl. Kenanga No. 235,Surakarta,Jawa Tengah,INITIAL
CAE0003686,CUST03054,2024-01-01,Jl. Pemuda No. 87,Surabaya,Jawa Timur,INITIAL
CAE0003687,CUST03055,2024-01-01,Jl. Veteran No. 100,Surakarta,Jawa Tengah,INITIAL
CAE0003688,CUST03056,2024-01-01,Jl. Merdeka No. 234,Makassar,Sulawesi Selatan,INITIAL
CAE0003689,CUST03057,2024-01-01,Jl. Diponegoro No. 22,Bekasi,Jawa Barat,INITIAL
CAE0003690,CUST03058,2024-01-01,Jl. Pemuda No. 224,Surabaya,Jawa Timur,INITIAL
CAE0003691,CUST03058,2025-09-05,Jl. Merdeka No. 102,Semarang,Jawa Tengah,MOVE
CAE0003692,CUST03058,2026-07-17,Jl. Sudirman No. 216,Denpasar,Bali,MOVE
CAE0003693,CUST03059,2024-01-01,Jl. Gajah Mada No. 204,Depok,Jawa Barat,INITIAL
CAE0003694,CUST03060,2024-01-01,Jl. Gajah Mada No. 227,Depok,Jawa Barat,INITIAL
CAE0003695,CUST03061,2024-01-01,Jl. Sudirman No. 40,Surabaya,Jawa Timur,INITIAL
CAE0003696,CUST03062,2024-01-01,Jl. Sudirman No. 219,Samarinda,Kalimantan Timur,INITIAL
CAE0003697,CUST03063,2024-01-01,Jl. Gajah Mada No. 221,Depok,Jawa Barat,INITIAL
CAE0003698,CUST03064,2024-01-01,Jl. Sudirman No. 156,Denpasar,Bali,INITIAL
CAE0003699,CUST03064,2026-04-07,Jl. Sudirman No. 195,Depok,Jawa Barat,MOVE
CAE0003700,CUST03065,2024-01-01,Jl. Diponegoro No. 168,Bogor,Jawa Barat,INITIAL
CAE0003701,CUST03066,2024-01-01,Jl. Kenanga No. 2,Makassar,Sulawesi Selatan,INITIAL
CAE0003702,CUST03066,2025-03-24,Jl. Melati No. 69,Surabaya,Jawa Timur,MOVE
CAE0003703,CUST03067,2024-01-01,Jl. Kenanga No. 97,Surabaya,Jawa Timur,INITIAL
CAE0003704,CUST03068,2024-01-01,Jl. Kenanga No. 103,Bogor,Jawa Barat,INITIAL
CAE0003705,CUST03069,2024-01-01,Jl. Sudirman No. 5,Bekasi,Jawa Barat,INITIAL
CAE0003706,CUST03070,2024-01-01,Jl. Melati No. 119,Surabaya,Jawa Timur,INITIAL
CAE0003707,CUST03071,2024-01-01,Jl. Gajah Mada No. 172,Bekasi,Jawa Barat,INITIAL
CAE0003708,CUST03071,2025-01-02,Jl. Melati No. 147,Surabaya,Jawa Timur,MOVE
CAE0003709,CUST03072,2024-01-01,Jl. Veteran No. 130,Balikpapan,Kalimantan Timur,INITIAL
CAE0003710,CUST03073,2024-01-01,Jl. Sudirman No. 124,Sleman,DI Yogyakarta,INITIAL
CAE0003711,CUST03074,2024-01-01,Jl. Melati No. 163,Balikpapan,Kalimantan Timur,INITIAL
CAE0003712,CUST03075,2024-01-01,Jl. Merdeka No. 162,Palembang,Sumatera Selatan,INITIAL
CAE0003713,CUST03076,2024-01-01,Jl. Merdeka No. 9,Bandung,Jawa Barat,INITIAL
CAE0003714,CUST03076,2026-08-15,Jl. Veteran No. 52,Bantul,DI Yogyakarta,MOVE
CAE0003715,CUST03077,2024-01-01,Jl. Veteran No. 28,Yogyakarta,DI Yogyakarta,INITIAL
CAE0003716,CUST03078,2024-01-01,Jl. Merdeka No. 84,Semarang,Jawa Tengah,INITIAL
CAE0003717,CUST03078,2026-01-07,Jl. Diponegoro No. 161,Bandung,Jawa Barat,MOVE
CAE0003718,CUST03079,2024-01-01,Jl. Diponegoro No. 232,Denpasar,Bali,INITIAL
CAE0003719,CUST03080,2024-01-01,Jl. Pemuda No. 71,Surakarta,Jawa Tengah,INITIAL
CAE0003720,CUST03081,2024-01-01,Jl. Veteran No. 143,Yogyakarta,DI Yogyakarta,INITIAL
CAE0003721,CUST03082,2024-01-01,Jl. Melati No. 139,Sleman,DI Yogyakarta,INITIAL
CAE0003722,CUST03083,2024-01-01,Jl. Diponegoro No. 96,Malang,Jawa Timur,INITIAL
CAE0003723,CUST03084,2024-01-01,Jl. Gajah Mada No. 104,Pontianak,Kalimantan Barat,INITIAL
CAE0003724,CUST03085,2024-01-01,Jl. Gajah Mada No. 63,Samarinda,Kalimantan Timur,INITIAL
CAE0003725,CUST03086,2024-01-01,Jl. Melati No. 80,Surabaya,Jawa Timur,INITIAL
CAE0003726,CUST03087,2024-01-01,Jl. Merdeka No. 218,Semarang,Jawa Tengah,INITIAL
CAE0003727,CUST03088,2024-01-01,Jl. Pemuda No. 195,Surabaya,Jawa Timur,INITIAL
CAE0003728,CUST03089,2024-01-01,Jl. Sudirman No. 41,Palembang,Sumatera Selatan,INITIAL
CAE0003729,CUST03090,2024-01-01,Jl. Merdeka No. 10,Bandung,Jawa Barat,INITIAL
CAE0003730,CUST03090,2025-05-18,Jl. Veteran No. 234,Malang,Jawa Timur,MOVE
CAE0003731,CUST03091,2024-01-01,Jl. Merdeka No. 95,Bogor,Jawa Barat,INITIAL
CAE0003732,CUST03092,2024-01-01,Jl. Diponegoro No. 162,Samarinda,Kalimantan Timur,INITIAL
CAE0003733,CUST03093,2024-01-01,Jl. Gajah Mada No. 11,Bantul,DI Yogyakarta,INITIAL
CAE0003734,CUST03094,2024-01-01,Jl. Gajah Mada No. 180,Makassar,Sulawesi Selatan,INITIAL
CAE0003735,CUST03095,2024-01-01,Jl. Veteran No. 152,Yogyakarta,DI Yogyakarta,INITIAL
CAE0003736,CUST03096,2024-01-01,Jl. Sudirman No. 240,Depok,Jawa Barat,INITIAL
CAE0003737,CUST03097,2024-01-01,Jl. Pemuda No. 14,Surakarta,Jawa Tengah,INITIAL
CAE0003738,CUST03098,2024-01-01,Jl. Pemuda No. 176,Makassar,Sulawesi Selatan,INITIAL
CAE0003739,CUST03099,2024-01-01,Jl. Merdeka No. 237,Surabaya,Jawa Timur,INITIAL
CAE0003740,CUST03100,2024-01-01,Jl. Gajah Mada No. 98,Pontianak,Kalimantan Barat,INITIAL
CAE0003741,CUST03101,2024-01-01,Jl. Kenanga No. 31,Sleman,DI Yogyakarta,INITIAL
CAE0003742,CUST03102,2024-01-01,Jl. Veteran No. 129,Bantul,DI Yogyakarta,INITIAL
CAE0003743,CUST03102,2025-03-24,Jl. Gajah Mada No. 41,Medan,Sumatera Utara,MOVE
CAE0003744,CUST03103,2024-01-01,Jl. Veteran No. 225,Bantul,DI Yogyakarta,INITIAL
CAE0003745,CUST03104,2024-01-01,Jl. Diponegoro No. 172,Pontianak,Kalimantan Barat,INITIAL
CAE0003746,CUST03104,2025-06-26,Jl. Veteran No. 232,Surabaya,Jawa Timur,MOVE
CAE0003747,CUST03105,2024-01-01,Jl. Kenanga No. 27,Makassar,Sulawesi Selatan,INITIAL
CAE0003748,CUST03106,2024-01-01,Jl. Melati No. 31,Balikpapan,Kalimantan Timur,INITIAL
CAE0003749,CUST03107,2024-01-01,Jl. Diponegoro No. 169,Jakarta,DKI Jakarta,INITIAL
CAE0003750,CUST03108,2024-01-01,Jl. Gajah Mada No. 165,Bogor,Jawa Barat,INITIAL
CAE0003751,CUST03109,2024-01-01,Jl. Pemuda No. 144,Sleman,DI Yogyakarta,INITIAL
CAE0003752,CUST03110,2024-01-01,Jl. Diponegoro No. 145,Depok,Jawa Barat,INITIAL
CAE0003753,CUST03111,2024-01-01,Jl. Gajah Mada No. 95,Depok,Jawa Barat,INITIAL
CAE0003754,CUST03112,2024-01-01,Jl. Gajah Mada No. 99,Samarinda,Kalimantan Timur,INITIAL
CAE0003755,CUST03113,2024-01-01,Jl. Gajah Mada No. 108,Surakarta,Jawa Tengah,INITIAL
CAE0003756,CUST03114,2024-01-01,Jl. Diponegoro No. 153,Pontianak,Kalimantan Barat,INITIAL
CAE0003757,CUST03115,2024-01-01,Jl. Diponegoro No. 15,Palembang,Sumatera Selatan,INITIAL
CAE0003758,CUST03116,2024-01-01,Jl. Kenanga No. 187,Sleman,DI Yogyakarta,INITIAL
CAE0003759,CUST03117,2024-01-01,Jl. Melati No. 216,Semarang,Jawa Tengah,INITIAL
CAE0003760,CUST03118,2024-01-01,Jl. Sudirman No. 48,Malang,Jawa Timur,INITIAL
CAE0003761,CUST03119,2024-01-01,Jl. Melati No. 204,Sleman,DI Yogyakarta,INITIAL
CAE0003762,CUST03120,2024-01-01,Jl. Veteran No. 179,Sleman,DI Yogyakarta,INITIAL
CAE0003763,CUST03121,2024-01-01,Jl. Melati No. 140,Bandung,Jawa Barat,INITIAL
CAE0003764,CUST03121,2025-08-25,Jl. Kenanga No. 112,Denpasar,Bali,MOVE
CAE0003765,CUST03122,2024-01-01,Jl. Melati No. 56,Samarinda,Kalimantan Timur,INITIAL
CAE0003766,CUST03123,2024-01-01,Jl. Sudirman No. 36,Bandung,Jawa Barat,INITIAL
CAE0003767,CUST03124,2024-01-01,Jl. Melati No. 71,Depok,Jawa Barat,INITIAL
CAE0003768,CUST03125,2024-01-01,Jl. Merdeka No. 173,Tangerang,Banten,INITIAL
CAE0003769,CUST03126,2024-01-01,Jl. Gajah Mada No. 98,Tangerang,Banten,INITIAL
CAE0003770,CUST03127,2024-01-01,Jl. Diponegoro No. 126,Pontianak,Kalimantan Barat,INITIAL
CAE0003771,CUST03128,2024-01-01,Jl. Veteran No. 219,Samarinda,Kalimantan Timur,INITIAL
CAE0003772,CUST03128,2025-12-13,Jl. Veteran No. 201,Yogyakarta,DI Yogyakarta,MOVE
CAE0003773,CUST03129,2024-01-01,Jl. Diponegoro No. 176,Denpasar,Bali,INITIAL
CAE0003774,CUST03130,2024-01-01,Jl. Kenanga No. 204,Surabaya,Jawa Timur,INITIAL
CAE0003775,CUST03131,2024-01-01,Jl. Veteran No. 177,Surabaya,Jawa Timur,INITIAL
CAE0003776,CUST03132,2024-01-01,Jl. Diponegoro No. 225,Surabaya,Jawa Timur,INITIAL
CAE0003777,CUST03133,2024-01-01,Jl. Kenanga No. 138,Bantul,DI Yogyakarta,INITIAL
CAE0003778,CUST03133,2026-09-01,Jl. Sudirman No. 55,Palembang,Sumatera Selatan,MOVE
CAE0003779,CUST03134,2024-01-01,Jl. Merdeka No. 39,Bantul,DI Yogyakarta,INITIAL
CAE0003780,CUST03135,2024-01-01,Jl. Gajah Mada No. 21,Bantul,DI Yogyakarta,INITIAL
CAE0003781,CUST03136,2024-01-01,Jl. Sudirman No. 117,Pontianak,Kalimantan Barat,INITIAL
CAE0003782,CUST03137,2024-01-01,Jl. Gajah Mada No. 242,Yogyakarta,DI Yogyakarta,INITIAL
CAE0003783,CUST03138,2024-01-01,Jl. Pemuda No. 39,Semarang,Jawa Tengah,INITIAL
CAE0003784,CUST03139,2024-01-01,Jl. Gajah Mada No. 123,Yogyakarta,DI Yogyakarta,INITIAL
CAE0003785,CUST03140,2024-01-01,Jl. Diponegoro No. 156,Jakarta,DKI Jakarta,INITIAL
CAE0003786,CUST03141,2024-01-01,Jl. Merdeka No. 5,Samarinda,Kalimantan Timur,INITIAL
CAE0003787,CUST03142,2024-01-01,Jl. Diponegoro No. 18,Sleman,DI Yogyakarta,INITIAL
CAE0003788,CUST03143,2024-01-01,Jl. Sudirman No. 127,Surabaya,Jawa Timur,INITIAL
CAE0003789,CUST03144,2024-01-01,Jl. Diponegoro No. 183,Makassar,Sulawesi Selatan,INITIAL
CAE0003790,CUST03144,2025-07-02,Jl. Pemuda No. 84,Medan,Sumatera Utara,MOVE
CAE0003791,CUST03145,2024-01-01,Jl. Diponegoro No. 131,Bekasi,Jawa Barat,INITIAL
CAE0003792,CUST03146,2024-01-01,Jl. Pemuda No. 75,Surakarta,Jawa Tengah,INITIAL
CAE0003793,CUST03147,2024-01-01,Jl. Veteran No. 133,Malang,Jawa Timur,INITIAL
CAE0003794,CUST03148,2024-01-01,Jl. Diponegoro No. 170,Jakarta,DKI Jakarta,INITIAL
CAE0003795,CUST03148,2025-12-04,Jl. Diponegoro No. 84,Balikpapan,Kalimantan Timur,MOVE
CAE0003796,CUST03149,2024-01-01,Jl. Kenanga No. 53,Denpasar,Bali,INITIAL
CAE0003797,CUST03150,2024-01-01,Jl. Pemuda No. 246,Makassar,Sulawesi Selatan,INITIAL
CAE0003798,CUST03151,2024-01-01,Jl. Gajah Mada No. 87,Pontianak,Kalimantan Barat,INITIAL
CAE0003799,CUST03151,2025-10-17,Jl. Gajah Mada No. 141,Denpasar,Bali,MOVE
CAE0003800,CUST03151,2026-01-29,Jl. Gajah Mada No. 186,Bandung,Jawa Barat,MOVE
CAE0003801,CUST03152,2024-01-01,Jl. Pemuda No. 68,Bandung,Jawa Barat,INITIAL
CAE0003802,CUST03152,2025-12-27,Jl. Merdeka No. 21,Depok,Jawa Barat,MOVE
CAE0003803,CUST03153,2024-01-01,Jl. Gajah Mada No. 132,Samarinda,Kalimantan Timur,INITIAL
CAE0003804,CUST03153,2026-04-12,Jl. Merdeka No. 221,Depok,Jawa Barat,MOVE
CAE0003805,CUST03154,2024-01-01,Jl. Gajah Mada No. 121,Bekasi,Jawa Barat,INITIAL
CAE0003806,CUST03155,2024-01-01,Jl. Pemuda No. 242,Jakarta,DKI Jakarta,INITIAL
CAE0003807,CUST03155,2026-08-27,Jl. Gajah Mada No. 82,Surabaya,Jawa Timur,MOVE
CAE0003808,CUST03156,2024-01-01,Jl. Kenanga No. 150,Bandung,Jawa Barat,INITIAL
CAE0003809,CUST03157,2024-01-01,Jl. Pemuda No. 73,Surakarta,Jawa Tengah,INITIAL
CAE0003810,CUST03158,2024-01-01,Jl. Diponegoro No. 64,Surakarta,Jawa Tengah,INITIAL
CAE0003811,CUST03159,2024-01-01,Jl. Pemuda No. 191,Balikpapan,Kalimantan Timur,INITIAL
CAE0003812,CUST03159,2025-08-28,Jl. Melati No. 148,Surabaya,Jawa Timur,MOVE
CAE0003813,CUST03159,2025-09-11,Jl. Merdeka No. 176,Bogor,Jawa Barat,MOVE
CAE0003814,CUST03160,2024-01-01,Jl. Sudirman No. 97,Medan,Sumatera Utara,INITIAL
CAE0003815,CUST03160,2025-07-18,Jl. Diponegoro No. 150,Sleman,DI Yogyakarta,MOVE
CAE0003816,CUST03160,2026-08-20,Jl. Diponegoro No. 43,Malang,Jawa Timur,MOVE
CAE0003817,CUST03161,2024-01-01,Jl. Kenanga No. 195,Tangerang,Banten,INITIAL
CAE0003818,CUST03162,2024-01-01,Jl. Diponegoro No. 108,Balikpapan,Kalimantan Timur,INITIAL
CAE0003819,CUST03163,2024-01-01,Jl. Veteran No. 90,Sleman,DI Yogyakarta,INITIAL
CAE0003820,CUST03164,2024-01-01,Jl. Pemuda No. 210,Jakarta,DKI Jakarta,INITIAL
CAE0003821,CUST03165,2024-01-01,Jl. Veteran No. 211,Semarang,Jawa Tengah,INITIAL
CAE0003822,CUST03166,2024-01-01,Jl. Gajah Mada No. 95,Yogyakarta,DI Yogyakarta,INITIAL
CAE0003823,CUST03166,2026-08-05,Jl. Merdeka No. 132,Bandung,Jawa Barat,MOVE
CAE0003824,CUST03167,2024-01-01,Jl. Pemuda No. 246,Bantul,DI Yogyakarta,INITIAL
CAE0003825,CUST03168,2024-01-01,Jl. Merdeka No. 130,Surakarta,Jawa Tengah,INITIAL
CAE0003826,CUST03169,2024-01-01,Jl. Sudirman No. 115,Bekasi,Jawa Barat,INITIAL
CAE0003827,CUST03170,2024-01-01,Jl. Pemuda No. 206,Bekasi,Jawa Barat,INITIAL
CAE0003828,CUST03171,2024-01-01,Jl. Gajah Mada No. 57,Bogor,Jawa Barat,INITIAL
CAE0003829,CUST03171,2025-06-10,Jl. Diponegoro No. 73,Makassar,Sulawesi Selatan,MOVE
CAE0003830,CUST03172,2024-01-01,Jl. Veteran No. 127,Bantul,DI Yogyakarta,INITIAL
CAE0003831,CUST03172,2026-01-06,Jl. Sudirman No. 208,Balikpapan,Kalimantan Timur,MOVE
CAE0003832,CUST03173,2024-01-01,Jl. Veteran No. 194,Bogor,Jawa Barat,INITIAL
CAE0003833,CUST03173,2026-01-20,Jl. Merdeka No. 239,Yogyakarta,DI Yogyakarta,MOVE
CAE0003834,CUST03173,2026-05-21,Jl. Pemuda No. 90,Tangerang,Banten,MOVE
CAE0003835,CUST03174,2024-01-01,Jl. Veteran No. 164,Bandung,Jawa Barat,INITIAL
CAE0003836,CUST03175,2024-01-01,Jl. Diponegoro No. 113,Surabaya,Jawa Timur,INITIAL
CAE0003837,CUST03176,2024-01-01,Jl. Merdeka No. 1,Medan,Sumatera Utara,INITIAL
CAE0003838,CUST03177,2024-01-01,Jl. Veteran No. 127,Bekasi,Jawa Barat,INITIAL
CAE0003839,CUST03178,2024-01-01,Jl. Pemuda No. 103,Balikpapan,Kalimantan Timur,INITIAL
CAE0003840,CUST03179,2024-01-01,Jl. Merdeka No. 52,Surabaya,Jawa Timur,INITIAL
CAE0003841,CUST03180,2024-01-01,Jl. Melati No. 133,Bandung,Jawa Barat,INITIAL
CAE0003842,CUST03181,2024-01-01,Jl. Sudirman No. 98,Bantul,DI Yogyakarta,INITIAL
CAE0003843,CUST03182,2024-01-01,Jl. Veteran No. 102,Bantul,DI Yogyakarta,INITIAL
CAE0003844,CUST03182,2026-09-02,Jl. Sudirman No. 112,Palembang,Sumatera Selatan,MOVE
CAE0003845,CUST03183,2024-01-01,Jl. Merdeka No. 250,Depok,Jawa Barat,INITIAL
CAE0003846,CUST03184,2024-01-01,Jl. Veteran No. 197,Semarang,Jawa Tengah,INITIAL
CAE0003847,CUST03184,2025-10-24,Jl. Veteran No. 152,Pontianak,Kalimantan Barat,MOVE
CAE0003848,CUST03184,2026-09-19,Jl. Gajah Mada No. 131,Semarang,Jawa Tengah,MOVE
CAE0003849,CUST03185,2024-01-01,Jl. Gajah Mada No. 6,Jakarta,DKI Jakarta,INITIAL
CAE0003850,CUST03186,2024-01-01,Jl. Merdeka No. 106,Palembang,Sumatera Selatan,INITIAL
CAE0003851,CUST03187,2024-01-01,Jl. Diponegoro No. 17,Palembang,Sumatera Selatan,INITIAL
CAE0003852,CUST03188,2024-01-01,Jl. Kenanga No. 32,Denpasar,Bali,INITIAL
CAE0003853,CUST03189,2024-01-01,Jl. Gajah Mada No. 3,Bandung,Jawa Barat,INITIAL
CAE0003854,CUST03190,2024-01-01,Jl. Diponegoro No. 230,Semarang,Jawa Tengah,INITIAL
CAE0003855,CUST03190,2025-08-25,Jl. Veteran No. 79,Surakarta,Jawa Tengah,MOVE
CAE0003856,CUST03191,2024-01-01,Jl. Veteran No. 235,Jakarta,DKI Jakarta,INITIAL
CAE0003857,CUST03192,2024-01-01,Jl. Merdeka No. 10,Denpasar,Bali,INITIAL
CAE0003858,CUST03193,2024-01-01,Jl. Diponegoro No. 166,Bekasi,Jawa Barat,INITIAL
CAE0003859,CUST03194,2024-01-01,Jl. Merdeka No. 122,Jakarta,DKI Jakarta,INITIAL
CAE0003860,CUST03195,2024-01-01,Jl. Gajah Mada No. 101,Samarinda,Kalimantan Timur,INITIAL
CAE0003861,CUST03196,2024-01-01,Jl. Gajah Mada No. 158,Tangerang,Banten,INITIAL
CAE0003862,CUST03196,2025-12-20,Jl. Pemuda No. 64,Yogyakarta,DI Yogyakarta,MOVE
CAE0003863,CUST03197,2024-01-01,Jl. Diponegoro No. 40,Surakarta,Jawa Tengah,INITIAL
CAE0003864,CUST03198,2024-01-01,Jl. Gajah Mada No. 110,Samarinda,Kalimantan Timur,INITIAL
CAE0003865,CUST03199,2024-01-01,Jl. Sudirman No. 180,Yogyakarta,DI Yogyakarta,INITIAL
CAE0003866,CUST03200,2024-01-01,Jl. Melati No. 84,Bantul,DI Yogyakarta,INITIAL
CAE0003867,CUST03201,2024-01-01,Jl. Merdeka No. 27,Semarang,Jawa Tengah,INITIAL
CAE0003868,CUST03202,2024-01-01,Jl. Kenanga No. 2,Bantul,DI Yogyakarta,INITIAL
CAE0003869,CUST03203,2024-01-01,Jl. Veteran No. 172,Bekasi,Jawa Barat,INITIAL
CAE0003870,CUST03204,2024-01-01,Jl. Diponegoro No. 162,Makassar,Sulawesi Selatan,INITIAL
CAE0003871,CUST03205,2024-01-01,Jl. Sudirman No. 153,Malang,Jawa Timur,INITIAL
CAE0003872,CUST03206,2024-01-01,Jl. Merdeka No. 172,Malang,Jawa Timur,INITIAL
CAE0003873,CUST03207,2024-01-01,Jl. Veteran No. 94,Surabaya,Jawa Timur,INITIAL
CAE0003874,CUST03208,2024-01-01,Jl. Sudirman No. 88,Malang,Jawa Timur,INITIAL
CAE0003875,CUST03208,2026-09-04,Jl. Melati No. 193,Surabaya,Jawa Timur,MOVE
CAE0003876,CUST03209,2024-01-01,Jl. Gajah Mada No. 116,Pontianak,Kalimantan Barat,INITIAL
CAE0003877,CUST03210,2024-01-01,Jl. Diponegoro No. 100,Yogyakarta,DI Yogyakarta,INITIAL
CAE0003878,CUST03211,2024-01-01,Jl. Merdeka No. 92,Pontianak,Kalimantan Barat,INITIAL
CAE0003879,CUST03212,2024-01-01,Jl. Merdeka No. 137,Palembang,Sumatera Selatan,INITIAL
CAE0003880,CUST03213,2024-01-01,Jl. Merdeka No. 156,Medan,Sumatera Utara,INITIAL
CAE0003881,CUST03214,2024-01-01,Jl. Sudirman No. 111,Samarinda,Kalimantan Timur,INITIAL
CAE0003882,CUST03215,2024-01-01,Jl. Merdeka No. 75,Denpasar,Bali,INITIAL
CAE0003883,CUST03216,2024-01-01,Jl. Melati No. 131,Surakarta,Jawa Tengah,INITIAL
CAE0003884,CUST03217,2024-01-01,Jl. Pemuda No. 1,Jakarta,DKI Jakarta,INITIAL
CAE0003885,CUST03218,2024-01-01,Jl. Pemuda No. 112,Semarang,Jawa Tengah,INITIAL
CAE0003886,CUST03219,2024-01-01,Jl. Gajah Mada No. 76,Bekasi,Jawa Barat,INITIAL
CAE0003887,CUST03220,2024-01-01,Jl. Merdeka No. 37,Samarinda,Kalimantan Timur,INITIAL
CAE0003888,CUST03221,2024-01-01,Jl. Veteran No. 202,Bandung,Jawa Barat,INITIAL
CAE0003889,CUST03222,2024-01-01,Jl. Gajah Mada No. 121,Depok,Jawa Barat,INITIAL
CAE0003890,CUST03223,2024-01-01,Jl. Diponegoro No. 32,Sleman,DI Yogyakarta,INITIAL
CAE0003891,CUST03224,2024-01-01,Jl. Gajah Mada No. 129,Palembang,Sumatera Selatan,INITIAL
CAE0003892,CUST03225,2024-01-01,Jl. Pemuda No. 184,Makassar,Sulawesi Selatan,INITIAL
CAE0003893,CUST03225,2025-09-02,Jl. Diponegoro No. 205,Surabaya,Jawa Timur,MOVE
CAE0003894,CUST03226,2024-01-01,Jl. Melati No. 170,Palembang,Sumatera Selatan,INITIAL
CAE0003895,CUST03227,2024-01-01,Jl. Merdeka No. 247,Tangerang,Banten,INITIAL
CAE0003896,CUST03228,2024-01-01,Jl. Diponegoro No. 234,Samarinda,Kalimantan Timur,INITIAL
CAE0003897,CUST03228,2026-03-29,Jl. Merdeka No. 27,Malang,Jawa Timur,MOVE
CAE0003898,CUST03229,2024-01-01,Jl. Pemuda No. 164,Makassar,Sulawesi Selatan,INITIAL
CAE0003899,CUST03230,2024-01-01,Jl. Sudirman No. 59,Yogyakarta,DI Yogyakarta,INITIAL
CAE0003900,CUST03231,2024-01-01,Jl. Diponegoro No. 82,Jakarta,DKI Jakarta,INITIAL
CAE0003901,CUST03232,2024-01-01,Jl. Pemuda No. 193,Palembang,Sumatera Selatan,INITIAL
CAE0003902,CUST03233,2024-01-01,Jl. Diponegoro No. 115,Jakarta,DKI Jakarta,INITIAL
CAE0003903,CUST03234,2024-01-01,Jl. Melati No. 174,Tangerang,Banten,INITIAL
CAE0003904,CUST03235,2024-01-01,Jl. Diponegoro No. 228,Jakarta,DKI Jakarta,INITIAL
CAE0003905,CUST03236,2024-01-01,Jl. Pemuda No. 175,Bantul,DI Yogyakarta,INITIAL
CAE0003906,CUST03237,2024-01-01,Jl. Veteran No. 126,Pontianak,Kalimantan Barat,INITIAL
CAE0003907,CUST03238,2024-01-01,Jl. Pemuda No. 245,Semarang,Jawa Tengah,INITIAL
CAE0003908,CUST03239,2024-01-01,Jl. Sudirman No. 150,Medan,Sumatera Utara,INITIAL
CAE0003909,CUST03240,2024-01-01,Jl. Gajah Mada No. 224,Bekasi,Jawa Barat,INITIAL
CAE0003910,CUST03241,2024-01-01,Jl. Pemuda No. 42,Samarinda,Kalimantan Timur,INITIAL
CAE0003911,CUST03242,2024-01-01,Jl. Gajah Mada No. 22,Bogor,Jawa Barat,INITIAL
CAE0003912,CUST03243,2024-01-01,Jl. Melati No. 173,Makassar,Sulawesi Selatan,INITIAL
CAE0003913,CUST03243,2025-02-15,Jl. Veteran No. 106,Malang,Jawa Timur,MOVE
CAE0003914,CUST03244,2024-01-01,Jl. Merdeka No. 85,Medan,Sumatera Utara,INITIAL
CAE0003915,CUST03245,2024-01-01,Jl. Kenanga No. 244,Denpasar,Bali,INITIAL
CAE0003916,CUST03246,2024-01-01,Jl. Gajah Mada No. 84,Bekasi,Jawa Barat,INITIAL
CAE0003917,CUST03247,2024-01-01,Jl. Gajah Mada No. 81,Bandung,Jawa Barat,INITIAL
CAE0003918,CUST03248,2024-01-01,Jl. Diponegoro No. 153,Bekasi,Jawa Barat,INITIAL
CAE0003919,CUST03249,2024-01-01,Jl. Merdeka No. 96,Pontianak,Kalimantan Barat,INITIAL
CAE0003920,CUST03249,2025-08-22,Jl. Melati No. 113,Surakarta,Jawa Tengah,MOVE
CAE0003921,CUST03249,2025-12-05,Jl. Veteran No. 16,Bekasi,Jawa Barat,MOVE
CAE0003922,CUST03250,2024-01-01,Jl. Veteran No. 141,Pontianak,Kalimantan Barat,INITIAL
CAE0003923,CUST03251,2024-01-01,Jl. Kenanga No. 98,Yogyakarta,DI Yogyakarta,INITIAL
CAE0003924,CUST03252,2024-01-01,Jl. Melati No. 150,Bandung,Jawa Barat,INITIAL
CAE0003925,CUST03253,2024-01-01,Jl. Sudirman No. 53,Sleman,DI Yogyakarta,INITIAL
CAE0003926,CUST03254,2024-01-01,Jl. Merdeka No. 121,Balikpapan,Kalimantan Timur,INITIAL
CAE0003927,CUST03255,2024-01-01,Jl. Gajah Mada No. 162,Makassar,Sulawesi Selatan,INITIAL
CAE0003928,CUST03256,2024-01-01,Jl. Gajah Mada No. 38,Bogor,Jawa Barat,INITIAL
CAE0003929,CUST03257,2024-01-01,Jl. Gajah Mada No. 69,Balikpapan,Kalimantan Timur,INITIAL
CAE0003930,CUST03258,2024-01-01,Jl. Pemuda No. 219,Denpasar,Bali,INITIAL
CAE0003931,CUST03259,2024-01-01,Jl. Diponegoro No. 140,Balikpapan,Kalimantan Timur,INITIAL
CAE0003932,CUST03260,2024-01-01,Jl. Kenanga No. 92,Sleman,DI Yogyakarta,INITIAL
CAE0003933,CUST03261,2024-01-01,Jl. Diponegoro No. 182,Palembang,Sumatera Selatan,INITIAL
CAE0003934,CUST03262,2024-01-01,Jl. Pemuda No. 177,Bekasi,Jawa Barat,INITIAL
CAE0003935,CUST03263,2024-01-01,Jl. Veteran No. 38,Surabaya,Jawa Timur,INITIAL
CAE0003936,CUST03264,2024-01-01,Jl. Diponegoro No. 88,Denpasar,Bali,INITIAL
CAE0003937,CUST03265,2024-01-01,Jl. Gajah Mada No. 81,Denpasar,Bali,INITIAL
CAE0003938,CUST03266,2024-01-01,Jl. Diponegoro No. 35,Makassar,Sulawesi Selatan,INITIAL
CAE0003939,CUST03267,2024-01-01,Jl. Veteran No. 161,Depok,Jawa Barat,INITIAL
CAE0003940,CUST03268,2024-01-01,Jl. Merdeka No. 216,Sleman,DI Yogyakarta,INITIAL
CAE0003941,CUST03269,2024-01-01,Jl. Melati No. 243,Samarinda,Kalimantan Timur,INITIAL
CAE0003942,CUST03270,2024-01-01,Jl. Melati No. 167,Denpasar,Bali,INITIAL
CAE0003943,CUST03271,2024-01-01,Jl. Gajah Mada No. 211,Medan,Sumatera Utara,INITIAL
CAE0003944,CUST03272,2024-01-01,Jl. Kenanga No. 72,Surabaya,Jawa Timur,INITIAL
CAE0003945,CUST03273,2024-01-01,Jl. Melati No. 141,Semarang,Jawa Tengah,INITIAL
CAE0003946,CUST03273,2025-01-09,Jl. Merdeka No. 189,Surakarta,Jawa Tengah,MOVE
CAE0003947,CUST03274,2024-01-01,Jl. Diponegoro No. 216,Bandung,Jawa Barat,INITIAL
CAE0003948,CUST03275,2024-01-01,Jl. Pemuda No. 203,Palembang,Sumatera Selatan,INITIAL
CAE0003949,CUST03276,2024-01-01,Jl. Diponegoro No. 111,Depok,Jawa Barat,INITIAL
CAE0003950,CUST03277,2024-01-01,Jl. Pemuda No. 167,Samarinda,Kalimantan Timur,INITIAL
CAE0003951,CUST03278,2024-01-01,Jl. Veteran No. 28,Samarinda,Kalimantan Timur,INITIAL
CAE0003952,CUST03279,2024-01-01,Jl. Merdeka No. 171,Sleman,DI Yogyakarta,INITIAL
CAE0003953,CUST03280,2024-01-01,Jl. Melati No. 112,Bandung,Jawa Barat,INITIAL
CAE0003954,CUST03281,2024-01-01,Jl. Gajah Mada No. 155,Medan,Sumatera Utara,INITIAL
CAE0003955,CUST03282,2024-01-01,Jl. Melati No. 184,Malang,Jawa Timur,INITIAL
CAE0003956,CUST03283,2024-01-01,Jl. Merdeka No. 103,Pontianak,Kalimantan Barat,INITIAL
CAE0003957,CUST03284,2024-01-01,Jl. Veteran No. 80,Surabaya,Jawa Timur,INITIAL
CAE0003958,CUST03285,2024-01-01,Jl. Melati No. 54,Bekasi,Jawa Barat,INITIAL
CAE0003959,CUST03285,2025-09-25,Jl. Sudirman No. 184,Depok,Jawa Barat,MOVE
CAE0003960,CUST03286,2024-01-01,Jl. Merdeka No. 31,Palembang,Sumatera Selatan,INITIAL
CAE0003961,CUST03287,2024-01-01,Jl. Merdeka No. 186,Bekasi,Jawa Barat,INITIAL
CAE0003962,CUST03288,2024-01-01,Jl. Diponegoro No. 160,Bantul,DI Yogyakarta,INITIAL
CAE0003963,CUST03289,2024-01-01,Jl. Melati No. 245,Palembang,Sumatera Selatan,INITIAL
CAE0003964,CUST03290,2024-01-01,Jl. Diponegoro No. 114,Bogor,Jawa Barat,INITIAL
CAE0003965,CUST03290,2026-05-08,Jl. Melati No. 195,Denpasar,Bali,MOVE
CAE0003966,CUST03290,2026-05-25,Jl. Diponegoro No. 129,Malang,Jawa Timur,MOVE
CAE0003967,CUST03291,2024-01-01,Jl. Melati No. 99,Tangerang,Banten,INITIAL
CAE0003968,CUST03292,2024-01-01,Jl. Kenanga No. 171,Balikpapan,Kalimantan Timur,INITIAL
CAE0003969,CUST03292,2025-09-27,Jl. Pemuda No. 202,Bandung,Jawa Barat,MOVE
CAE0003970,CUST03293,2024-01-01,Jl. Merdeka No. 85,Pontianak,Kalimantan Barat,INITIAL
CAE0003971,CUST03294,2024-01-01,Jl. Melati No. 213,Surakarta,Jawa Tengah,INITIAL
CAE0003972,CUST03295,2024-01-01,Jl. Diponegoro No. 146,Balikpapan,Kalimantan Timur,INITIAL
CAE0003973,CUST03296,2024-01-01,Jl. Sudirman No. 203,Bantul,DI Yogyakarta,INITIAL
CAE0003974,CUST03296,2025-03-20,Jl. Kenanga No. 48,Palembang,Sumatera Selatan,MOVE
CAE0003975,CUST03297,2024-01-01,Jl. Gajah Mada No. 92,Bogor,Jawa Barat,INITIAL
CAE0003976,CUST03298,2024-01-01,Jl. Sudirman No. 62,Balikpapan,Kalimantan Timur,INITIAL
CAE0003977,CUST03299,2024-01-01,Jl. Sudirman No. 154,Bantul,DI Yogyakarta,INITIAL
CAE0003978,CUST03300,2024-01-01,Jl. Merdeka No. 224,Makassar,Sulawesi Selatan,INITIAL
CAE0003979,CUST03301,2024-01-01,Jl. Merdeka No. 71,Medan,Sumatera Utara,INITIAL
CAE0003980,CUST03302,2024-01-01,Jl. Pemuda No. 207,Pontianak,Kalimantan Barat,INITIAL
CAE0003981,CUST03303,2024-01-01,Jl. Gajah Mada No. 9,Sleman,DI Yogyakarta,INITIAL
CAE0003982,CUST03304,2024-01-01,Jl. Veteran No. 187,Tangerang,Banten,INITIAL
CAE0003983,CUST03305,2024-01-01,Jl. Gajah Mada No. 246,Surabaya,Jawa Timur,INITIAL
CAE0003984,CUST03306,2024-01-01,Jl. Pemuda No. 147,Bantul,DI Yogyakarta,INITIAL
CAE0003985,CUST03307,2024-01-01,Jl. Melati No. 5,Denpasar,Bali,INITIAL
CAE0003986,CUST03307,2025-01-25,Jl. Melati No. 68,Bogor,Jawa Barat,MOVE
CAE0003987,CUST03308,2024-01-01,Jl. Sudirman No. 250,Depok,Jawa Barat,INITIAL
CAE0003988,CUST03309,2024-01-01,Jl. Gajah Mada No. 20,Semarang,Jawa Tengah,INITIAL
CAE0003989,CUST03310,2024-01-01,Jl. Gajah Mada No. 247,Makassar,Sulawesi Selatan,INITIAL
CAE0003990,CUST03311,2024-01-01,Jl. Veteran No. 28,Sleman,DI Yogyakarta,INITIAL
CAE0003991,CUST03312,2024-01-01,Jl. Veteran No. 119,Samarinda,Kalimantan Timur,INITIAL
CAE0003992,CUST03313,2024-01-01,Jl. Veteran No. 246,Surabaya,Jawa Timur,INITIAL
CAE0003993,CUST03314,2024-01-01,Jl. Kenanga No. 134,Depok,Jawa Barat,INITIAL
CAE0003994,CUST03314,2026-06-27,Jl. Gajah Mada No. 113,Palembang,Sumatera Selatan,MOVE
CAE0003995,CUST03315,2024-01-01,Jl. Kenanga No. 40,Malang,Jawa Timur,INITIAL
CAE0003996,CUST03316,2024-01-01,Jl. Pemuda No. 178,Malang,Jawa Timur,INITIAL
CAE0003997,CUST03317,2024-01-01,Jl. Gajah Mada No. 24,Makassar,Sulawesi Selatan,INITIAL
CAE0003998,CUST03318,2024-01-01,Jl. Pemuda No. 115,Sleman,DI Yogyakarta,INITIAL
CAE0003999,CUST03319,2024-01-01,Jl. Gajah Mada No. 113,Samarinda,Kalimantan Timur,INITIAL
CAE0004000,CUST03320,2024-01-01,Jl. Gajah Mada No. 182,Makassar,Sulawesi Selatan,INITIAL
CAE0004001,CUST03320,2026-09-04,Jl. Gajah Mada No. 34,Bekasi,Jawa Barat,MOVE
CAE0004002,CUST03321,2024-01-01,Jl. Veteran No. 110,Bantul,DI Yogyakarta,INITIAL
CAE0004003,CUST03322,2024-01-01,Jl. Diponegoro No. 130,Surakarta,Jawa Tengah,INITIAL
CAE0004004,CUST03322,2025-09-02,Jl. Merdeka No. 11,Bogor,Jawa Barat,MOVE
CAE0004005,CUST03322,2026-01-16,Jl. Merdeka No. 57,Semarang,Jawa Tengah,MOVE
CAE0004006,CUST03323,2024-01-01,Jl. Merdeka No. 45,Depok,Jawa Barat,INITIAL
CAE0004007,CUST03324,2024-01-01,Jl. Sudirman No. 88,Makassar,Sulawesi Selatan,INITIAL
CAE0004008,CUST03325,2024-01-01,Jl. Veteran No. 16,Medan,Sumatera Utara,INITIAL
CAE0004009,CUST03326,2024-01-01,Jl. Pemuda No. 62,Balikpapan,Kalimantan Timur,INITIAL
CAE0004010,CUST03326,2025-03-04,Jl. Veteran No. 214,Surakarta,Jawa Tengah,MOVE
CAE0004011,CUST03327,2024-01-01,Jl. Sudirman No. 124,Sleman,DI Yogyakarta,INITIAL
CAE0004012,CUST03328,2024-01-01,Jl. Gajah Mada No. 150,Depok,Jawa Barat,INITIAL
CAE0004013,CUST03329,2024-01-01,Jl. Diponegoro No. 47,Makassar,Sulawesi Selatan,INITIAL
CAE0004014,CUST03330,2024-01-01,Jl. Gajah Mada No. 83,Samarinda,Kalimantan Timur,INITIAL
CAE0004015,CUST03331,2024-01-01,Jl. Veteran No. 167,Medan,Sumatera Utara,INITIAL
CAE0004016,CUST03332,2024-01-01,Jl. Pemuda No. 130,Yogyakarta,DI Yogyakarta,INITIAL
CAE0004017,CUST03333,2024-01-01,Jl. Diponegoro No. 121,Bogor,Jawa Barat,INITIAL
CAE0004018,CUST03333,2026-09-22,Jl. Gajah Mada No. 50,Tangerang,Banten,MOVE
CAE0004019,CUST03334,2024-01-01,Jl. Sudirman No. 228,Palembang,Sumatera Selatan,INITIAL
CAE0004020,CUST03335,2024-01-01,Jl. Pemuda No. 216,Denpasar,Bali,INITIAL
CAE0004021,CUST03336,2024-01-01,Jl. Veteran No. 208,Makassar,Sulawesi Selatan,INITIAL
CAE0004022,CUST03337,2024-01-01,Jl. Melati No. 101,Makassar,Sulawesi Selatan,INITIAL
CAE0004023,CUST03338,2024-01-01,Jl. Merdeka No. 28,Pontianak,Kalimantan Barat,INITIAL
CAE0004024,CUST03339,2024-01-01,Jl. Pemuda No. 52,Semarang,Jawa Tengah,INITIAL
CAE0004025,CUST03340,2024-01-01,Jl. Diponegoro No. 55,Samarinda,Kalimantan Timur,INITIAL
CAE0004026,CUST03341,2024-01-01,Jl. Sudirman No. 160,Jakarta,DKI Jakarta,INITIAL
CAE0004027,CUST03342,2024-01-01,Jl. Diponegoro No. 4,Surabaya,Jawa Timur,INITIAL
CAE0004028,CUST03343,2024-01-01,Jl. Merdeka No. 209,Sleman,DI Yogyakarta,INITIAL
CAE0004029,CUST03344,2024-01-01,Jl. Diponegoro No. 234,Medan,Sumatera Utara,INITIAL
CAE0004030,CUST03345,2024-01-01,Jl. Veteran No. 166,Denpasar,Bali,INITIAL
CAE0004031,CUST03346,2024-01-01,Jl. Melati No. 244,Bekasi,Jawa Barat,INITIAL
CAE0004032,CUST03347,2024-01-01,Jl. Sudirman No. 37,Semarang,Jawa Tengah,INITIAL
CAE0004033,CUST03348,2024-01-01,Jl. Melati No. 119,Yogyakarta,DI Yogyakarta,INITIAL
CAE0004034,CUST03349,2024-01-01,Jl. Kenanga No. 246,Pontianak,Kalimantan Barat,INITIAL
CAE0004035,CUST03350,2024-01-01,Jl. Sudirman No. 41,Pontianak,Kalimantan Barat,INITIAL
CAE0004036,CUST03351,2024-01-01,Jl. Pemuda No. 74,Pontianak,Kalimantan Barat,INITIAL
CAE0004037,CUST03352,2024-01-01,Jl. Gajah Mada No. 122,Bogor,Jawa Barat,INITIAL
CAE0004038,CUST03352,2026-09-08,Jl. Sudirman No. 179,Samarinda,Kalimantan Timur,MOVE
CAE0004039,CUST03353,2024-01-01,Jl. Gajah Mada No. 111,Denpasar,Bali,INITIAL
CAE0004040,CUST03354,2024-01-01,Jl. Sudirman No. 74,Balikpapan,Kalimantan Timur,INITIAL
CAE0004041,CUST03355,2024-01-01,Jl. Merdeka No. 49,Samarinda,Kalimantan Timur,INITIAL
CAE0004042,CUST03355,2026-03-16,Jl. Melati No. 200,Balikpapan,Kalimantan Timur,MOVE
CAE0004043,CUST03356,2024-01-01,Jl. Melati No. 176,Bandung,Jawa Barat,INITIAL
CAE0004044,CUST03356,2026-04-27,Jl. Diponegoro No. 200,Medan,Sumatera Utara,MOVE
CAE0004045,CUST03357,2024-01-01,Jl. Gajah Mada No. 19,Bantul,DI Yogyakarta,INITIAL
CAE0004046,CUST03358,2024-01-01,Jl. Diponegoro No. 56,Medan,Sumatera Utara,INITIAL
CAE0004047,CUST03359,2024-01-01,Jl. Gajah Mada No. 76,Semarang,Jawa Tengah,INITIAL
CAE0004048,CUST03360,2024-01-01,Jl. Pemuda No. 2,Pontianak,Kalimantan Barat,INITIAL
CAE0004049,CUST03360,2025-11-25,Jl. Diponegoro No. 153,Surabaya,Jawa Timur,MOVE
CAE0004050,CUST03361,2024-01-01,Jl. Gajah Mada No. 177,Samarinda,Kalimantan Timur,INITIAL
CAE0004051,CUST03362,2024-01-01,Jl. Sudirman No. 135,Medan,Sumatera Utara,INITIAL
CAE0004052,CUST03363,2024-01-01,Jl. Diponegoro No. 149,Sleman,DI Yogyakarta,INITIAL
CAE0004053,CUST03364,2024-01-01,Jl. Melati No. 183,Medan,Sumatera Utara,INITIAL
CAE0004054,CUST03365,2024-01-01,Jl. Sudirman No. 166,Makassar,Sulawesi Selatan,INITIAL
CAE0004055,CUST03365,2025-11-08,Jl. Sudirman No. 51,Bogor,Jawa Barat,MOVE
CAE0004056,CUST03365,2026-04-14,Jl. Merdeka No. 49,Bantul,DI Yogyakarta,MOVE
CAE0004057,CUST03366,2024-01-01,Jl. Pemuda No. 247,Surabaya,Jawa Timur,INITIAL
CAE0004058,CUST03367,2024-01-01,Jl. Gajah Mada No. 249,Medan,Sumatera Utara,INITIAL
CAE0004059,CUST03368,2024-01-01,Jl. Melati No. 46,Bekasi,Jawa Barat,INITIAL
CAE0004060,CUST03369,2024-01-01,Jl. Sudirman No. 224,Semarang,Jawa Tengah,INITIAL
CAE0004061,CUST03370,2024-01-01,Jl. Gajah Mada No. 63,Bantul,DI Yogyakarta,INITIAL
CAE0004062,CUST03371,2024-01-01,Jl. Merdeka No. 177,Samarinda,Kalimantan Timur,INITIAL
CAE0004063,CUST03372,2024-01-01,Jl. Kenanga No. 140,Palembang,Sumatera Selatan,INITIAL
CAE0004064,CUST03373,2024-01-01,Jl. Veteran No. 75,Pontianak,Kalimantan Barat,INITIAL
CAE0004065,CUST03374,2024-01-01,Jl. Pemuda No. 159,Malang,Jawa Timur,INITIAL
CAE0004066,CUST03375,2024-01-01,Jl. Gajah Mada No. 215,Bogor,Jawa Barat,INITIAL
CAE0004067,CUST03376,2024-01-01,Jl. Pemuda No. 217,Tangerang,Banten,INITIAL
CAE0004068,CUST03377,2024-01-01,Jl. Sudirman No. 91,Semarang,Jawa Tengah,INITIAL
CAE0004069,CUST03378,2024-01-01,Jl. Diponegoro No. 125,Sleman,DI Yogyakarta,INITIAL
CAE0004070,CUST03378,2025-03-07,Jl. Gajah Mada No. 176,Balikpapan,Kalimantan Timur,MOVE
CAE0004071,CUST03379,2024-01-01,Jl. Merdeka No. 151,Surakarta,Jawa Tengah,INITIAL
CAE0004072,CUST03380,2024-01-01,Jl. Gajah Mada No. 241,Surakarta,Jawa Tengah,INITIAL
CAE0004073,CUST03380,2025-01-26,Jl. Sudirman No. 199,Balikpapan,Kalimantan Timur,MOVE
CAE0004074,CUST03381,2024-01-01,Jl. Merdeka No. 200,Jakarta,DKI Jakarta,INITIAL
CAE0004075,CUST03382,2024-01-01,Jl. Gajah Mada No. 111,Balikpapan,Kalimantan Timur,INITIAL
CAE0004076,CUST03382,2025-05-13,Jl. Diponegoro No. 64,Surakarta,Jawa Tengah,MOVE
CAE0004077,CUST03383,2024-01-01,Jl. Pemuda No. 243,Balikpapan,Kalimantan Timur,INITIAL
CAE0004078,CUST03384,2024-01-01,Jl. Veteran No. 183,Jakarta,DKI Jakarta,INITIAL
CAE0004079,CUST03384,2026-06-04,Jl. Kenanga No. 233,Yogyakarta,DI Yogyakarta,MOVE
CAE0004080,CUST03385,2024-01-01,Jl. Melati No. 225,Surabaya,Jawa Timur,INITIAL
CAE0004081,CUST03386,2024-01-01,Jl. Pemuda No. 97,Makassar,Sulawesi Selatan,INITIAL
CAE0004082,CUST03386,2026-01-12,Jl. Sudirman No. 92,Bandung,Jawa Barat,MOVE
CAE0004083,CUST03387,2024-01-01,Jl. Sudirman No. 209,Balikpapan,Kalimantan Timur,INITIAL
CAE0004084,CUST03387,2026-07-19,Jl. Pemuda No. 113,Jakarta,DKI Jakarta,MOVE
CAE0004085,CUST03388,2024-01-01,Jl. Merdeka No. 13,Bogor,Jawa Barat,INITIAL
CAE0004086,CUST03389,2024-01-01,Jl. Gajah Mada No. 168,Bandung,Jawa Barat,INITIAL
CAE0004087,CUST03390,2024-01-01,Jl. Veteran No. 44,Surakarta,Jawa Tengah,INITIAL
CAE0004088,CUST03390,2025-11-27,Jl. Veteran No. 41,Surabaya,Jawa Timur,MOVE
CAE0004089,CUST03391,2024-01-01,Jl. Veteran No. 183,Surabaya,Jawa Timur,INITIAL
CAE0004090,CUST03392,2024-01-01,Jl. Diponegoro No. 83,Tangerang,Banten,INITIAL
CAE0004091,CUST03393,2024-01-01,Jl. Merdeka No. 29,Bandung,Jawa Barat,INITIAL
CAE0004092,CUST03394,2024-01-01,Jl. Kenanga No. 248,Samarinda,Kalimantan Timur,INITIAL
CAE0004093,CUST03395,2024-01-01,Jl. Gajah Mada No. 36,Bantul,DI Yogyakarta,INITIAL
CAE0004094,CUST03396,2024-01-01,Jl. Veteran No. 96,Sleman,DI Yogyakarta,INITIAL
CAE0004095,CUST03396,2026-03-12,Jl. Pemuda No. 35,Malang,Jawa Timur,MOVE
CAE0004096,CUST03397,2024-01-01,Jl. Veteran No. 15,Denpasar,Bali,INITIAL
CAE0004097,CUST03398,2024-01-01,Jl. Gajah Mada No. 159,Surabaya,Jawa Timur,INITIAL
CAE0004098,CUST03398,2026-08-20,Jl. Diponegoro No. 209,Pontianak,Kalimantan Barat,MOVE
CAE0004099,CUST03399,2024-01-01,Jl. Melati No. 150,Makassar,Sulawesi Selatan,INITIAL
CAE0004100,CUST03400,2024-01-01,Jl. Gajah Mada No. 156,Bogor,Jawa Barat,INITIAL
CAE0004101,CUST03401,2024-01-01,Jl. Sudirman No. 89,Balikpapan,Kalimantan Timur,INITIAL
CAE0004102,CUST03402,2024-01-01,Jl. Sudirman No. 43,Malang,Jawa Timur,INITIAL
CAE0004103,CUST03402,2025-06-04,Jl. Melati No. 62,Yogyakarta,DI Yogyakarta,MOVE
CAE0004104,CUST03403,2024-01-01,Jl. Merdeka No. 196,Palembang,Sumatera Selatan,INITIAL
CAE0004105,CUST03404,2024-01-01,Jl. Melati No. 133,Tangerang,Banten,INITIAL
CAE0004106,CUST03404,2025-03-12,Jl. Pemuda No. 233,Bantul,DI Yogyakarta,MOVE
CAE0004107,CUST03405,2024-01-01,Jl. Melati No. 178,Bantul,DI Yogyakarta,INITIAL
CAE0004108,CUST03406,2024-01-01,Jl. Pemuda No. 166,Malang,Jawa Timur,INITIAL
CAE0004109,CUST03406,2025-05-06,Jl. Gajah Mada No. 237,Bantul,DI Yogyakarta,MOVE
CAE0004110,CUST03406,2026-07-05,Jl. Merdeka No. 173,Bekasi,Jawa Barat,MOVE
CAE0004111,CUST03407,2024-01-01,Jl. Sudirman No. 160,Depok,Jawa Barat,INITIAL
CAE0004112,CUST03408,2024-01-01,Jl. Kenanga No. 134,Malang,Jawa Timur,INITIAL
CAE0004113,CUST03408,2025-05-04,Jl. Diponegoro No. 47,Bogor,Jawa Barat,MOVE
CAE0004114,CUST03409,2024-01-01,Jl. Kenanga No. 250,Denpasar,Bali,INITIAL
CAE0004115,CUST03410,2024-01-01,Jl. Pemuda No. 233,Tangerang,Banten,INITIAL
CAE0004116,CUST03410,2026-05-14,Jl. Diponegoro No. 19,Depok,Jawa Barat,MOVE
CAE0004117,CUST03411,2024-01-01,Jl. Kenanga No. 25,Sleman,DI Yogyakarta,INITIAL
CAE0004118,CUST03412,2024-01-01,Jl. Melati No. 80,Pontianak,Kalimantan Barat,INITIAL
CAE0004119,CUST03412,2025-07-08,Jl. Gajah Mada No. 211,Depok,Jawa Barat,MOVE
CAE0004120,CUST03413,2024-01-01,Jl. Pemuda No. 217,Bandung,Jawa Barat,INITIAL
CAE0004121,CUST03414,2024-01-01,Jl. Diponegoro No. 109,Semarang,Jawa Tengah,INITIAL
CAE0004122,CUST03415,2024-01-01,Jl. Merdeka No. 185,Sleman,DI Yogyakarta,INITIAL
CAE0004123,CUST03416,2024-01-01,Jl. Merdeka No. 47,Surakarta,Jawa Tengah,INITIAL
CAE0004124,CUST03417,2024-01-01,Jl. Melati No. 61,Bekasi,Jawa Barat,INITIAL
CAE0004125,CUST03418,2024-01-01,Jl. Kenanga No. 105,Yogyakarta,DI Yogyakarta,INITIAL
CAE0004126,CUST03419,2024-01-01,Jl. Gajah Mada No. 181,Bantul,DI Yogyakarta,INITIAL
CAE0004127,CUST03420,2024-01-01,Jl. Sudirman No. 58,Denpasar,Bali,INITIAL
CAE0004128,CUST03421,2024-01-01,Jl. Gajah Mada No. 95,Jakarta,DKI Jakarta,INITIAL
CAE0004129,CUST03422,2024-01-01,Jl. Veteran No. 35,Makassar,Sulawesi Selatan,INITIAL
CAE0004130,CUST03423,2024-01-01,Jl. Veteran No. 72,Surabaya,Jawa Timur,INITIAL
CAE0004131,CUST03424,2024-01-01,Jl. Diponegoro No. 99,Denpasar,Bali,INITIAL
CAE0004132,CUST03425,2024-01-01,Jl. Melati No. 73,Depok,Jawa Barat,INITIAL
CAE0004133,CUST03426,2024-01-01,Jl. Melati No. 117,Balikpapan,Kalimantan Timur,INITIAL
CAE0004134,CUST03427,2024-01-01,Jl. Pemuda No. 221,Surabaya,Jawa Timur,INITIAL
CAE0004135,CUST03428,2024-01-01,Jl. Gajah Mada No. 41,Surabaya,Jawa Timur,INITIAL
CAE0004136,CUST03428,2025-02-21,Jl. Sudirman No. 240,Bekasi,Jawa Barat,MOVE
CAE0004137,CUST03429,2024-01-01,Jl. Melati No. 160,Yogyakarta,DI Yogyakarta,INITIAL
CAE0004138,CUST03430,2024-01-01,Jl. Melati No. 102,Makassar,Sulawesi Selatan,INITIAL
CAE0004139,CUST03431,2024-01-01,Jl. Merdeka No. 61,Denpasar,Bali,INITIAL
CAE0004140,CUST03432,2024-01-01,Jl. Merdeka No. 138,Malang,Jawa Timur,INITIAL
CAE0004141,CUST03433,2024-01-01,Jl. Kenanga No. 248,Surakarta,Jawa Tengah,INITIAL
CAE0004142,CUST03433,2025-02-18,Jl. Veteran No. 243,Medan,Sumatera Utara,MOVE
CAE0004143,CUST03433,2025-08-02,Jl. Melati No. 27,Sleman,DI Yogyakarta,MOVE
CAE0004144,CUST03434,2024-01-01,Jl. Gajah Mada No. 2,Balikpapan,Kalimantan Timur,INITIAL
CAE0004145,CUST03435,2024-01-01,Jl. Melati No. 250,Bogor,Jawa Barat,INITIAL
CAE0004146,CUST03435,2025-10-10,Jl. Sudirman No. 180,Jakarta,DKI Jakarta,MOVE
CAE0004147,CUST03436,2024-01-01,Jl. Diponegoro No. 147,Pontianak,Kalimantan Barat,INITIAL
CAE0004148,CUST03436,2025-07-02,Jl. Veteran No. 47,Makassar,Sulawesi Selatan,MOVE
CAE0004149,CUST03437,2024-01-01,Jl. Gajah Mada No. 120,Depok,Jawa Barat,INITIAL
CAE0004150,CUST03438,2024-01-01,Jl. Veteran No. 46,Pontianak,Kalimantan Barat,INITIAL
CAE0004151,CUST03438,2025-01-23,Jl. Diponegoro No. 188,Surabaya,Jawa Timur,MOVE
CAE0004152,CUST03439,2024-01-01,Jl. Sudirman No. 14,Denpasar,Bali,INITIAL
CAE0004153,CUST03440,2024-01-01,Jl. Merdeka No. 159,Tangerang,Banten,INITIAL
CAE0004154,CUST03441,2024-01-01,Jl. Veteran No. 54,Depok,Jawa Barat,INITIAL
CAE0004155,CUST03442,2024-01-01,Jl. Sudirman No. 14,Sleman,DI Yogyakarta,INITIAL
CAE0004156,CUST03443,2024-01-01,Jl. Melati No. 165,Surabaya,Jawa Timur,INITIAL
CAE0004157,CUST03444,2024-01-01,Jl. Melati No. 85,Yogyakarta,DI Yogyakarta,INITIAL
CAE0004158,CUST03445,2024-01-01,Jl. Diponegoro No. 5,Bandung,Jawa Barat,INITIAL
CAE0004159,CUST03446,2024-01-01,Jl. Merdeka No. 116,Samarinda,Kalimantan Timur,INITIAL
CAE0004160,CUST03447,2024-01-01,Jl. Diponegoro No. 155,Surakarta,Jawa Tengah,INITIAL
CAE0004161,CUST03447,2025-01-17,Jl. Diponegoro No. 98,Yogyakarta,DI Yogyakarta,MOVE
CAE0004162,CUST03448,2024-01-01,Jl. Pemuda No. 119,Makassar,Sulawesi Selatan,INITIAL
CAE0004163,CUST03449,2024-01-01,Jl. Merdeka No. 5,Surabaya,Jawa Timur,INITIAL
CAE0004164,CUST03450,2024-01-01,Jl. Gajah Mada No. 166,Jakarta,DKI Jakarta,INITIAL
CAE0004165,CUST03451,2024-01-01,Jl. Pemuda No. 221,Pontianak,Kalimantan Barat,INITIAL
CAE0004166,CUST03452,2024-01-01,Jl. Diponegoro No. 191,Yogyakarta,DI Yogyakarta,INITIAL
CAE0004167,CUST03453,2024-01-01,Jl. Veteran No. 175,Samarinda,Kalimantan Timur,INITIAL
CAE0004168,CUST03454,2024-01-01,Jl. Veteran No. 163,Surabaya,Jawa Timur,INITIAL
CAE0004169,CUST03455,2024-01-01,Jl. Veteran No. 22,Samarinda,Kalimantan Timur,INITIAL
CAE0004170,CUST03456,2024-01-01,Jl. Veteran No. 204,Tangerang,Banten,INITIAL
CAE0004171,CUST03457,2024-01-01,Jl. Diponegoro No. 98,Surabaya,Jawa Timur,INITIAL
CAE0004172,CUST03458,2024-01-01,Jl. Kenanga No. 166,Denpasar,Bali,INITIAL
CAE0004173,CUST03459,2024-01-01,Jl. Diponegoro No. 232,Medan,Sumatera Utara,INITIAL
CAE0004174,CUST03460,2024-01-01,Jl. Sudirman No. 116,Surakarta,Jawa Tengah,INITIAL
CAE0004175,CUST03461,2024-01-01,Jl. Merdeka No. 30,Denpasar,Bali,INITIAL
CAE0004176,CUST03462,2024-01-01,Jl. Veteran No. 80,Bogor,Jawa Barat,INITIAL
CAE0004177,CUST03462,2025-05-25,Jl. Kenanga No. 15,Medan,Sumatera Utara,MOVE
CAE0004178,CUST03463,2024-01-01,Jl. Melati No. 97,Tangerang,Banten,INITIAL
CAE0004179,CUST03464,2024-01-01,Jl. Pemuda No. 103,Jakarta,DKI Jakarta,INITIAL
CAE0004180,CUST03465,2024-01-01,Jl. Merdeka No. 219,Bogor,Jawa Barat,INITIAL
CAE0004181,CUST03466,2024-01-01,Jl. Sudirman No. 5,Yogyakarta,DI Yogyakarta,INITIAL
CAE0004182,CUST03467,2024-01-01,Jl. Merdeka No. 94,Sleman,DI Yogyakarta,INITIAL
CAE0004183,CUST03468,2024-01-01,Jl. Merdeka No. 72,Jakarta,DKI Jakarta,INITIAL
CAE0004184,CUST03469,2024-01-01,Jl. Diponegoro No. 170,Bogor,Jawa Barat,INITIAL
CAE0004185,CUST03470,2024-01-01,Jl. Pemuda No. 215,Bekasi,Jawa Barat,INITIAL
CAE0004186,CUST03470,2026-06-19,Jl. Gajah Mada No. 45,Samarinda,Kalimantan Timur,MOVE
CAE0004187,CUST03471,2024-01-01,Jl. Kenanga No. 229,Surabaya,Jawa Timur,INITIAL
CAE0004188,CUST03472,2024-01-01,Jl. Pemuda No. 145,Tangerang,Banten,INITIAL
CAE0004189,CUST03473,2024-01-01,Jl. Diponegoro No. 112,Bekasi,Jawa Barat,INITIAL
CAE0004190,CUST03474,2024-01-01,Jl. Diponegoro No. 136,Balikpapan,Kalimantan Timur,INITIAL
CAE0004191,CUST03475,2024-01-01,Jl. Melati No. 194,Yogyakarta,DI Yogyakarta,INITIAL
CAE0004192,CUST03476,2024-01-01,Jl. Pemuda No. 73,Bogor,Jawa Barat,INITIAL
CAE0004193,CUST03477,2024-01-01,Jl. Gajah Mada No. 199,Semarang,Jawa Tengah,INITIAL
CAE0004194,CUST03478,2024-01-01,Jl. Diponegoro No. 203,Pontianak,Kalimantan Barat,INITIAL
CAE0004195,CUST03479,2024-01-01,Jl. Kenanga No. 173,Malang,Jawa Timur,INITIAL
CAE0004196,CUST03480,2024-01-01,Jl. Sudirman No. 1,Makassar,Sulawesi Selatan,INITIAL
CAE0004197,CUST03481,2024-01-01,Jl. Merdeka No. 232,Surabaya,Jawa Timur,INITIAL
CAE0004198,CUST03482,2024-01-01,Jl. Gajah Mada No. 4,Depok,Jawa Barat,INITIAL
CAE0004199,CUST03482,2025-02-17,Jl. Gajah Mada No. 2,Malang,Jawa Timur,MOVE
CAE0004200,CUST03483,2024-01-01,Jl. Melati No. 243,Pontianak,Kalimantan Barat,INITIAL
CAE0004201,CUST03484,2024-01-01,Jl. Pemuda No. 88,Balikpapan,Kalimantan Timur,INITIAL
CAE0004202,CUST03485,2024-01-01,Jl. Kenanga No. 151,Sleman,DI Yogyakarta,INITIAL
CAE0004203,CUST03486,2024-01-01,Jl. Diponegoro No. 152,Semarang,Jawa Tengah,INITIAL
CAE0004204,CUST03487,2024-01-01,Jl. Merdeka No. 182,Medan,Sumatera Utara,INITIAL
CAE0004205,CUST03488,2024-01-01,Jl. Veteran No. 132,Bandung,Jawa Barat,INITIAL
CAE0004206,CUST03488,2025-02-05,Jl. Sudirman No. 2,Denpasar,Bali,MOVE
CAE0004207,CUST03489,2024-01-01,Jl. Veteran No. 247,Sleman,DI Yogyakarta,INITIAL
CAE0004208,CUST03490,2024-01-01,Jl. Merdeka No. 126,Sleman,DI Yogyakarta,INITIAL
CAE0004209,CUST03491,2024-01-01,Jl. Sudirman No. 197,Surakarta,Jawa Tengah,INITIAL
CAE0004210,CUST03492,2024-01-01,Jl. Merdeka No. 91,Malang,Jawa Timur,INITIAL
CAE0004211,CUST03493,2024-01-01,Jl. Merdeka No. 181,Malang,Jawa Timur,INITIAL
CAE0004212,CUST03494,2024-01-01,Jl. Gajah Mada No. 195,Pontianak,Kalimantan Barat,INITIAL
CAE0004213,CUST03495,2024-01-01,Jl. Diponegoro No. 166,Bogor,Jawa Barat,INITIAL
CAE0004214,CUST03496,2024-01-01,Jl. Veteran No. 86,Bogor,Jawa Barat,INITIAL
CAE0004215,CUST03497,2024-01-01,Jl. Kenanga No. 78,Denpasar,Bali,INITIAL
CAE0004216,CUST03498,2024-01-01,Jl. Merdeka No. 207,Yogyakarta,DI Yogyakarta,INITIAL
CAE0004217,CUST03499,2024-01-01,Jl. Gajah Mada No. 234,Balikpapan,Kalimantan Timur,INITIAL
CAE0004218,CUST03500,2024-01-01,Jl. Pemuda No. 149,Bandung,Jawa Barat,INITIAL
CAE0004219,CUST03500,2025-08-31,Jl. Sudirman No. 73,Depok,Jawa Barat,MOVE
CAE0004220,CUST03501,2024-01-01,Jl. Gajah Mada No. 190,Balikpapan,Kalimantan Timur,INITIAL
CAE0004221,CUST03502,2024-01-01,Jl. Veteran No. 163,Pontianak,Kalimantan Barat,INITIAL
CAE0004222,CUST03502,2026-04-06,Jl. Sudirman No. 122,Sleman,DI Yogyakarta,MOVE
CAE0004223,CUST03503,2024-01-01,Jl. Sudirman No. 214,Depok,Jawa Barat,INITIAL
CAE0004224,CUST03503,2025-05-30,Jl. Sudirman No. 15,Palembang,Sumatera Selatan,MOVE
CAE0004225,CUST03504,2024-01-01,Jl. Kenanga No. 52,Makassar,Sulawesi Selatan,INITIAL
CAE0004226,CUST03505,2024-01-01,Jl. Veteran No. 248,Balikpapan,Kalimantan Timur,INITIAL
CAE0004227,CUST03506,2024-01-01,Jl. Sudirman No. 164,Pontianak,Kalimantan Barat,INITIAL
CAE0004228,CUST03507,2024-01-01,Jl. Pemuda No. 62,Makassar,Sulawesi Selatan,INITIAL
CAE0004229,CUST03508,2024-01-01,Jl. Melati No. 154,Bandung,Jawa Barat,INITIAL
CAE0004230,CUST03509,2024-01-01,Jl. Pemuda No. 55,Jakarta,DKI Jakarta,INITIAL
CAE0004231,CUST03510,2024-01-01,Jl. Sudirman No. 218,Makassar,Sulawesi Selatan,INITIAL
CAE0004232,CUST03511,2024-01-01,Jl. Melati No. 192,Bandung,Jawa Barat,INITIAL
CAE0004233,CUST03512,2024-01-01,Jl. Sudirman No. 110,Depok,Jawa Barat,INITIAL
CAE0004234,CUST03513,2024-01-01,Jl. Gajah Mada No. 214,Semarang,Jawa Tengah,INITIAL
CAE0004235,CUST03514,2024-01-01,Jl. Melati No. 20,Tangerang,Banten,INITIAL
CAE0004236,CUST03515,2024-01-01,Jl. Diponegoro No. 98,Surakarta,Jawa Tengah,INITIAL
CAE0004237,CUST03516,2024-01-01,Jl. Diponegoro No. 77,Surakarta,Jawa Tengah,INITIAL
CAE0004238,CUST03517,2024-01-01,Jl. Melati No. 70,Bantul,DI Yogyakarta,INITIAL
CAE0004239,CUST03518,2024-01-01,Jl. Diponegoro No. 162,Tangerang,Banten,INITIAL
CAE0004240,CUST03519,2024-01-01,Jl. Pemuda No. 190,Bogor,Jawa Barat,INITIAL
CAE0004241,CUST03520,2024-01-01,Jl. Veteran No. 166,Malang,Jawa Timur,INITIAL
CAE0004242,CUST03521,2024-01-01,Jl. Pemuda No. 128,Bantul,DI Yogyakarta,INITIAL
CAE0004243,CUST03522,2024-01-01,Jl. Gajah Mada No. 54,Makassar,Sulawesi Selatan,INITIAL
CAE0004244,CUST03523,2024-01-01,Jl. Veteran No. 228,Medan,Sumatera Utara,INITIAL
CAE0004245,CUST03524,2024-01-01,Jl. Kenanga No. 47,Surakarta,Jawa Tengah,INITIAL
CAE0004246,CUST03524,2025-12-12,Jl. Sudirman No. 142,Denpasar,Bali,MOVE
CAE0004247,CUST03525,2024-01-01,Jl. Merdeka No. 62,Bekasi,Jawa Barat,INITIAL
CAE0004248,CUST03526,2024-01-01,Jl. Veteran No. 98,Depok,Jawa Barat,INITIAL
CAE0004249,CUST03527,2024-01-01,Jl. Pemuda No. 169,Jakarta,DKI Jakarta,INITIAL
CAE0004250,CUST03528,2024-01-01,Jl. Kenanga No. 77,Yogyakarta,DI Yogyakarta,INITIAL
CAE0004251,CUST03529,2024-01-01,Jl. Diponegoro No. 60,Malang,Jawa Timur,INITIAL
CAE0004252,CUST03530,2024-01-01,Jl. Sudirman No. 85,Makassar,Sulawesi Selatan,INITIAL
CAE0004253,CUST03530,2025-02-28,Jl. Diponegoro No. 32,Surabaya,Jawa Timur,MOVE
CAE0004254,CUST03530,2025-10-25,Jl. Diponegoro No. 211,Medan,Sumatera Utara,MOVE
CAE0004255,CUST03531,2024-01-01,Jl. Gajah Mada No. 124,Samarinda,Kalimantan Timur,INITIAL
CAE0004256,CUST03532,2024-01-01,Jl. Veteran No. 18,Bogor,Jawa Barat,INITIAL
CAE0004257,CUST03533,2024-01-01,Jl. Melati No. 65,Bantul,DI Yogyakarta,INITIAL
CAE0004258,CUST03533,2026-02-25,Jl. Gajah Mada No. 169,Malang,Jawa Timur,MOVE
CAE0004259,CUST03534,2024-01-01,Jl. Veteran No. 143,Makassar,Sulawesi Selatan,INITIAL
CAE0004260,CUST03535,2024-01-01,Jl. Diponegoro No. 13,Makassar,Sulawesi Selatan,INITIAL
CAE0004261,CUST03535,2026-01-12,Jl. Pemuda No. 9,Bantul,DI Yogyakarta,MOVE
CAE0004262,CUST03536,2024-01-01,Jl. Diponegoro No. 49,Surabaya,Jawa Timur,INITIAL
CAE0004263,CUST03537,2024-01-01,Jl. Pemuda No. 153,Bandung,Jawa Barat,INITIAL
CAE0004264,CUST03538,2024-01-01,Jl. Sudirman No. 203,Bantul,DI Yogyakarta,INITIAL
CAE0004265,CUST03539,2024-01-01,Jl. Veteran No. 157,Surabaya,Jawa Timur,INITIAL
CAE0004266,CUST03540,2024-01-01,Jl. Veteran No. 226,Surabaya,Jawa Timur,INITIAL
CAE0004267,CUST03540,2025-09-30,Jl. Pemuda No. 172,Makassar,Sulawesi Selatan,MOVE
CAE0004268,CUST03541,2024-01-01,Jl. Sudirman No. 57,Surabaya,Jawa Timur,INITIAL
CAE0004269,CUST03541,2025-11-21,Jl. Pemuda No. 54,Pontianak,Kalimantan Barat,MOVE
CAE0004270,CUST03542,2024-01-01,Jl. Melati No. 9,Samarinda,Kalimantan Timur,INITIAL
CAE0004271,CUST03543,2024-01-01,Jl. Merdeka No. 239,Surabaya,Jawa Timur,INITIAL
CAE0004272,CUST03544,2024-01-01,Jl. Diponegoro No. 75,Bantul,DI Yogyakarta,INITIAL
CAE0004273,CUST03545,2024-01-01,Jl. Veteran No. 198,Samarinda,Kalimantan Timur,INITIAL
CAE0004274,CUST03546,2024-01-01,Jl. Gajah Mada No. 117,Bandung,Jawa Barat,INITIAL
CAE0004275,CUST03547,2024-01-01,Jl. Sudirman No. 107,Jakarta,DKI Jakarta,INITIAL
CAE0004276,CUST03548,2024-01-01,Jl. Gajah Mada No. 197,Surabaya,Jawa Timur,INITIAL
CAE0004277,CUST03548,2025-09-19,Jl. Merdeka No. 71,Balikpapan,Kalimantan Timur,MOVE
CAE0004278,CUST03549,2024-01-01,Jl. Veteran No. 109,Surabaya,Jawa Timur,INITIAL
CAE0004279,CUST03550,2024-01-01,Jl. Merdeka No. 52,Yogyakarta,DI Yogyakarta,INITIAL
CAE0004280,CUST03550,2026-04-23,Jl. Sudirman No. 108,Balikpapan,Kalimantan Timur,MOVE
CAE0004281,CUST03550,2026-06-01,Jl. Kenanga No. 9,Malang,Jawa Timur,MOVE
CAE0004282,CUST03551,2024-01-01,Jl. Sudirman No. 60,Makassar,Sulawesi Selatan,INITIAL
CAE0004283,CUST03551,2025-07-14,Jl. Diponegoro No. 70,Semarang,Jawa Tengah,MOVE
CAE0004284,CUST03552,2024-01-01,Jl. Merdeka No. 151,Yogyakarta,DI Yogyakarta,INITIAL
CAE0004285,CUST03553,2024-01-01,Jl. Veteran No. 245,Surabaya,Jawa Timur,INITIAL
CAE0004286,CUST03554,2024-01-01,Jl. Pemuda No. 48,Pontianak,Kalimantan Barat,INITIAL
CAE0004287,CUST03555,2024-01-01,Jl. Diponegoro No. 199,Palembang,Sumatera Selatan,INITIAL
CAE0004288,CUST03556,2024-01-01,Jl. Melati No. 237,Bogor,Jawa Barat,INITIAL
CAE0004289,CUST03556,2025-01-04,Jl. Veteran No. 167,Malang,Jawa Timur,MOVE
CAE0004290,CUST03557,2024-01-01,Jl. Melati No. 50,Bantul,DI Yogyakarta,INITIAL
CAE0004291,CUST03558,2024-01-01,Jl. Veteran No. 249,Bekasi,Jawa Barat,INITIAL
CAE0004292,CUST03559,2024-01-01,Jl. Gajah Mada No. 114,Bekasi,Jawa Barat,INITIAL
CAE0004293,CUST03560,2024-01-01,Jl. Sudirman No. 59,Bandung,Jawa Barat,INITIAL
CAE0004294,CUST03561,2024-01-01,Jl. Pemuda No. 71,Makassar,Sulawesi Selatan,INITIAL
CAE0004295,CUST03562,2024-01-01,Jl. Sudirman No. 168,Surakarta,Jawa Tengah,INITIAL
CAE0004296,CUST03563,2024-01-01,Jl. Gajah Mada No. 142,Pontianak,Kalimantan Barat,INITIAL
CAE0004297,CUST03564,2024-01-01,Jl. Sudirman No. 107,Surabaya,Jawa Timur,INITIAL
CAE0004298,CUST03564,2025-10-14,Jl. Melati No. 66,Malang,Jawa Timur,MOVE
CAE0004299,CUST03565,2024-01-01,Jl. Diponegoro No. 215,Bandung,Jawa Barat,INITIAL
CAE0004300,CUST03566,2024-01-01,Jl. Sudirman No. 95,Samarinda,Kalimantan Timur,INITIAL
CAE0004301,CUST03567,2024-01-01,Jl. Kenanga No. 158,Samarinda,Kalimantan Timur,INITIAL
CAE0004302,CUST03568,2024-01-01,Jl. Pemuda No. 134,Denpasar,Bali,INITIAL
CAE0004303,CUST03568,2025-07-22,Jl. Sudirman No. 80,Yogyakarta,DI Yogyakarta,MOVE
CAE0004304,CUST03569,2024-01-01,Jl. Melati No. 231,Bantul,DI Yogyakarta,INITIAL
CAE0004305,CUST03570,2024-01-01,Jl. Melati No. 116,Bantul,DI Yogyakarta,INITIAL
CAE0004306,CUST03571,2024-01-01,Jl. Veteran No. 125,Depok,Jawa Barat,INITIAL
CAE0004307,CUST03571,2025-04-20,Jl. Diponegoro No. 203,Balikpapan,Kalimantan Timur,MOVE
CAE0004308,CUST03571,2025-05-26,Jl. Kenanga No. 146,Makassar,Sulawesi Selatan,MOVE
CAE0004309,CUST03572,2024-01-01,Jl. Pemuda No. 39,Balikpapan,Kalimantan Timur,INITIAL
CAE0004310,CUST03572,2025-05-18,Jl. Sudirman No. 190,Denpasar,Bali,MOVE
CAE0004311,CUST03573,2024-01-01,Jl. Diponegoro No. 4,Jakarta,DKI Jakarta,INITIAL
CAE0004312,CUST03574,2024-01-01,Jl. Kenanga No. 100,Malang,Jawa Timur,INITIAL
CAE0004313,CUST03575,2024-01-01,Jl. Gajah Mada No. 162,Yogyakarta,DI Yogyakarta,INITIAL
CAE0004314,CUST03576,2024-01-01,Jl. Pemuda No. 115,Depok,Jawa Barat,INITIAL
CAE0004315,CUST03577,2024-01-01,Jl. Kenanga No. 70,Bogor,Jawa Barat,INITIAL
CAE0004316,CUST03578,2024-01-01,Jl. Pemuda No. 22,Jakarta,DKI Jakarta,INITIAL
CAE0004317,CUST03579,2024-01-01,Jl. Pemuda No. 122,Semarang,Jawa Tengah,INITIAL
CAE0004318,CUST03579,2026-03-11,Jl. Merdeka No. 184,Sleman,DI Yogyakarta,MOVE
CAE0004319,CUST03580,2024-01-01,Jl. Melati No. 184,Denpasar,Bali,INITIAL
CAE0004320,CUST03581,2024-01-01,Jl. Veteran No. 189,Denpasar,Bali,INITIAL
CAE0004321,CUST03582,2024-01-01,Jl. Merdeka No. 149,Makassar,Sulawesi Selatan,INITIAL
CAE0004322,CUST03583,2024-01-01,Jl. Veteran No. 119,Denpasar,Bali,INITIAL
CAE0004323,CUST03584,2024-01-01,Jl. Sudirman No. 9,Surabaya,Jawa Timur,INITIAL
CAE0004324,CUST03585,2024-01-01,Jl. Kenanga No. 240,Bogor,Jawa Barat,INITIAL
CAE0004325,CUST03586,2024-01-01,Jl. Melati No. 210,Bogor,Jawa Barat,INITIAL
CAE0004326,CUST03587,2024-01-01,Jl. Pemuda No. 74,Bekasi,Jawa Barat,INITIAL
CAE0004327,CUST03588,2024-01-01,Jl. Veteran No. 235,Surakarta,Jawa Tengah,INITIAL
CAE0004328,CUST03588,2026-09-10,Jl. Merdeka No. 12,Sleman,DI Yogyakarta,MOVE
CAE0004329,CUST03589,2024-01-01,Jl. Pemuda No. 239,Sleman,DI Yogyakarta,INITIAL
CAE0004330,CUST03589,2026-05-11,Jl. Melati No. 187,Balikpapan,Kalimantan Timur,MOVE
CAE0004331,CUST03590,2024-01-01,Jl. Merdeka No. 175,Pontianak,Kalimantan Barat,INITIAL
CAE0004332,CUST03591,2024-01-01,Jl. Merdeka No. 201,Bekasi,Jawa Barat,INITIAL
CAE0004333,CUST03592,2024-01-01,Jl. Melati No. 210,Pontianak,Kalimantan Barat,INITIAL
CAE0004334,CUST03593,2024-01-01,Jl. Gajah Mada No. 78,Bandung,Jawa Barat,INITIAL
CAE0004335,CUST03594,2024-01-01,Jl. Merdeka No. 187,Bantul,DI Yogyakarta,INITIAL
CAE0004336,CUST03595,2024-01-01,Jl. Sudirman No. 189,Malang,Jawa Timur,INITIAL
CAE0004337,CUST03596,2024-01-01,Jl. Veteran No. 217,Depok,Jawa Barat,INITIAL
CAE0004338,CUST03597,2024-01-01,Jl. Veteran No. 158,Bantul,DI Yogyakarta,INITIAL
CAE0004339,CUST03598,2024-01-01,Jl. Pemuda No. 231,Semarang,Jawa Tengah,INITIAL
CAE0004340,CUST03599,2024-01-01,Jl. Merdeka No. 161,Palembang,Sumatera Selatan,INITIAL
CAE0004341,CUST03600,2024-01-01,Jl. Sudirman No. 45,Bogor,Jawa Barat,INITIAL
CAE0004342,CUST03601,2024-01-01,Jl. Sudirman No. 42,Surabaya,Jawa Timur,INITIAL
CAE0004343,CUST03602,2024-01-01,Jl. Merdeka No. 208,Bogor,Jawa Barat,INITIAL
CAE0004344,CUST03602,2026-05-12,Jl. Sudirman No. 176,Sleman,DI Yogyakarta,MOVE
CAE0004345,CUST03603,2024-01-01,Jl. Veteran No. 229,Medan,Sumatera Utara,INITIAL
CAE0004346,CUST03604,2024-01-01,Jl. Kenanga No. 238,Yogyakarta,DI Yogyakarta,INITIAL
CAE0004347,CUST03605,2024-01-01,Jl. Sudirman No. 181,Malang,Jawa Timur,INITIAL
CAE0004348,CUST03606,2024-01-01,Jl. Kenanga No. 178,Jakarta,DKI Jakarta,INITIAL
CAE0004349,CUST03606,2025-02-26,Jl. Sudirman No. 52,Sleman,DI Yogyakarta,MOVE
CAE0004350,CUST03607,2024-01-01,Jl. Sudirman No. 27,Surakarta,Jawa Tengah,INITIAL
CAE0004351,CUST03608,2024-01-01,Jl. Merdeka No. 115,Bantul,DI Yogyakarta,INITIAL
CAE0004352,CUST03609,2024-01-01,Jl. Melati No. 58,Palembang,Sumatera Selatan,INITIAL
CAE0004353,CUST03610,2024-01-01,Jl. Gajah Mada No. 126,Pontianak,Kalimantan Barat,INITIAL
CAE0004354,CUST03611,2024-01-01,Jl. Sudirman No. 3,Surakarta,Jawa Tengah,INITIAL
CAE0004355,CUST03612,2024-01-01,Jl. Diponegoro No. 221,Bogor,Jawa Barat,INITIAL
CAE0004356,CUST03612,2026-05-17,Jl. Pemuda No. 126,Bandung,Jawa Barat,MOVE
CAE0004357,CUST03613,2024-01-01,Jl. Sudirman No. 105,Bogor,Jawa Barat,INITIAL
CAE0004358,CUST03614,2024-01-01,Jl. Gajah Mada No. 139,Bandung,Jawa Barat,INITIAL
CAE0004359,CUST03615,2024-01-01,Jl. Kenanga No. 37,Pontianak,Kalimantan Barat,INITIAL
CAE0004360,CUST03616,2024-01-01,Jl. Diponegoro No. 197,Surakarta,Jawa Tengah,INITIAL
CAE0004361,CUST03617,2024-01-01,Jl. Veteran No. 170,Bogor,Jawa Barat,INITIAL
CAE0004362,CUST03618,2024-01-01,Jl. Melati No. 176,Surabaya,Jawa Timur,INITIAL
CAE0004363,CUST03619,2024-01-01,Jl. Veteran No. 24,Bantul,DI Yogyakarta,INITIAL
CAE0004364,CUST03620,2024-01-01,Jl. Diponegoro No. 241,Semarang,Jawa Tengah,INITIAL
CAE0004365,CUST03621,2024-01-01,Jl. Melati No. 134,Tangerang,Banten,INITIAL
CAE0004366,CUST03622,2024-01-01,Jl. Sudirman No. 82,Tangerang,Banten,INITIAL
CAE0004367,CUST03623,2024-01-01,Jl. Kenanga No. 9,Yogyakarta,DI Yogyakarta,INITIAL
CAE0004368,CUST03624,2024-01-01,Jl. Pemuda No. 66,Surabaya,Jawa Timur,INITIAL
CAE0004369,CUST03625,2024-01-01,Jl. Gajah Mada No. 25,Makassar,Sulawesi Selatan,INITIAL
CAE0004370,CUST03626,2024-01-01,Jl. Sudirman No. 10,Bantul,DI Yogyakarta,INITIAL
CAE0004371,CUST03627,2024-01-01,Jl. Sudirman No. 196,Sleman,DI Yogyakarta,INITIAL
CAE0004372,CUST03628,2024-01-01,Jl. Diponegoro No. 32,Jakarta,DKI Jakarta,INITIAL
CAE0004373,CUST03629,2024-01-01,Jl. Diponegoro No. 223,Makassar,Sulawesi Selatan,INITIAL
CAE0004374,CUST03630,2024-01-01,Jl. Melati No. 42,Denpasar,Bali,INITIAL
CAE0004375,CUST03631,2024-01-01,Jl. Merdeka No. 156,Surabaya,Jawa Timur,INITIAL
CAE0004376,CUST03632,2024-01-01,Jl. Kenanga No. 215,Bogor,Jawa Barat,INITIAL
CAE0004377,CUST03633,2024-01-01,Jl. Sudirman No. 169,Yogyakarta,DI Yogyakarta,INITIAL
CAE0004378,CUST03634,2024-01-01,Jl. Gajah Mada No. 236,Denpasar,Bali,INITIAL
CAE0004379,CUST03635,2024-01-01,Jl. Merdeka No. 237,Palembang,Sumatera Selatan,INITIAL
CAE0004380,CUST03636,2024-01-01,Jl. Pemuda No. 52,Bandung,Jawa Barat,INITIAL
CAE0004381,CUST03637,2024-01-01,Jl. Pemuda No. 150,Tangerang,Banten,INITIAL
CAE0004382,CUST03638,2024-01-01,Jl. Pemuda No. 89,Jakarta,DKI Jakarta,INITIAL
CAE0004383,CUST03639,2024-01-01,Jl. Sudirman No. 39,Palembang,Sumatera Selatan,INITIAL
CAE0004384,CUST03640,2024-01-01,Jl. Merdeka No. 218,Samarinda,Kalimantan Timur,INITIAL
CAE0004385,CUST03641,2024-01-01,Jl. Veteran No. 155,Denpasar,Bali,INITIAL
CAE0004386,CUST03642,2024-01-01,Jl. Kenanga No. 28,Bekasi,Jawa Barat,INITIAL
CAE0004387,CUST03643,2024-01-01,Jl. Diponegoro No. 160,Balikpapan,Kalimantan Timur,INITIAL
CAE0004388,CUST03644,2024-01-01,Jl. Sudirman No. 123,Makassar,Sulawesi Selatan,INITIAL
CAE0004389,CUST03644,2025-06-14,Jl. Pemuda No. 196,Denpasar,Bali,MOVE
CAE0004390,CUST03644,2025-07-10,Jl. Diponegoro No. 99,Palembang,Sumatera Selatan,MOVE
CAE0004391,CUST03645,2024-01-01,Jl. Veteran No. 174,Tangerang,Banten,INITIAL
CAE0004392,CUST03646,2024-01-01,Jl. Veteran No. 193,Bandung,Jawa Barat,INITIAL
CAE0004393,CUST03647,2024-01-01,Jl. Merdeka No. 3,Jakarta,DKI Jakarta,INITIAL
CAE0004394,CUST03648,2024-01-01,Jl. Gajah Mada No. 13,Malang,Jawa Timur,INITIAL
CAE0004395,CUST03648,2025-05-29,Jl. Gajah Mada No. 118,Jakarta,DKI Jakarta,MOVE
CAE0004396,CUST03649,2024-01-01,Jl. Merdeka No. 135,Surakarta,Jawa Tengah,INITIAL
CAE0004397,CUST03649,2025-05-30,Jl. Gajah Mada No. 77,Medan,Sumatera Utara,MOVE
CAE0004398,CUST03650,2024-01-01,Jl. Melati No. 240,Sleman,DI Yogyakarta,INITIAL
CAE0004399,CUST03651,2024-01-01,Jl. Sudirman No. 96,Bandung,Jawa Barat,INITIAL
CAE0004400,CUST03652,2024-01-01,Jl. Merdeka No. 136,Bogor,Jawa Barat,INITIAL
CAE0004401,CUST03653,2024-01-01,Jl. Veteran No. 68,Surakarta,Jawa Tengah,INITIAL
CAE0004402,CUST03654,2024-01-01,Jl. Merdeka No. 106,Depok,Jawa Barat,INITIAL
CAE0004403,CUST03655,2024-01-01,Jl. Diponegoro No. 175,Surakarta,Jawa Tengah,INITIAL
CAE0004404,CUST03655,2025-03-01,Jl. Gajah Mada No. 153,Surabaya,Jawa Timur,MOVE
CAE0004405,CUST03656,2024-01-01,Jl. Pemuda No. 205,Bogor,Jawa Barat,INITIAL
CAE0004406,CUST03657,2024-01-01,Jl. Merdeka No. 90,Makassar,Sulawesi Selatan,INITIAL
CAE0004407,CUST03658,2024-01-01,Jl. Merdeka No. 62,Sleman,DI Yogyakarta,INITIAL
CAE0004408,CUST03659,2024-01-01,Jl. Gajah Mada No. 19,Yogyakarta,DI Yogyakarta,INITIAL
CAE0004409,CUST03660,2024-01-01,Jl. Sudirman No. 104,Malang,Jawa Timur,INITIAL
CAE0004410,CUST03660,2026-05-29,Jl. Sudirman No. 185,Tangerang,Banten,MOVE
CAE0004411,CUST03661,2024-01-01,Jl. Gajah Mada No. 41,Surabaya,Jawa Timur,INITIAL
CAE0004412,CUST03662,2024-01-01,Jl. Kenanga No. 150,Makassar,Sulawesi Selatan,INITIAL
CAE0004413,CUST03662,2025-04-29,Jl. Merdeka No. 18,Malang,Jawa Timur,MOVE
CAE0004414,CUST03663,2024-01-01,Jl. Sudirman No. 136,Depok,Jawa Barat,INITIAL
CAE0004415,CUST03663,2025-11-10,Jl. Gajah Mada No. 118,Bekasi,Jawa Barat,MOVE
CAE0004416,CUST03664,2024-01-01,Jl. Gajah Mada No. 122,Bekasi,Jawa Barat,INITIAL
CAE0004417,CUST03665,2024-01-01,Jl. Merdeka No. 176,Medan,Sumatera Utara,INITIAL
CAE0004418,CUST03666,2024-01-01,Jl. Kenanga No. 15,Bantul,DI Yogyakarta,INITIAL
CAE0004419,CUST03666,2026-07-05,Jl. Pemuda No. 231,Tangerang,Banten,MOVE
CAE0004420,CUST03667,2024-01-01,Jl. Gajah Mada No. 194,Bantul,DI Yogyakarta,INITIAL
CAE0004421,CUST03667,2026-03-06,Jl. Gajah Mada No. 213,Malang,Jawa Timur,MOVE
CAE0004422,CUST03668,2024-01-01,Jl. Melati No. 95,Yogyakarta,DI Yogyakarta,INITIAL
CAE0004423,CUST03669,2024-01-01,Jl. Diponegoro No. 86,Depok,Jawa Barat,INITIAL
CAE0004424,CUST03670,2024-01-01,Jl. Merdeka No. 17,Jakarta,DKI Jakarta,INITIAL
CAE0004425,CUST03671,2024-01-01,Jl. Gajah Mada No. 164,Sleman,DI Yogyakarta,INITIAL
CAE0004426,CUST03672,2024-01-01,Jl. Gajah Mada No. 174,Yogyakarta,DI Yogyakarta,INITIAL
CAE0004427,CUST03673,2024-01-01,Jl. Gajah Mada No. 119,Makassar,Sulawesi Selatan,INITIAL
CAE0004428,CUST03674,2024-01-01,Jl. Kenanga No. 248,Malang,Jawa Timur,INITIAL
CAE0004429,CUST03675,2024-01-01,Jl. Sudirman No. 33,Malang,Jawa Timur,INITIAL
CAE0004430,CUST03676,2024-01-01,Jl. Diponegoro No. 233,Surabaya,Jawa Timur,INITIAL
CAE0004431,CUST03677,2024-01-01,Jl. Pemuda No. 51,Palembang,Sumatera Selatan,INITIAL
CAE0004432,CUST03678,2024-01-01,Jl. Pemuda No. 47,Jakarta,DKI Jakarta,INITIAL
CAE0004433,CUST03679,2024-01-01,Jl. Kenanga No. 53,Bantul,DI Yogyakarta,INITIAL
CAE0004434,CUST03680,2024-01-01,Jl. Veteran No. 144,Yogyakarta,DI Yogyakarta,INITIAL
CAE0004435,CUST03681,2024-01-01,Jl. Pemuda No. 103,Depok,Jawa Barat,INITIAL
CAE0004436,CUST03681,2026-02-08,Jl. Gajah Mada No. 156,Denpasar,Bali,MOVE
CAE0004437,CUST03682,2024-01-01,Jl. Sudirman No. 48,Bantul,DI Yogyakarta,INITIAL
CAE0004438,CUST03683,2024-01-01,Jl. Merdeka No. 128,Medan,Sumatera Utara,INITIAL
CAE0004439,CUST03683,2025-09-19,Jl. Sudirman No. 207,Pontianak,Kalimantan Barat,MOVE
CAE0004440,CUST03684,2024-01-01,Jl. Merdeka No. 72,Yogyakarta,DI Yogyakarta,INITIAL
CAE0004441,CUST03685,2024-01-01,Jl. Melati No. 176,Yogyakarta,DI Yogyakarta,INITIAL
CAE0004442,CUST03686,2024-01-01,Jl. Gajah Mada No. 47,Bantul,DI Yogyakarta,INITIAL
CAE0004443,CUST03686,2025-12-18,Jl. Sudirman No. 128,Palembang,Sumatera Selatan,MOVE
CAE0004444,CUST03687,2024-01-01,Jl. Veteran No. 32,Malang,Jawa Timur,INITIAL
CAE0004445,CUST03688,2024-01-01,Jl. Veteran No. 20,Tangerang,Banten,INITIAL
CAE0004446,CUST03688,2026-07-18,Jl. Merdeka No. 47,Pontianak,Kalimantan Barat,MOVE
CAE0004447,CUST03689,2024-01-01,Jl. Melati No. 84,Balikpapan,Kalimantan Timur,INITIAL
CAE0004448,CUST03690,2024-01-01,Jl. Pemuda No. 74,Depok,Jawa Barat,INITIAL
CAE0004449,CUST03691,2024-01-01,Jl. Sudirman No. 52,Tangerang,Banten,INITIAL
CAE0004450,CUST03692,2024-01-01,Jl. Diponegoro No. 125,Medan,Sumatera Utara,INITIAL
CAE0004451,CUST03693,2024-01-01,Jl. Kenanga No. 45,Bantul,DI Yogyakarta,INITIAL
CAE0004452,CUST03693,2025-04-04,Jl. Kenanga No. 96,Surabaya,Jawa Timur,MOVE
CAE0004453,CUST03693,2026-01-06,Jl. Pemuda No. 216,Yogyakarta,DI Yogyakarta,MOVE
CAE0004454,CUST03694,2024-01-01,Jl. Diponegoro No. 62,Samarinda,Kalimantan Timur,INITIAL
CAE0004455,CUST03695,2024-01-01,Jl. Diponegoro No. 232,Tangerang,Banten,INITIAL
CAE0004456,CUST03696,2024-01-01,Jl. Kenanga No. 70,Denpasar,Bali,INITIAL
CAE0004457,CUST03697,2024-01-01,Jl. Melati No. 27,Malang,Jawa Timur,INITIAL
CAE0004458,CUST03698,2024-01-01,Jl. Gajah Mada No. 197,Makassar,Sulawesi Selatan,INITIAL
CAE0004459,CUST03699,2024-01-01,Jl. Kenanga No. 181,Pontianak,Kalimantan Barat,INITIAL
CAE0004460,CUST03700,2024-01-01,Jl. Pemuda No. 30,Semarang,Jawa Tengah,INITIAL
CAE0004461,CUST03701,2024-01-01,Jl. Kenanga No. 55,Bandung,Jawa Barat,INITIAL
CAE0004462,CUST03702,2024-01-01,Jl. Veteran No. 178,Pontianak,Kalimantan Barat,INITIAL
CAE0004463,CUST03703,2024-01-01,Jl. Gajah Mada No. 215,Malang,Jawa Timur,INITIAL
CAE0004464,CUST03704,2024-01-01,Jl. Kenanga No. 187,Semarang,Jawa Tengah,INITIAL
CAE0004465,CUST03705,2024-01-01,Jl. Sudirman No. 82,Samarinda,Kalimantan Timur,INITIAL
CAE0004466,CUST03706,2024-01-01,Jl. Merdeka No. 211,Surakarta,Jawa Tengah,INITIAL
CAE0004467,CUST03707,2024-01-01,Jl. Kenanga No. 162,Bantul,DI Yogyakarta,INITIAL
CAE0004468,CUST03707,2025-10-10,Jl. Pemuda No. 141,Malang,Jawa Timur,MOVE
CAE0004469,CUST03708,2024-01-01,Jl. Gajah Mada No. 218,Semarang,Jawa Tengah,INITIAL
CAE0004470,CUST03709,2024-01-01,Jl. Merdeka No. 79,Makassar,Sulawesi Selatan,INITIAL
CAE0004471,CUST03710,2024-01-01,Jl. Merdeka No. 244,Depok,Jawa Barat,INITIAL
CAE0004472,CUST03711,2024-01-01,Jl. Pemuda No. 137,Malang,Jawa Timur,INITIAL
CAE0004473,CUST03712,2024-01-01,Jl. Merdeka No. 41,Bekasi,Jawa Barat,INITIAL
CAE0004474,CUST03712,2025-07-23,Jl. Merdeka No. 223,Depok,Jawa Barat,MOVE
CAE0004475,CUST03713,2024-01-01,Jl. Melati No. 157,Pontianak,Kalimantan Barat,INITIAL
CAE0004476,CUST03714,2024-01-01,Jl. Diponegoro No. 130,Jakarta,DKI Jakarta,INITIAL
CAE0004477,CUST03715,2024-01-01,Jl. Kenanga No. 171,Balikpapan,Kalimantan Timur,INITIAL
CAE0004478,CUST03716,2024-01-01,Jl. Kenanga No. 3,Semarang,Jawa Tengah,INITIAL
CAE0004479,CUST03716,2025-12-29,Jl. Merdeka No. 184,Tangerang,Banten,MOVE
CAE0004480,CUST03717,2024-01-01,Jl. Melati No. 45,Bogor,Jawa Barat,INITIAL
CAE0004481,CUST03718,2024-01-01,Jl. Sudirman No. 99,Bogor,Jawa Barat,INITIAL
CAE0004482,CUST03718,2026-08-24,Jl. Kenanga No. 29,Surabaya,Jawa Timur,MOVE
CAE0004483,CUST03718,2026-09-15,Jl. Kenanga No. 244,Medan,Sumatera Utara,MOVE
CAE0004484,CUST03719,2024-01-01,Jl. Kenanga No. 10,Bekasi,Jawa Barat,INITIAL
CAE0004485,CUST03720,2024-01-01,Jl. Kenanga No. 57,Semarang,Jawa Tengah,INITIAL
CAE0004486,CUST03721,2024-01-01,Jl. Diponegoro No. 128,Bantul,DI Yogyakarta,INITIAL
CAE0004487,CUST03722,2024-01-01,Jl. Merdeka No. 210,Balikpapan,Kalimantan Timur,INITIAL
CAE0004488,CUST03723,2024-01-01,Jl. Kenanga No. 215,Samarinda,Kalimantan Timur,INITIAL
CAE0004489,CUST03724,2024-01-01,Jl. Gajah Mada No. 123,Samarinda,Kalimantan Timur,INITIAL
CAE0004490,CUST03724,2025-05-25,Jl. Kenanga No. 204,Semarang,Jawa Tengah,MOVE
CAE0004491,CUST03725,2024-01-01,Jl. Melati No. 245,Depok,Jawa Barat,INITIAL
CAE0004492,CUST03726,2024-01-01,Jl. Sudirman No. 138,Depok,Jawa Barat,INITIAL
CAE0004493,CUST03727,2024-01-01,Jl. Sudirman No. 104,Surabaya,Jawa Timur,INITIAL
CAE0004494,CUST03728,2024-01-01,Jl. Pemuda No. 223,Makassar,Sulawesi Selatan,INITIAL
CAE0004495,CUST03729,2024-01-01,Jl. Sudirman No. 16,Bantul,DI Yogyakarta,INITIAL
CAE0004496,CUST03730,2024-01-01,Jl. Gajah Mada No. 98,Surabaya,Jawa Timur,INITIAL
CAE0004497,CUST03731,2024-01-01,Jl. Sudirman No. 63,Palembang,Sumatera Selatan,INITIAL
CAE0004498,CUST03732,2024-01-01,Jl. Melati No. 247,Sleman,DI Yogyakarta,INITIAL
CAE0004499,CUST03732,2026-04-01,Jl. Gajah Mada No. 168,Pontianak,Kalimantan Barat,MOVE
CAE0004500,CUST03733,2024-01-01,Jl. Merdeka No. 76,Yogyakarta,DI Yogyakarta,INITIAL
CAE0004501,CUST03733,2026-05-12,Jl. Veteran No. 180,Malang,Jawa Timur,MOVE
CAE0004502,CUST03734,2024-01-01,Jl. Diponegoro No. 248,Bantul,DI Yogyakarta,INITIAL
CAE0004503,CUST03735,2024-01-01,Jl. Gajah Mada No. 29,Semarang,Jawa Tengah,INITIAL
CAE0004504,CUST03736,2024-01-01,Jl. Merdeka No. 130,Surabaya,Jawa Timur,INITIAL
CAE0004505,CUST03737,2024-01-01,Jl. Kenanga No. 205,Tangerang,Banten,INITIAL
CAE0004506,CUST03738,2024-01-01,Jl. Merdeka No. 123,Surakarta,Jawa Tengah,INITIAL
CAE0004507,CUST03739,2024-01-01,Jl. Diponegoro No. 126,Makassar,Sulawesi Selatan,INITIAL
CAE0004508,CUST03740,2024-01-01,Jl. Diponegoro No. 178,Surabaya,Jawa Timur,INITIAL
CAE0004509,CUST03741,2024-01-01,Jl. Gajah Mada No. 144,Samarinda,Kalimantan Timur,INITIAL
CAE0004510,CUST03742,2024-01-01,Jl. Pemuda No. 107,Bandung,Jawa Barat,INITIAL
CAE0004511,CUST03742,2026-05-12,Jl. Merdeka No. 91,Bekasi,Jawa Barat,MOVE
CAE0004512,CUST03743,2024-01-01,Jl. Sudirman No. 167,Bogor,Jawa Barat,INITIAL
CAE0004513,CUST03744,2024-01-01,Jl. Gajah Mada No. 30,Balikpapan,Kalimantan Timur,INITIAL
CAE0004514,CUST03745,2024-01-01,Jl. Gajah Mada No. 153,Yogyakarta,DI Yogyakarta,INITIAL
CAE0004515,CUST03746,2024-01-01,Jl. Sudirman No. 202,Surakarta,Jawa Tengah,INITIAL
CAE0004516,CUST03746,2025-01-05,Jl. Gajah Mada No. 117,Jakarta,DKI Jakarta,MOVE
CAE0004517,CUST03747,2024-01-01,Jl. Melati No. 11,Denpasar,Bali,INITIAL
CAE0004518,CUST03747,2026-08-29,Jl. Melati No. 218,Yogyakarta,DI Yogyakarta,MOVE
CAE0004519,CUST03748,2024-01-01,Jl. Melati No. 119,Balikpapan,Kalimantan Timur,INITIAL
CAE0004520,CUST03749,2024-01-01,Jl. Sudirman No. 93,Bekasi,Jawa Barat,INITIAL
CAE0004521,CUST03750,2024-01-01,Jl. Kenanga No. 72,Makassar,Sulawesi Selatan,INITIAL
CAE0004522,CUST03751,2024-01-01,Jl. Pemuda No. 229,Bantul,DI Yogyakarta,INITIAL
CAE0004523,CUST03752,2024-01-01,Jl. Merdeka No. 79,Bogor,Jawa Barat,INITIAL
CAE0004524,CUST03753,2024-01-01,Jl. Veteran No. 97,Semarang,Jawa Tengah,INITIAL
CAE0004525,CUST03754,2024-01-01,Jl. Diponegoro No. 117,Surakarta,Jawa Tengah,INITIAL
CAE0004526,CUST03755,2024-01-01,Jl. Veteran No. 72,Bekasi,Jawa Barat,INITIAL
CAE0004527,CUST03756,2024-01-01,Jl. Kenanga No. 105,Surabaya,Jawa Timur,INITIAL
CAE0004528,CUST03756,2025-06-13,Jl. Merdeka No. 66,Pontianak,Kalimantan Barat,MOVE
CAE0004529,CUST03757,2024-01-01,Jl. Kenanga No. 138,Tangerang,Banten,INITIAL
CAE0004530,CUST03758,2024-01-01,Jl. Merdeka No. 195,Medan,Sumatera Utara,INITIAL
CAE0004531,CUST03759,2024-01-01,Jl. Kenanga No. 249,Yogyakarta,DI Yogyakarta,INITIAL
CAE0004532,CUST03760,2024-01-01,Jl. Sudirman No. 207,Yogyakarta,DI Yogyakarta,INITIAL
CAE0004533,CUST03760,2026-01-15,Jl. Pemuda No. 238,Surakarta,Jawa Tengah,MOVE
CAE0004534,CUST03761,2024-01-01,Jl. Diponegoro No. 33,Pontianak,Kalimantan Barat,INITIAL
CAE0004535,CUST03762,2024-01-01,Jl. Pemuda No. 161,Depok,Jawa Barat,INITIAL
CAE0004536,CUST03763,2024-01-01,Jl. Diponegoro No. 152,Bekasi,Jawa Barat,INITIAL
CAE0004537,CUST03764,2024-01-01,Jl. Kenanga No. 44,Semarang,Jawa Tengah,INITIAL
CAE0004538,CUST03764,2025-08-13,Jl. Kenanga No. 90,Yogyakarta,DI Yogyakarta,MOVE
CAE0004539,CUST03765,2024-01-01,Jl. Kenanga No. 76,Surabaya,Jawa Timur,INITIAL
CAE0004540,CUST03766,2024-01-01,Jl. Diponegoro No. 133,Tangerang,Banten,INITIAL
CAE0004541,CUST03766,2025-03-04,Jl. Merdeka No. 104,Balikpapan,Kalimantan Timur,MOVE
CAE0004542,CUST03767,2024-01-01,Jl. Kenanga No. 12,Jakarta,DKI Jakarta,INITIAL
CAE0004543,CUST03768,2024-01-01,Jl. Kenanga No. 54,Jakarta,DKI Jakarta,INITIAL
CAE0004544,CUST03769,2024-01-01,Jl. Veteran No. 18,Depok,Jawa Barat,INITIAL
CAE0004545,CUST03770,2024-01-01,Jl. Kenanga No. 109,Makassar,Sulawesi Selatan,INITIAL
CAE0004546,CUST03771,2024-01-01,Jl. Diponegoro No. 130,Sleman,DI Yogyakarta,INITIAL
CAE0004547,CUST03772,2024-01-01,Jl. Gajah Mada No. 137,Palembang,Sumatera Selatan,INITIAL
CAE0004548,CUST03773,2024-01-01,Jl. Sudirman No. 131,Bekasi,Jawa Barat,INITIAL
CAE0004549,CUST03774,2024-01-01,Jl. Veteran No. 72,Samarinda,Kalimantan Timur,INITIAL
CAE0004550,CUST03775,2024-01-01,Jl. Pemuda No. 228,Tangerang,Banten,INITIAL
CAE0004551,CUST03776,2024-01-01,Jl. Veteran No. 142,Yogyakarta,DI Yogyakarta,INITIAL
CAE0004552,CUST03776,2026-08-13,Jl. Veteran No. 46,Denpasar,Bali,MOVE
CAE0004553,CUST03777,2024-01-01,Jl. Gajah Mada No. 80,Makassar,Sulawesi Selatan,INITIAL
CAE0004554,CUST03777,2025-08-03,Jl. Gajah Mada No. 206,Malang,Jawa Timur,MOVE
CAE0004555,CUST03778,2024-01-01,Jl. Melati No. 177,Bantul,DI Yogyakarta,INITIAL
CAE0004556,CUST03779,2024-01-01,Jl. Sudirman No. 104,Samarinda,Kalimantan Timur,INITIAL
CAE0004557,CUST03779,2026-01-12,Jl. Pemuda No. 26,Pontianak,Kalimantan Barat,MOVE
CAE0004558,CUST03780,2024-01-01,Jl. Diponegoro No. 79,Jakarta,DKI Jakarta,INITIAL
CAE0004559,CUST03781,2024-01-01,Jl. Pemuda No. 235,Medan,Sumatera Utara,INITIAL
CAE0004560,CUST03782,2024-01-01,Jl. Sudirman No. 69,Semarang,Jawa Tengah,INITIAL
CAE0004561,CUST03783,2024-01-01,Jl. Kenanga No. 150,Samarinda,Kalimantan Timur,INITIAL
CAE0004562,CUST03784,2024-01-01,Jl. Veteran No. 27,Denpasar,Bali,INITIAL
CAE0004563,CUST03785,2024-01-01,Jl. Kenanga No. 94,Depok,Jawa Barat,INITIAL
CAE0004564,CUST03786,2024-01-01,Jl. Veteran No. 83,Medan,Sumatera Utara,INITIAL
CAE0004565,CUST03787,2024-01-01,Jl. Pemuda No. 187,Balikpapan,Kalimantan Timur,INITIAL
CAE0004566,CUST03788,2024-01-01,Jl. Gajah Mada No. 87,Denpasar,Bali,INITIAL
CAE0004567,CUST03788,2026-04-01,Jl. Melati No. 46,Surabaya,Jawa Timur,MOVE
CAE0004568,CUST03788,2026-05-06,Jl. Kenanga No. 229,Yogyakarta,DI Yogyakarta,MOVE
CAE0004569,CUST03789,2024-01-01,Jl. Diponegoro No. 3,Bandung,Jawa Barat,INITIAL
CAE0004570,CUST03790,2024-01-01,Jl. Merdeka No. 126,Makassar,Sulawesi Selatan,INITIAL
CAE0004571,CUST03791,2024-01-01,Jl. Merdeka No. 205,Surabaya,Jawa Timur,INITIAL
CAE0004572,CUST03792,2024-01-01,Jl. Veteran No. 67,Medan,Sumatera Utara,INITIAL
CAE0004573,CUST03793,2024-01-01,Jl. Veteran No. 178,Samarinda,Kalimantan Timur,INITIAL
CAE0004574,CUST03793,2026-03-20,Jl. Melati No. 104,Pontianak,Kalimantan Barat,MOVE
CAE0004575,CUST03794,2024-01-01,Jl. Sudirman No. 60,Bandung,Jawa Barat,INITIAL
CAE0004576,CUST03794,2025-02-02,Jl. Merdeka No. 96,Semarang,Jawa Tengah,MOVE
CAE0004577,CUST03795,2024-01-01,Jl. Sudirman No. 111,Bantul,DI Yogyakarta,INITIAL
CAE0004578,CUST03796,2024-01-01,Jl. Sudirman No. 5,Semarang,Jawa Tengah,INITIAL
CAE0004579,CUST03797,2024-01-01,Jl. Veteran No. 133,Makassar,Sulawesi Selatan,INITIAL
CAE0004580,CUST03797,2025-05-12,Jl. Pemuda No. 45,Samarinda,Kalimantan Timur,MOVE
CAE0004581,CUST03797,2025-11-19,Jl. Gajah Mada No. 112,Sleman,DI Yogyakarta,MOVE
CAE0004582,CUST03798,2024-01-01,Jl. Diponegoro No. 186,Medan,Sumatera Utara,INITIAL
CAE0004583,CUST03799,2024-01-01,Jl. Melati No. 240,Bekasi,Jawa Barat,INITIAL
CAE0004584,CUST03799,2025-08-31,Jl. Diponegoro No. 89,Makassar,Sulawesi Selatan,MOVE
CAE0004585,CUST03800,2024-01-01,Jl. Melati No. 240,Palembang,Sumatera Selatan,INITIAL
CAE0004586,CUST03800,2025-05-09,Jl. Merdeka No. 240,Pontianak,Kalimantan Barat,MOVE
CAE0004587,CUST03800,2025-06-09,Jl. Kenanga No. 46,Sleman,DI Yogyakarta,MOVE
CAE0004588,CUST03801,2024-01-01,Jl. Melati No. 181,Palembang,Sumatera Selatan,INITIAL
CAE0004589,CUST03802,2024-01-01,Jl. Gajah Mada No. 186,Balikpapan,Kalimantan Timur,INITIAL
CAE0004590,CUST03803,2024-01-01,Jl. Gajah Mada No. 29,Palembang,Sumatera Selatan,INITIAL
CAE0004591,CUST03804,2024-01-01,Jl. Pemuda No. 69,Denpasar,Bali,INITIAL
CAE0004592,CUST03805,2024-01-01,Jl. Diponegoro No. 28,Bekasi,Jawa Barat,INITIAL
CAE0004593,CUST03806,2024-01-01,Jl. Veteran No. 76,Depok,Jawa Barat,INITIAL
CAE0004594,CUST03807,2024-01-01,Jl. Sudirman No. 128,Surakarta,Jawa Tengah,INITIAL
CAE0004595,CUST03807,2026-05-28,Jl. Kenanga No. 3,Pontianak,Kalimantan Barat,MOVE
CAE0004596,CUST03808,2024-01-01,Jl. Merdeka No. 16,Yogyakarta,DI Yogyakarta,INITIAL
CAE0004597,CUST03808,2026-05-07,Jl. Sudirman No. 24,Surabaya,Jawa Timur,MOVE
CAE0004598,CUST03808,2026-05-18,Jl. Pemuda No. 114,Depok,Jawa Barat,MOVE
CAE0004599,CUST03809,2024-01-01,Jl. Diponegoro No. 217,Denpasar,Bali,INITIAL
CAE0004600,CUST03809,2025-01-30,Jl. Gajah Mada No. 18,Yogyakarta,DI Yogyakarta,MOVE
CAE0004601,CUST03810,2024-01-01,Jl. Gajah Mada No. 147,Bekasi,Jawa Barat,INITIAL
CAE0004602,CUST03811,2024-01-01,Jl. Diponegoro No. 124,Semarang,Jawa Tengah,INITIAL
CAE0004603,CUST03812,2024-01-01,Jl. Kenanga No. 97,Samarinda,Kalimantan Timur,INITIAL
CAE0004604,CUST03813,2024-01-01,Jl. Pemuda No. 172,Depok,Jawa Barat,INITIAL
CAE0004605,CUST03813,2026-02-24,Jl. Melati No. 146,Bekasi,Jawa Barat,MOVE
CAE0004606,CUST03813,2026-05-18,Jl. Veteran No. 2,Tangerang,Banten,MOVE
CAE0004607,CUST03814,2024-01-01,Jl. Sudirman No. 145,Bantul,DI Yogyakarta,INITIAL
CAE0004608,CUST03815,2024-01-01,Jl. Kenanga No. 137,Tangerang,Banten,INITIAL
CAE0004609,CUST03816,2024-01-01,Jl. Pemuda No. 39,Depok,Jawa Barat,INITIAL
CAE0004610,CUST03817,2024-01-01,Jl. Merdeka No. 68,Depok,Jawa Barat,INITIAL
CAE0004611,CUST03818,2024-01-01,Jl. Gajah Mada No. 100,Palembang,Sumatera Selatan,INITIAL
CAE0004612,CUST03819,2024-01-01,Jl. Melati No. 154,Bantul,DI Yogyakarta,INITIAL
CAE0004613,CUST03820,2024-01-01,Jl. Sudirman No. 169,Samarinda,Kalimantan Timur,INITIAL
CAE0004614,CUST03821,2024-01-01,Jl. Merdeka No. 57,Jakarta,DKI Jakarta,INITIAL
CAE0004615,CUST03822,2024-01-01,Jl. Diponegoro No. 122,Balikpapan,Kalimantan Timur,INITIAL
CAE0004616,CUST03823,2024-01-01,Jl. Pemuda No. 74,Yogyakarta,DI Yogyakarta,INITIAL
CAE0004617,CUST03823,2025-09-24,Jl. Kenanga No. 97,Medan,Sumatera Utara,MOVE
CAE0004618,CUST03823,2026-04-19,Jl. Kenanga No. 9,Sleman,DI Yogyakarta,MOVE
CAE0004619,CUST03824,2024-01-01,Jl. Pemuda No. 44,Tangerang,Banten,INITIAL
CAE0004620,CUST03825,2024-01-01,Jl. Melati No. 31,Surakarta,Jawa Tengah,INITIAL
CAE0004621,CUST03826,2024-01-01,Jl. Kenanga No. 25,Sleman,DI Yogyakarta,INITIAL
CAE0004622,CUST03827,2024-01-01,Jl. Diponegoro No. 248,Semarang,Jawa Tengah,INITIAL
CAE0004623,CUST03827,2025-08-21,Jl. Sudirman No. 162,Denpasar,Bali,MOVE
CAE0004624,CUST03828,2024-01-01,Jl. Gajah Mada No. 143,Pontianak,Kalimantan Barat,INITIAL
CAE0004625,CUST03829,2024-01-01,Jl. Diponegoro No. 176,Bekasi,Jawa Barat,INITIAL
CAE0004626,CUST03830,2024-01-01,Jl. Sudirman No. 3,Bekasi,Jawa Barat,INITIAL
CAE0004627,CUST03831,2024-01-01,Jl. Merdeka No. 213,Makassar,Sulawesi Selatan,INITIAL
CAE0004628,CUST03832,2024-01-01,Jl. Diponegoro No. 26,Yogyakarta,DI Yogyakarta,INITIAL
CAE0004629,CUST03833,2024-01-01,Jl. Diponegoro No. 247,Makassar,Sulawesi Selatan,INITIAL
CAE0004630,CUST03834,2024-01-01,Jl. Veteran No. 220,Semarang,Jawa Tengah,INITIAL
CAE0004631,CUST03835,2024-01-01,Jl. Diponegoro No. 69,Makassar,Sulawesi Selatan,INITIAL
CAE0004632,CUST03836,2024-01-01,Jl. Gajah Mada No. 232,Denpasar,Bali,INITIAL
CAE0004633,CUST03836,2025-11-15,Jl. Sudirman No. 214,Sleman,DI Yogyakarta,MOVE
CAE0004634,CUST03836,2026-09-04,Jl. Merdeka No. 152,Palembang,Sumatera Selatan,MOVE
CAE0004635,CUST03837,2024-01-01,Jl. Merdeka No. 199,Samarinda,Kalimantan Timur,INITIAL
CAE0004636,CUST03838,2024-01-01,Jl. Veteran No. 184,Pontianak,Kalimantan Barat,INITIAL
CAE0004637,CUST03839,2024-01-01,Jl. Kenanga No. 217,Sleman,DI Yogyakarta,INITIAL
CAE0004638,CUST03840,2024-01-01,Jl. Merdeka No. 48,Bantul,DI Yogyakarta,INITIAL
CAE0004639,CUST03841,2024-01-01,Jl. Veteran No. 157,Samarinda,Kalimantan Timur,INITIAL
CAE0004640,CUST03842,2024-01-01,Jl. Gajah Mada No. 104,Bogor,Jawa Barat,INITIAL
CAE0004641,CUST03842,2025-05-06,Jl. Kenanga No. 15,Denpasar,Bali,MOVE
CAE0004642,CUST03842,2025-12-19,Jl. Melati No. 27,Depok,Jawa Barat,MOVE
CAE0004643,CUST03843,2024-01-01,Jl. Sudirman No. 167,Samarinda,Kalimantan Timur,INITIAL
CAE0004644,CUST03844,2024-01-01,Jl. Merdeka No. 26,Sleman,DI Yogyakarta,INITIAL
CAE0004645,CUST03845,2024-01-01,Jl. Merdeka No. 53,Balikpapan,Kalimantan Timur,INITIAL
CAE0004646,CUST03846,2024-01-01,Jl. Kenanga No. 19,Jakarta,DKI Jakarta,INITIAL
CAE0004647,CUST03847,2024-01-01,Jl. Gajah Mada No. 126,Semarang,Jawa Tengah,INITIAL
CAE0004648,CUST03848,2024-01-01,Jl. Diponegoro No. 220,Semarang,Jawa Tengah,INITIAL
CAE0004649,CUST03849,2024-01-01,Jl. Gajah Mada No. 235,Yogyakarta,DI Yogyakarta,INITIAL
CAE0004650,CUST03850,2024-01-01,Jl. Sudirman No. 3,Malang,Jawa Timur,INITIAL
CAE0004651,CUST03850,2025-03-17,Jl. Merdeka No. 187,Makassar,Sulawesi Selatan,MOVE
CAE0004652,CUST03851,2024-01-01,Jl. Melati No. 125,Samarinda,Kalimantan Timur,INITIAL
CAE0004653,CUST03852,2024-01-01,Jl. Merdeka No. 165,Medan,Sumatera Utara,INITIAL
CAE0004654,CUST03853,2024-01-01,Jl. Gajah Mada No. 79,Surakarta,Jawa Tengah,INITIAL
CAE0004655,CUST03854,2024-01-01,Jl. Sudirman No. 16,Pontianak,Kalimantan Barat,INITIAL
CAE0004656,CUST03855,2024-01-01,Jl. Sudirman No. 101,Yogyakarta,DI Yogyakarta,INITIAL
CAE0004657,CUST03856,2024-01-01,Jl. Pemuda No. 111,Bekasi,Jawa Barat,INITIAL
CAE0004658,CUST03857,2024-01-01,Jl. Merdeka No. 116,Surabaya,Jawa Timur,INITIAL
CAE0004659,CUST03858,2024-01-01,Jl. Gajah Mada No. 222,Denpasar,Bali,INITIAL
CAE0004660,CUST03859,2024-01-01,Jl. Kenanga No. 194,Palembang,Sumatera Selatan,INITIAL
CAE0004661,CUST03860,2024-01-01,Jl. Kenanga No. 174,Bandung,Jawa Barat,INITIAL
CAE0004662,CUST03861,2024-01-01,Jl. Kenanga No. 17,Pontianak,Kalimantan Barat,INITIAL
CAE0004663,CUST03861,2026-05-26,Jl. Pemuda No. 170,Samarinda,Kalimantan Timur,MOVE
CAE0004664,CUST03862,2024-01-01,Jl. Gajah Mada No. 241,Tangerang,Banten,INITIAL
CAE0004665,CUST03863,2024-01-01,Jl. Pemuda No. 40,Depok,Jawa Barat,INITIAL
CAE0004666,CUST03864,2024-01-01,Jl. Pemuda No. 149,Depok,Jawa Barat,INITIAL
CAE0004667,CUST03865,2024-01-01,Jl. Merdeka No. 211,Denpasar,Bali,INITIAL
CAE0004668,CUST03866,2024-01-01,Jl. Sudirman No. 150,Medan,Sumatera Utara,INITIAL
CAE0004669,CUST03867,2024-01-01,Jl. Diponegoro No. 158,Bekasi,Jawa Barat,INITIAL
CAE0004670,CUST03868,2024-01-01,Jl. Merdeka No. 21,Tangerang,Banten,INITIAL
CAE0004671,CUST03869,2024-01-01,Jl. Veteran No. 126,Makassar,Sulawesi Selatan,INITIAL
CAE0004672,CUST03870,2024-01-01,Jl. Sudirman No. 205,Makassar,Sulawesi Selatan,INITIAL
CAE0004673,CUST03871,2024-01-01,Jl. Merdeka No. 172,Bekasi,Jawa Barat,INITIAL
CAE0004674,CUST03872,2024-01-01,Jl. Melati No. 165,Bandung,Jawa Barat,INITIAL
CAE0004675,CUST03873,2024-01-01,Jl. Merdeka No. 55,Palembang,Sumatera Selatan,INITIAL
CAE0004676,CUST03873,2025-10-15,Jl. Melati No. 131,Denpasar,Bali,MOVE
CAE0004677,CUST03874,2024-01-01,Jl. Gajah Mada No. 12,Makassar,Sulawesi Selatan,INITIAL
CAE0004678,CUST03875,2024-01-01,Jl. Melati No. 41,Samarinda,Kalimantan Timur,INITIAL
CAE0004679,CUST03876,2024-01-01,Jl. Gajah Mada No. 155,Bantul,DI Yogyakarta,INITIAL
CAE0004680,CUST03877,2024-01-01,Jl. Veteran No. 128,Balikpapan,Kalimantan Timur,INITIAL
CAE0004681,CUST03877,2025-02-17,Jl. Melati No. 209,Depok,Jawa Barat,MOVE
CAE0004682,CUST03878,2024-01-01,Jl. Kenanga No. 1,Bogor,Jawa Barat,INITIAL
CAE0004683,CUST03879,2024-01-01,Jl. Melati No. 161,Malang,Jawa Timur,INITIAL
CAE0004684,CUST03880,2024-01-01,Jl. Kenanga No. 132,Bantul,DI Yogyakarta,INITIAL
CAE0004685,CUST03881,2024-01-01,Jl. Kenanga No. 245,Malang,Jawa Timur,INITIAL
CAE0004686,CUST03882,2024-01-01,Jl. Gajah Mada No. 180,Jakarta,DKI Jakarta,INITIAL
CAE0004687,CUST03883,2024-01-01,Jl. Diponegoro No. 28,Medan,Sumatera Utara,INITIAL
CAE0004688,CUST03884,2024-01-01,Jl. Merdeka No. 116,Bogor,Jawa Barat,INITIAL
CAE0004689,CUST03885,2024-01-01,Jl. Gajah Mada No. 133,Surabaya,Jawa Timur,INITIAL
CAE0004690,CUST03886,2024-01-01,Jl. Gajah Mada No. 151,Bandung,Jawa Barat,INITIAL
CAE0004691,CUST03886,2026-03-29,Jl. Kenanga No. 176,Bantul,DI Yogyakarta,MOVE
CAE0004692,CUST03887,2024-01-01,Jl. Merdeka No. 182,Bekasi,Jawa Barat,INITIAL
CAE0004693,CUST03888,2024-01-01,Jl. Merdeka No. 236,Semarang,Jawa Tengah,INITIAL
CAE0004694,CUST03889,2024-01-01,Jl. Kenanga No. 197,Denpasar,Bali,INITIAL
CAE0004695,CUST03889,2025-09-10,Jl. Sudirman No. 73,Makassar,Sulawesi Selatan,MOVE
CAE0004696,CUST03890,2024-01-01,Jl. Merdeka No. 203,Surabaya,Jawa Timur,INITIAL
CAE0004697,CUST03890,2025-01-25,Jl. Diponegoro No. 9,Jakarta,DKI Jakarta,MOVE
CAE0004698,CUST03891,2024-01-01,Jl. Melati No. 239,Surakarta,Jawa Tengah,INITIAL
CAE0004699,CUST03892,2024-01-01,Jl. Melati No. 215,Bantul,DI Yogyakarta,INITIAL
CAE0004700,CUST03893,2024-01-01,Jl. Sudirman No. 90,Yogyakarta,DI Yogyakarta,INITIAL
CAE0004701,CUST03893,2025-10-15,Jl. Kenanga No. 90,Palembang,Sumatera Selatan,MOVE
CAE0004702,CUST03894,2024-01-01,Jl. Melati No. 98,Bogor,Jawa Barat,INITIAL
CAE0004703,CUST03895,2024-01-01,Jl. Diponegoro No. 156,Bogor,Jawa Barat,INITIAL
CAE0004704,CUST03896,2024-01-01,Jl. Pemuda No. 194,Bogor,Jawa Barat,INITIAL
CAE0004705,CUST03897,2024-01-01,Jl. Sudirman No. 107,Surakarta,Jawa Tengah,INITIAL
CAE0004706,CUST03898,2024-01-01,Jl. Sudirman No. 53,Malang,Jawa Timur,INITIAL
CAE0004707,CUST03899,2024-01-01,Jl. Pemuda No. 57,Bekasi,Jawa Barat,INITIAL
CAE0004708,CUST03900,2024-01-01,Jl. Diponegoro No. 247,Bekasi,Jawa Barat,INITIAL
CAE0004709,CUST03900,2026-07-11,Jl. Melati No. 91,Bogor,Jawa Barat,MOVE
CAE0004710,CUST03901,2024-01-01,Jl. Veteran No. 116,Medan,Sumatera Utara,INITIAL
CAE0004711,CUST03902,2024-01-01,Jl. Kenanga No. 173,Balikpapan,Kalimantan Timur,INITIAL
CAE0004712,CUST03903,2024-01-01,Jl. Gajah Mada No. 234,Depok,Jawa Barat,INITIAL
CAE0004713,CUST03904,2024-01-01,Jl. Diponegoro No. 74,Samarinda,Kalimantan Timur,INITIAL
CAE0004714,CUST03904,2025-11-30,Jl. Veteran No. 192,Surakarta,Jawa Tengah,MOVE
CAE0004715,CUST03905,2024-01-01,Jl. Kenanga No. 149,Surabaya,Jawa Timur,INITIAL
CAE0004716,CUST03906,2024-01-01,Jl. Sudirman No. 176,Bandung,Jawa Barat,INITIAL
CAE0004717,CUST03907,2024-01-01,Jl. Kenanga No. 26,Sleman,DI Yogyakarta,INITIAL
CAE0004718,CUST03908,2024-01-01,Jl. Diponegoro No. 182,Depok,Jawa Barat,INITIAL
CAE0004719,CUST03908,2025-03-19,Jl. Veteran No. 95,Sleman,DI Yogyakarta,MOVE
CAE0004720,CUST03909,2024-01-01,Jl. Veteran No. 239,Semarang,Jawa Tengah,INITIAL
CAE0004721,CUST03910,2024-01-01,Jl. Merdeka No. 97,Bekasi,Jawa Barat,INITIAL
CAE0004722,CUST03910,2025-02-14,Jl. Kenanga No. 175,Samarinda,Kalimantan Timur,MOVE
CAE0004723,CUST03910,2025-05-28,Jl. Merdeka No. 128,Malang,Jawa Timur,MOVE
CAE0004724,CUST03911,2024-01-01,Jl. Diponegoro No. 109,Semarang,Jawa Tengah,INITIAL
CAE0004725,CUST03912,2024-01-01,Jl. Melati No. 61,Jakarta,DKI Jakarta,INITIAL
CAE0004726,CUST03913,2024-01-01,Jl. Merdeka No. 209,Tangerang,Banten,INITIAL
CAE0004727,CUST03914,2024-01-01,Jl. Diponegoro No. 93,Makassar,Sulawesi Selatan,INITIAL
CAE0004728,CUST03915,2024-01-01,Jl. Pemuda No. 93,Denpasar,Bali,INITIAL
CAE0004729,CUST03916,2024-01-01,Jl. Veteran No. 14,Samarinda,Kalimantan Timur,INITIAL
CAE0004730,CUST03917,2024-01-01,Jl. Veteran No. 57,Pontianak,Kalimantan Barat,INITIAL
CAE0004731,CUST03917,2025-03-12,Jl. Sudirman No. 246,Malang,Jawa Timur,MOVE
CAE0004732,CUST03917,2026-08-29,Jl. Melati No. 90,Bandung,Jawa Barat,MOVE
CAE0004733,CUST03918,2024-01-01,Jl. Sudirman No. 54,Yogyakarta,DI Yogyakarta,INITIAL
CAE0004734,CUST03919,2024-01-01,Jl. Diponegoro No. 127,Balikpapan,Kalimantan Timur,INITIAL
CAE0004735,CUST03919,2025-06-15,Jl. Merdeka No. 59,Denpasar,Bali,MOVE
CAE0004736,CUST03920,2024-01-01,Jl. Melati No. 30,Yogyakarta,DI Yogyakarta,INITIAL
CAE0004737,CUST03921,2024-01-01,Jl. Gajah Mada No. 28,Bekasi,Jawa Barat,INITIAL
CAE0004738,CUST03922,2024-01-01,Jl. Sudirman No. 48,Samarinda,Kalimantan Timur,INITIAL
CAE0004739,CUST03923,2024-01-01,Jl. Sudirman No. 146,Bogor,Jawa Barat,INITIAL
CAE0004740,CUST03924,2024-01-01,Jl. Kenanga No. 69,Balikpapan,Kalimantan Timur,INITIAL
CAE0004741,CUST03924,2026-08-08,Jl. Diponegoro No. 108,Denpasar,Bali,MOVE
CAE0004742,CUST03925,2024-01-01,Jl. Diponegoro No. 111,Denpasar,Bali,INITIAL
CAE0004743,CUST03925,2026-06-28,Jl. Veteran No. 36,Samarinda,Kalimantan Timur,MOVE
CAE0004744,CUST03926,2024-01-01,Jl. Kenanga No. 42,Malang,Jawa Timur,INITIAL
CAE0004745,CUST03927,2024-01-01,Jl. Diponegoro No. 63,Makassar,Sulawesi Selatan,INITIAL
CAE0004746,CUST03927,2025-04-09,Jl. Diponegoro No. 201,Tangerang,Banten,MOVE
CAE0004747,CUST03928,2024-01-01,Jl. Merdeka No. 146,Medan,Sumatera Utara,INITIAL
CAE0004748,CUST03929,2024-01-01,Jl. Kenanga No. 33,Yogyakarta,DI Yogyakarta,INITIAL
CAE0004749,CUST03930,2024-01-01,Jl. Sudirman No. 18,Sleman,DI Yogyakarta,INITIAL
CAE0004750,CUST03931,2024-01-01,Jl. Melati No. 209,Surabaya,Jawa Timur,INITIAL
CAE0004751,CUST03932,2024-01-01,Jl. Merdeka No. 232,Malang,Jawa Timur,INITIAL
CAE0004752,CUST03933,2024-01-01,Jl. Pemuda No. 224,Surakarta,Jawa Tengah,INITIAL
CAE0004753,CUST03934,2024-01-01,Jl. Melati No. 225,Bekasi,Jawa Barat,INITIAL
CAE0004754,CUST03935,2024-01-01,Jl. Sudirman No. 88,Sleman,DI Yogyakarta,INITIAL
CAE0004755,CUST03936,2024-01-01,Jl. Melati No. 148,Jakarta,DKI Jakarta,INITIAL
CAE0004756,CUST03937,2024-01-01,Jl. Sudirman No. 53,Surabaya,Jawa Timur,INITIAL
CAE0004757,CUST03938,2024-01-01,Jl. Diponegoro No. 67,Bandung,Jawa Barat,INITIAL
CAE0004758,CUST03939,2024-01-01,Jl. Sudirman No. 126,Depok,Jawa Barat,INITIAL
CAE0004759,CUST03940,2024-01-01,Jl. Merdeka No. 116,Balikpapan,Kalimantan Timur,INITIAL
CAE0004760,CUST03941,2024-01-01,Jl. Pemuda No. 249,Bantul,DI Yogyakarta,INITIAL
CAE0004761,CUST03942,2024-01-01,Jl. Merdeka No. 129,Depok,Jawa Barat,INITIAL
CAE0004762,CUST03943,2024-01-01,Jl. Pemuda No. 174,Jakarta,DKI Jakarta,INITIAL
CAE0004763,CUST03944,2024-01-01,Jl. Sudirman No. 117,Medan,Sumatera Utara,INITIAL
CAE0004764,CUST03944,2025-02-24,Jl. Merdeka No. 172,Tangerang,Banten,MOVE
CAE0004765,CUST03944,2025-05-28,Jl. Veteran No. 34,Samarinda,Kalimantan Timur,MOVE
CAE0004766,CUST03945,2024-01-01,Jl. Melati No. 166,Bekasi,Jawa Barat,INITIAL
CAE0004767,CUST03946,2024-01-01,Jl. Kenanga No. 9,Palembang,Sumatera Selatan,INITIAL
CAE0004768,CUST03947,2024-01-01,Jl. Veteran No. 2,Semarang,Jawa Tengah,INITIAL
CAE0004769,CUST03948,2024-01-01,Jl. Veteran No. 206,Balikpapan,Kalimantan Timur,INITIAL
CAE0004770,CUST03949,2024-01-01,Jl. Merdeka No. 20,Balikpapan,Kalimantan Timur,INITIAL
CAE0004771,CUST03950,2024-01-01,Jl. Pemuda No. 147,Bogor,Jawa Barat,INITIAL
CAE0004772,CUST03951,2024-01-01,Jl. Veteran No. 100,Semarang,Jawa Tengah,INITIAL
CAE0004773,CUST03951,2025-04-07,Jl. Melati No. 241,Pontianak,Kalimantan Barat,MOVE
CAE0004774,CUST03952,2024-01-01,Jl. Pemuda No. 134,Surabaya,Jawa Timur,INITIAL
CAE0004775,CUST03953,2024-01-01,Jl. Kenanga No. 1,Balikpapan,Kalimantan Timur,INITIAL
CAE0004776,CUST03954,2024-01-01,Jl. Diponegoro No. 211,Malang,Jawa Timur,INITIAL
CAE0004777,CUST03954,2025-06-13,Jl. Kenanga No. 39,Bantul,DI Yogyakarta,MOVE
CAE0004778,CUST03955,2024-01-01,Jl. Kenanga No. 166,Jakarta,DKI Jakarta,INITIAL
CAE0004779,CUST03956,2024-01-01,Jl. Diponegoro No. 169,Denpasar,Bali,INITIAL
CAE0004780,CUST03957,2024-01-01,Jl. Kenanga No. 162,Tangerang,Banten,INITIAL
CAE0004781,CUST03958,2024-01-01,Jl. Melati No. 10,Bantul,DI Yogyakarta,INITIAL
CAE0004782,CUST03959,2024-01-01,Jl. Gajah Mada No. 236,Pontianak,Kalimantan Barat,INITIAL
CAE0004783,CUST03960,2024-01-01,Jl. Merdeka No. 164,Pontianak,Kalimantan Barat,INITIAL
CAE0004784,CUST03961,2024-01-01,Jl. Pemuda No. 230,Samarinda,Kalimantan Timur,INITIAL
CAE0004785,CUST03962,2024-01-01,Jl. Merdeka No. 234,Denpasar,Bali,INITIAL
CAE0004786,CUST03963,2024-01-01,Jl. Kenanga No. 69,Semarang,Jawa Tengah,INITIAL
CAE0004787,CUST03964,2024-01-01,Jl. Melati No. 226,Medan,Sumatera Utara,INITIAL
CAE0004788,CUST03965,2024-01-01,Jl. Pemuda No. 183,Pontianak,Kalimantan Barat,INITIAL
CAE0004789,CUST03966,2024-01-01,Jl. Diponegoro No. 197,Semarang,Jawa Tengah,INITIAL
CAE0004790,CUST03967,2024-01-01,Jl. Merdeka No. 64,Denpasar,Bali,INITIAL
CAE0004791,CUST03968,2024-01-01,Jl. Pemuda No. 165,Pontianak,Kalimantan Barat,INITIAL
CAE0004792,CUST03969,2024-01-01,Jl. Kenanga No. 211,Bantul,DI Yogyakarta,INITIAL
CAE0004793,CUST03970,2024-01-01,Jl. Melati No. 39,Depok,Jawa Barat,INITIAL
CAE0004794,CUST03970,2025-11-23,Jl. Gajah Mada No. 189,Malang,Jawa Timur,MOVE
CAE0004795,CUST03971,2024-01-01,Jl. Gajah Mada No. 209,Denpasar,Bali,INITIAL
CAE0004796,CUST03972,2024-01-01,Jl. Kenanga No. 231,Depok,Jawa Barat,INITIAL
CAE0004797,CUST03972,2026-03-13,Jl. Kenanga No. 37,Bekasi,Jawa Barat,MOVE
CAE0004798,CUST03973,2024-01-01,Jl. Sudirman No. 226,Yogyakarta,DI Yogyakarta,INITIAL
CAE0004799,CUST03973,2025-09-02,Jl. Diponegoro No. 178,Surabaya,Jawa Timur,MOVE
CAE0004800,CUST03973,2025-12-24,Jl. Kenanga No. 13,Palembang,Sumatera Selatan,MOVE
CAE0004801,CUST03974,2024-01-01,Jl. Sudirman No. 21,Sleman,DI Yogyakarta,INITIAL
CAE0004802,CUST03975,2024-01-01,Jl. Sudirman No. 132,Surabaya,Jawa Timur,INITIAL
CAE0004803,CUST03976,2024-01-01,Jl. Melati No. 184,Depok,Jawa Barat,INITIAL
CAE0004804,CUST03977,2024-01-01,Jl. Merdeka No. 19,Palembang,Sumatera Selatan,INITIAL
CAE0004805,CUST03978,2024-01-01,Jl. Veteran No. 148,Pontianak,Kalimantan Barat,INITIAL
CAE0004806,CUST03979,2024-01-01,Jl. Veteran No. 22,Surakarta,Jawa Tengah,INITIAL
CAE0004807,CUST03980,2024-01-01,Jl. Veteran No. 104,Balikpapan,Kalimantan Timur,INITIAL
CAE0004808,CUST03981,2024-01-01,Jl. Melati No. 102,Yogyakarta,DI Yogyakarta,INITIAL
CAE0004809,CUST03982,2024-01-01,Jl. Veteran No. 57,Palembang,Sumatera Selatan,INITIAL
CAE0004810,CUST03982,2025-09-04,Jl. Kenanga No. 148,Surakarta,Jawa Tengah,MOVE
CAE0004811,CUST03983,2024-01-01,Jl. Gajah Mada No. 237,Tangerang,Banten,INITIAL
CAE0004812,CUST03984,2024-01-01,Jl. Merdeka No. 133,Yogyakarta,DI Yogyakarta,INITIAL
CAE0004813,CUST03985,2024-01-01,Jl. Merdeka No. 158,Bandung,Jawa Barat,INITIAL
CAE0004814,CUST03986,2024-01-01,Jl. Melati No. 206,Bantul,DI Yogyakarta,INITIAL
CAE0004815,CUST03987,2024-01-01,Jl. Merdeka No. 98,Depok,Jawa Barat,INITIAL
CAE0004816,CUST03987,2025-06-22,Jl. Melati No. 235,Pontianak,Kalimantan Barat,MOVE
CAE0004817,CUST03987,2026-07-04,Jl. Pemuda No. 143,Surabaya,Jawa Timur,MOVE
CAE0004818,CUST03988,2024-01-01,Jl. Merdeka No. 111,Balikpapan,Kalimantan Timur,INITIAL
CAE0004819,CUST03989,2024-01-01,Jl. Sudirman No. 33,Sleman,DI Yogyakarta,INITIAL
CAE0004820,CUST03990,2024-01-01,Jl. Kenanga No. 109,Surakarta,Jawa Tengah,INITIAL
CAE0004821,CUST03991,2024-01-01,Jl. Veteran No. 77,Semarang,Jawa Tengah,INITIAL
CAE0004822,CUST03992,2024-01-01,Jl. Melati No. 12,Palembang,Sumatera Selatan,INITIAL
CAE0004823,CUST03992,2026-04-14,Jl. Gajah Mada No. 91,Bogor,Jawa Barat,MOVE
CAE0004824,CUST03993,2024-01-01,Jl. Merdeka No. 122,Samarinda,Kalimantan Timur,INITIAL
CAE0004825,CUST03994,2024-01-01,Jl. Veteran No. 165,Bogor,Jawa Barat,INITIAL
CAE0004826,CUST03995,2024-01-01,Jl. Pemuda No. 108,Depok,Jawa Barat,INITIAL
CAE0004827,CUST03996,2024-01-01,Jl. Gajah Mada No. 41,Sleman,DI Yogyakarta,INITIAL
CAE0004828,CUST03997,2024-01-01,Jl. Diponegoro No. 107,Depok,Jawa Barat,INITIAL
CAE0004829,CUST03998,2024-01-01,Jl. Merdeka No. 178,Yogyakarta,DI Yogyakarta,INITIAL
CAE0004830,CUST03999,2024-01-01,Jl. Diponegoro No. 40,Yogyakarta,DI Yogyakarta,INITIAL
CAE0004831,CUST03999,2026-02-16,Jl. Merdeka No. 4,Depok,Jawa Barat,MOVE
CAE0004832,CUST04000,2024-01-01,Jl. Veteran No. 120,Bekasi,Jawa Barat,INITIAL
CAE0004833,CUST04000,2026-02-06,Jl. Sudirman No. 58,Makassar,Sulawesi Selatan,MOVE
