price_event_id,product_id,effective_date,unit_price,unit_hpp
PPH0000001,PROD00001,2024-01-01,98000,77000
PPH0000002,PROD00001,2025-03-19,107000,67000
PPH0000003,PROD00001,2025-07-22,106000,78000
PPH0000004,PROD00001,2025-12-15,116000,79000
PPH0000005,PROD00001,2026-03-02,126000,100000
PPH0000006,PROD00002,2024-01-01,398000,267000
PPH0000007,PROD00002,2025-06-02,366000,282000
PPH0000008,PROD00002,2026-04-06,368000,300000
PPH0000009,PROD00002,2026-06-20,367000,245000
PPH0000010,PROD00002,2026-08-16,340000,235000
PPH0000011,PROD00003,2024-01-01,455000,346000
PPH0000012,PROD00003,2025-10-13,471000,287000
PPH0000013,PROD00003,2026-06-08,456000,308000
PPH0000014,PROD00004,2024-01-01,892000,653000
PPH0000015,PROD00004,2025-07-14,985000,610000
PPH0000016,PROD00004,2026-01-25,1095000,762000
PPH0000017,PROD00005,2024-01-01,498000,388000
PPH0000018,PROD00005,2025-02-14,550000,418000
PPH0000019,PROD00005,2026-02-28,615000,403000
PPH0000020,PROD00006,2024-01-01,428000,316000
PPH0000021,PROD00006,2026-01-23,426000,274000
PPH0000022,PROD00007,2024-01-01,642000,455000
PPH0000023,PROD00007,2025-03-29,597000,366000
PPH0000024,PROD00007,2026-03-23,626000,470000
PPH0000025,PROD00008,2024-01-01,890000,573000
PPH0000026,PROD00008,2025-09-17,932000,639000
PPH0000027,PROD00008,2026-08-15,972000,686000
PPH0000028,PROD00009,2024-01-01,353000,253000
PPH0000029,PROD00009,2026-06-03,333000,220000
PPH0000030,PROD00010,2024-01-01,468000,346000
PPH0000031,PROD00010,2025-02-16,452000,301000
PPH0000032,PROD00010,2025-04-25,487000,392000
PPH0000033,PROD00010,2025-06-30,461000,276000
PPH0000034,PROD00010,2025-10-16,431000,322000
PPH0000035,PROD00011,2024-01-01,866000,669000
PPH0000036,PROD00011,2025-04-05,809000,529000
PPH0000037,PROD00011,2025-12-12,867000,566000
PPH0000038,PROD00012,2024-01-01,299000,221000
PPH0000039,PROD00012,2026-02-22,311000,193000
PPH0000040,PROD00012,2026-05-07,333000,238000
PPH0000041,PROD00013,2024-01-01,462000,301000
PPH0000042,PROD00013,2025-09-20,503000,398000
PPH0000043,PROD00013,2025-12-24,516000,389000
PPH0000044,PROD00014,2024-01-01,395000,311000
PPH0000045,PROD00014,2025-05-21,404000,267000
PPH0000046,PROD00014,2025-11-17,445000,325000
PPH0000047,PROD00014,2026-03-21,454000,307000
PPH0000048,PROD00014,2026-06-04,458000,288000
PPH0000049,PROD00015,2024-01-01,223000,151000
PPH0000050,PROD00015,2025-04-15,230000,187000
PPH0000051,PROD00015,2026-07-03,235000,177000
PPH0000052,PROD00016,2024-01-01,391000,281000
PPH0000053,PROD00016,2025-06-03,405000,288000
PPH0000054,PROD00016,2025-09-25,407000,334000
PPH0000055,PROD00016,2026-04-10,447000,363000
PPH0000056,PROD00016,2026-05-22,435000,313000
PPH0000057,PROD00017,2024-01-01,411000,268000
PPH0000058,PROD00017,2025-06-30,460000,344000
PPH0000059,PROD00017,2026-08-06,488000,350000
PPH0000060,PROD00018,2024-01-01,253000,182000
PPH0000061,PROD00018,2025-08-01,241000,198000
PPH0000062,PROD00018,2025-08-15,262000,213000
PPH0000063,PROD00019,2024-01-01,410000,299000
PPH0000064,PROD00019,2025-02-24,447000,354000
PPH0000065,PROD00019,2025-05-25,484000,350000
PPH0000066,PROD00019,2026-04-08,457000,280000
PPH0000067,PROD00020,2024-01-01,726000,461000
PPH0000068,PROD00020,2025-06-16,690000,462000
PPH0000069,PROD00020,2025-09-13,699000,512000
PPH0000070,PROD00020,2025-11-03,767000,517000
PPH0000071,PROD00021,2024-01-01,525000,407000
PPH0000072,PROD00021,2025-03-18,536000,314000
PPH0000073,PROD00021,2025-09-05,548000,448000
PPH0000074,PROD00022,2024-01-01,278000,220000
PPH0000075,PROD00022,2026-03-30,306000,229000
PPH0000076,PROD00023,2024-01-01,130000,79000
PPH0000077,PROD00023,2025-12-22,120000,88000
PPH0000078,PROD00023,2026-01-21,131000,81000
PPH0000079,PROD00023,2026-02-06,141000,92000
PPH0000080,PROD00024,2024-01-01,122000,95000
PPH0000081,PROD00024,2025-09-02,130000,102000
PPH0000082,PROD00024,2026-05-31,126000,80000
PPH0000083,PROD00025,2024-01-01,715000,426000
PPH0000084,PROD00025,2025-02-09,734000,438000
PPH0000085,PROD00025,2025-03-20,772000,600000
PPH0000086,PROD00025,2026-09-18,753000,444000
PPH0000087,PROD00026,2024-01-01,327000,242000
PPH0000088,PROD00026,2025-08-14,357000,217000
PPH0000089,PROD00026,2026-04-12,378000,308000
PPH0000090,PROD00026,2026-05-02,391000,263000
PPH0000091,PROD00026,2026-05-14,376000,249000
PPH0000092,PROD00027,2024-01-01,809000,502000
PPH0000093,PROD00027,2025-03-29,903000,599000
PPH0000094,PROD00027,2025-09-18,884000,543000
PPH0000095,PROD00027,2026-04-04,978000,671000
PPH0000096,PROD00028,2024-01-01,126000,87000
PPH0000097,PROD00028,2026-07-10,127000,88000
PPH0000098,PROD00029,2024-01-01,854000,586000
PPH0000099,PROD00029,2025-05-03,811000,495000
PPH0000100,PROD00029,2025-05-18,867000,566000
PPH0000101,PROD00029,2025-09-03,875000,649000
PPH0000102,PROD00029,2026-09-10,892000,643000
PPH0000103,PROD00030,2024-01-01,324000,204000
PPH0000104,PROD00030,2026-07-22,328000,202000
PPH0000105,PROD00031,2024-01-01,624000,505000
PPH0000106,PROD00031,2025-02-11,672000,479000
PPH0000107,PROD00031,2025-04-20,644000,443000
PPH0000108,PROD00031,2025-07-24,665000,439000
PPH0000109,PROD00031,2026-07-22,729000,564000
PPH0000110,PROD00032,2024-01-01,749000,547000
PPH0000111,PROD00032,2025-03-09,771000,614000
PPH0000112,PROD00032,2026-09-01,830000,575000
PPH0000113,PROD00032,2026-09-21,821000,546000
PPH0000114,PROD00033,2024-01-01,365000,217000
PPH0000115,PROD00033,2026-01-27,377000,307000
PPH0000116,PROD00033,2026-07-03,352000,247000
PPH0000117,PROD00033,2026-09-07,342000,211000
PPH0000118,PROD00034,2024-01-01,454000,328000
PPH0000119,PROD00034,2025-11-26,459000,285000
PPH0000120,PROD00034,2026-06-19,423000,270000
PPH0000121,PROD00035,2024-01-01,741000,581000
PPH0000122,PROD00035,2025-01-09,794000,497000
PPH0000123,PROD00035,2025-03-15,873000,521000
PPH0000124,PROD00035,2026-04-24,862000,524000
PPH0000125,PROD00036,2024-01-01,573000,431000
PPH0000126,PROD00036,2025-08-01,544000,425000
PPH0000127,PROD00036,2025-10-01,577000,442000
PPH0000128,PROD00036,2026-02-27,641000,424000
PPH0000129,PROD00037,2024-01-01,376000,271000
PPH0000130,PROD00037,2025-12-20,364000,294000
PPH0000131,PROD00038,2024-01-01,862000,565000
PPH0000132,PROD00038,2025-11-25,824000,493000
PPH0000133,PROD00038,2026-01-04,902000,558000
PPH0000134,PROD00039,2024-01-01,256000,149000
PPH0000135,PROD00039,2025-08-14,244000,142000
PPH0000136,PROD00040,2024-01-01,101000,74000
PPH0000137,PROD00040,2025-09-06,106000,78000
PPH0000138,PROD00040,2026-06-05,112000,83000
PPH0000139,PROD00041,2024-01-01,313000,226000
PPH0000140,PROD00041,2026-07-03,313000,198000
PPH0000141,PROD00041,2026-09-21,343000,203000
PPH0000142,PROD00042,2024-01-01,134000,89000
PPH0000143,PROD00042,2025-01-03,128000,83000
PPH0000144,PROD00042,2025-04-06,143000,105000
PPH0000145,PROD00042,2025-07-22,153000,111000
PPH0000146,PROD00043,2024-01-01,559000,448000
PPH0000147,PROD00043,2025-02-22,517000,303000
PPH0000148,PROD00043,2026-01-19,552000,447000
PPH0000149,PROD00043,2026-07-05,599000,354000
PPH0000150,PROD00044,2024-01-01,428000,320000
PPH0000151,PROD00044,2025-04-02,410000,323000
PPH0000152,PROD00044,2026-01-02,414000,247000
PPH0000153,PROD00044,2026-07-05,434000,348000
PPH0000154,PROD00045,2024-01-01,624000,364000
PPH0000155,PROD00045,2026-08-10,623000,421000
PPH0000156,PROD00046,2024-01-01,776000,464000
PPH0000157,PROD00046,2025-07-18,785000,461000
PPH0000158,PROD00046,2026-02-12,760000,533000
PPH0000159,PROD00046,2026-05-18,730000,478000
PPH0000160,PROD00046,2026-07-13,733000,488000
PPH0000161,PROD00047,2024-01-01,255000,158000
PPH0000162,PROD00047,2025-08-21,285000,186000
PPH0000163,PROD00047,2026-05-10,305000,225000
PPH0000164,PROD00048,2024-01-01,851000,511000
PPH0000165,PROD00048,2025-07-03,826000,494000
PPH0000166,PROD00048,2026-01-28,924000,622000
PPH0000167,PROD00048,2026-02-28,1030000,822000
PPH0000168,PROD00048,2026-04-15,1000000,711000
PPH0000169,PROD00049,2024-01-01,816000,534000
PPH0000170,PROD00049,2025-06-09,901000,562000
PPH0000171,PROD00049,2026-08-29,916000,625000
PPH0000172,PROD00050,2024-01-01,822000,599000
PPH0000173,PROD00050,2025-06-14,848000,515000
PPH0000174,PROD00050,2025-12-06,889000,669000
PPH0000175,PROD00050,2026-03-02,976000,758000
PPH0000176,PROD00050,2026-08-09,960000,671000
PPH0000177,PROD00051,2024-01-01,898000,627000
PPH0000178,PROD00051,2025-09-15,948000,638000
PPH0000179,PROD00052,2024-01-01,268000,215000
PPH0000180,PROD00052,2025-03-22,262000,173000
PPH0000181,PROD00052,2025-08-10,291000,201000
PPH0000182,PROD00053,2024-01-01,223000,158000
PPH0000183,PROD00053,2026-09-22,215000,156000
PPH0000184,PROD00054,2024-01-01,757000,491000
PPH0000185,PROD00054,2025-07-23,846000,654000
PPH0000186,PROD00054,2026-01-27,909000,673000
PPH0000187,PROD00055,2024-01-01,38000,27000
PPH0000188,PROD00055,2025-10-10,36000,29000
PPH0000189,PROD00055,2025-11-22,33000,26000
PPH0000190,PROD00056,2024-01-01,393000,232000
PPH0000191,PROD00056,2025-02-12,384000,290000
PPH0000192,PROD00056,2026-08-11,388000,308000
PPH0000193,PROD00057,2024-01-01,825000,511000
PPH0000194,PROD00057,2025-08-28,872000,566000
PPH0000195,PROD00057,2025-12-21,834000,540000
PPH0000196,PROD00057,2026-04-20,875000,690000
PPH0000197,PROD00058,2024-01-01,576000,382000
PPH0000198,PROD00058,2025-04-18,562000,433000
PPH0000199,PROD00058,2025-09-28,622000,377000
PPH0000200,PROD00058,2026-04-08,677000,521000
PPH0000201,PROD00059,2024-01-01,514000,361000
PPH0000202,PROD00059,2025-09-25,539000,386000
PPH0000203,PROD00059,2026-08-05,520000,376000
PPH0000204,PROD00060,2024-01-01,263000,210000
PPH0000205,PROD00060,2025-04-11,274000,216000
PPH0000206,PROD00060,2026-05-08,285000,208000
PPH0000207,PROD00061,2024-01-01,451000,303000
PPH0000208,PROD00061,2025-02-24,466000,284000
PPH0000209,PROD00061,2026-08-30,431000,303000
PPH0000210,PROD00062,2024-01-01,875000,626000
PPH0000211,PROD00062,2025-08-30,934000,617000
PPH0000212,PROD00062,2026-05-26,902000,699000
PPH0000213,PROD00062,2026-06-14,842000,533000
PPH0000214,PROD00063,2024-01-01,284000,167000
PPH0000215,PROD00063,2025-06-13,300000,213000
PPH0000216,PROD00063,2025-08-30,295000,195000
PPH0000217,PROD00064,2024-01-01,652000,417000
PPH0000218,PROD00064,2025-12-30,615000,492000
PPH0000219,PROD00064,2026-07-04,618000,436000
PPH0000220,PROD00065,2024-01-01,580000,409000
PPH0000221,PROD00065,2025-09-14,545000,401000
PPH0000222,PROD00065,2026-01-10,609000,448000
PPH0000223,PROD00066,2024-01-01,434000,278000
PPH0000224,PROD00066,2026-06-15,471000,354000
PPH0000225,PROD00067,2024-01-01,663000,483000
PPH0000226,PROD00067,2025-01-20,660000,460000
PPH0000227,PROD00067,2026-04-20,706000,534000
PPH0000228,PROD00068,2024-01-01,760000,457000
PPH0000229,PROD00068,2025-09-13,822000,540000
PPH0000230,PROD00068,2026-06-17,849000,575000
PPH0000231,PROD00069,2024-01-01,850000,522000
PPH0000232,PROD00069,2025-06-19,891000,550000
PPH0000233,PROD00069,2025-08-05,827000,532000
PPH0000234,PROD00069,2026-02-07,826000,503000
PPH0000235,PROD00069,2026-09-20,814000,523000
PPH0000236,PROD00070,2024-01-01,612000,423000
PPH0000237,PROD00070,2026-05-01,577000,338000
PPH0000238,PROD00071,2024-01-01,257000,183000
PPH0000239,PROD00071,2025-01-12,287000,225000
PPH0000240,PROD00071,2025-06-06,297000,221000
PPH0000241,PROD00071,2025-09-23,309000,201000
PPH0000242,PROD00071,2026-05-19,317000,186000
PPH0000243,PROD00072,2024-01-01,654000,532000
PPH0000244,PROD00072,2025-02-24,628000,451000
PPH0000245,PROD00072,2025-04-06,597000,434000
PPH0000246,PROD00072,2025-05-06,627000,403000
PPH0000247,PROD00072,2025-07-02,660000,415000
PPH0000248,PROD00073,2024-01-01,94000,73000
PPH0000249,PROD00073,2025-05-22,98000,66000
PPH0000250,PROD00073,2026-04-01,105000,78000
PPH0000251,PROD00073,2026-07-20,105000,84000
PPH0000252,PROD00074,2024-01-01,894000,576000
PPH0000253,PROD00074,2025-03-24,972000,585000
PPH0000254,PROD00074,2025-06-18,1034000,773000
PPH0000255,PROD00074,2026-03-04,1137000,719000
PPH0000256,PROD00074,2026-08-17,1250000,922000
PPH0000257,PROD00075,2024-01-01,869000,711000
PPH0000258,PROD00075,2025-08-01,875000,542000
PPH0000259,PROD00076,2024-01-01,327000,203000
PPH0000260,PROD00076,2025-05-02,313000,241000
PPH0000261,PROD00077,2024-01-01,724000,555000
PPH0000262,PROD00077,2025-03-12,788000,635000
PPH0000263,PROD00077,2025-11-17,864000,624000
PPH0000264,PROD00077,2025-12-19,901000,732000
PPH0000265,PROD00078,2024-01-01,655000,418000
PPH0000266,PROD00078,2025-01-17,682000,520000
PPH0000267,PROD00078,2025-09-26,725000,544000
PPH0000268,PROD00079,2024-01-01,338000,239000
PPH0000269,PROD00079,2025-02-19,336000,195000
PPH0000270,PROD00079,2025-03-07,319000,239000
PPH0000271,PROD00079,2026-02-07,345000,256000
PPH0000272,PROD00079,2026-04-29,365000,286000
PPH0000273,PROD00080,2024-01-01,568000,349000
PPH0000274,PROD00080,2026-06-22,536000,362000
PPH0000275,PROD00080,2026-07-07,565000,410000
PPH0000276,PROD00081,2024-01-01,672000,394000
PPH0000277,PROD00081,2025-03-12,660000,515000
PPH0000278,PROD00081,2025-04-28,687000,404000
PPH0000279,PROD00081,2025-08-01,698000,507000
PPH0000280,PROD00081,2025-11-20,670000,445000
PPH0000281,PROD00082,2024-01-01,144000,93000
PPH0000282,PROD00082,2025-12-26,134000,98000
PPH0000283,PROD00083,2024-01-01,759000,575000
PPH0000284,PROD00083,2025-01-29,819000,505000
PPH0000285,PROD00083,2025-08-16,815000,665000
PPH0000286,PROD00083,2025-12-03,858000,680000
PPH0000287,PROD00083,2026-01-06,914000,640000
PPH0000288,PROD00084,2024-01-01,365000,225000
PPH0000289,PROD00084,2025-06-16,340000,200000
PPH0000290,PROD00085,2024-01-01,706000,469000
PPH0000291,PROD00085,2025-02-16,678000,473000
PPH0000292,PROD00085,2026-02-28,638000,455000
PPH0000293,PROD00085,2026-06-22,699000,455000
PPH0000294,PROD00086,2024-01-01,344000,268000
PPH0000295,PROD00086,2025-03-02,323000,200000
PPH0000296,PROD00086,2025-03-12,297000,192000
PPH0000297,PROD00086,2026-04-12,304000,202000
PPH0000298,PROD00086,2026-08-03,301000,215000
PPH0000299,PROD00087,2024-01-01,245000,150000
PPH0000300,PROD00087,2025-08-17,246000,190000
PPH0000301,PROD00088,2024-01-01,271000,158000
PPH0000302,PROD00088,2025-03-24,256000,177000
PPH0000303,PROD00089,2024-01-01,800000,641000
PPH0000304,PROD00089,2025-07-27,849000,558000
PPH0000305,PROD00089,2026-03-26,819000,507000
PPH0000306,PROD00090,2024-01-01,655000,414000
PPH0000307,PROD00090,2025-04-25,730000,451000
PPH0000308,PROD00090,2025-04-27,806000,471000
PPH0000309,PROD00090,2025-12-21,859000,613000
PPH0000310,PROD00090,2026-07-26,956000,707000
PPH0000311,PROD00091,2024-01-01,572000,413000
PPH0000312,PROD00091,2025-07-03,632000,387000
PPH0000313,PROD00091,2026-05-08,680000,408000
PPH0000314,PROD00092,2024-01-01,107000,64000
PPH0000315,PROD00092,2025-09-24,107000,86000
PPH0000316,PROD00093,2024-01-01,46000,35000
PPH0000317,PROD00093,2025-07-17,45000,30000
PPH0000318,PROD00093,2025-11-08,43000,28000
PPH0000319,PROD00094,2024-01-01,797000,604000
PPH0000320,PROD00094,2025-02-12,781000,611000
PPH0000321,PROD00094,2026-04-01,782000,514000
PPH0000322,PROD00095,2024-01-01,149000,109000
PPH0000323,PROD00095,2025-02-10,138000,101000
PPH0000324,PROD00095,2026-08-05,148000,110000
PPH0000325,PROD00096,2024-01-01,238000,149000
PPH0000326,PROD00096,2025-11-12,257000,167000
PPH0000327,PROD00096,2026-05-13,269000,211000
PPH0000328,PROD00096,2026-08-26,294000,233000
PPH0000329,PROD00097,2024-01-01,320000,242000
PPH0000330,PROD00097,2025-12-07,310000,181000
PPH0000331,PROD00097,2026-07-29,305000,204000
PPH0000332,PROD00098,2024-01-01,251000,146000
PPH0000333,PROD00098,2025-02-19,279000,216000
PPH0000334,PROD00098,2025-07-25,311000,188000
PPH0000335,PROD00098,2025-12-30,315000,239000
PPH0000336,PROD00099,2024-01-01,200000,159000
PPH0000337,PROD00099,2025-02-04,220000,144000
PPH0000338,PROD00099,2025-03-12,214000,166000
PPH0000339,PROD00099,2025-07-01,236000,177000
PPH0000340,PROD00099,2026-02-06,217000,170000
PPH0000341,PROD00100,2024-01-01,102000,60000
PPH0000342,PROD00100,2025-04-16,108000,81000
PPH0000343,PROD00100,2025-12-16,110000,64000
PPH0000344,PROD00100,2026-04-09,106000,72000
PPH0000345,PROD00101,2024-01-01,95000,76000
PPH0000346,PROD00101,2025-06-24,89000,63000
PPH0000347,PROD00101,2026-03-21,98000,79000
PPH0000348,PROD00101,2026-09-12,95000,73000
PPH0000349,PROD00102,2024-01-01,265000,200000
PPH0000350,PROD00102,2025-09-06,280000,215000
PPH0000351,PROD00102,2026-01-04,283000,185000
PPH0000352,PROD00103,2024-01-01,41000,24000
PPH0000353,PROD00103,2025-01-30,46000,29000
PPH0000354,PROD00103,2026-01-28,43000,33000
PPH0000355,PROD00104,2024-01-01,144000,108000
PPH0000356,PROD00104,2025-03-20,144000,97000
PPH0000357,PROD00104,2025-08-12,142000,84000
PPH0000358,PROD00104,2025-10-26,131000,99000
PPH0000359,PROD00105,2024-01-01,344000,241000
PPH0000360,PROD00105,2025-04-06,354000,270000
PPH0000361,PROD00105,2025-11-24,372000,275000
PPH0000362,PROD00106,2024-01-01,432000,313000
PPH0000363,PROD00106,2025-12-19,423000,322000
PPH0000364,PROD00106,2026-01-06,447000,276000
PPH0000365,PROD00106,2026-02-10,484000,374000
PPH0000366,PROD00106,2026-08-18,451000,335000
PPH0000367,PROD00107,2024-01-01,199000,142000
PPH0000368,PROD00107,2025-11-08,184000,124000
PPH0000369,PROD00107,2026-03-16,182000,131000
PPH0000370,PROD00108,2024-01-01,59000,45000
PPH0000371,PROD00108,2025-05-25,59000,48000
PPH0000372,PROD00108,2025-11-06,62000,49000
PPH0000373,PROD00109,2024-01-01,281000,200000
PPH0000374,PROD00109,2025-12-24,293000,192000
PPH0000375,PROD00110,2024-01-01,403000,268000
PPH0000376,PROD00110,2026-01-05,408000,291000
PPH0000377,PROD00110,2026-08-05,396000,250000
PPH0000378,PROD00111,2024-01-01,296000,209000
PPH0000379,PROD00111,2025-08-30,293000,216000
PPH0000380,PROD00111,2026-05-19,298000,202000
PPH0000381,PROD00111,2026-08-27,328000,198000
PPH0000382,PROD00111,2026-09-12,341000,215000
PPH0000383,PROD00112,2024-01-01,154000,98000
PPH0000384,PROD00112,2025-02-21,166000,106000
PPH0000385,PROD00112,2025-07-29,181000,122000
PPH0000386,PROD00113,2024-01-01,94000,67000
PPH0000387,PROD00113,2025-07-27,102000,67000
PPH0000388,PROD00113,2025-08-07,107000,72000
PPH0000389,PROD00113,2026-08-01,118000,77000
PPH0000390,PROD00114,2024-01-01,41000,28000
PPH0000391,PROD00114,2025-02-23,39000,30000
PPH0000392,PROD00114,2025-09-29,43000,29000
PPH0000393,PROD00115,2024-01-01,312000,219000
PPH0000394,PROD00115,2025-01-29,329000,238000
PPH0000395,PROD00115,2025-11-27,322000,219000
PPH0000396,PROD00116,2024-01-01,490000,378000
PPH0000397,PROD00116,2025-03-06,460000,279000
PPH0000398,PROD00116,2025-08-01,499000,302000
PPH0000399,PROD00116,2026-07-03,502000,350000
PPH0000400,PROD00117,2024-01-01,187000,149000
PPH0000401,PROD00117,2025-06-14,174000,132000
PPH0000402,PROD00117,2025-06-29,185000,144000
PPH0000403,PROD00117,2026-06-19,182000,140000
PPH0000404,PROD00118,2024-01-01,484000,361000
PPH0000405,PROD00118,2025-10-19,530000,335000
PPH0000406,PROD00118,2026-05-12,587000,430000
PPH0000407,PROD00118,2026-06-10,555000,387000
PPH0000408,PROD00119,2024-01-01,281000,169000
PPH0000409,PROD00119,2025-11-03,280000,225000
PPH0000410,PROD00120,2024-01-01,149000,98000
PPH0000411,PROD00120,2025-07-26,158000,116000
PPH0000412,PROD00120,2026-05-11,158000,95000
PPH0000413,PROD00120,2026-07-20,168000,114000
PPH0000414,PROD00121,2024-01-01,488000,333000
PPH0000415,PROD00121,2025-05-21,490000,312000
PPH0000416,PROD00121,2025-10-04,531000,335000
PPH0000417,PROD00121,2026-04-03,590000,415000
PPH0000418,PROD00121,2026-07-19,555000,375000
PPH0000419,PROD00122,2024-01-01,317000,245000
PPH0000420,PROD00122,2025-01-01,355000,210000
PPH0000421,PROD00122,2025-02-13,358000,291000
PPH0000422,PROD00123,2024-01-01,312000,216000
PPH0000423,PROD00123,2025-05-11,299000,189000
PPH0000424,PROD00123,2025-09-26,293000,231000
PPH0000425,PROD00124,2024-01-01,432000,345000
PPH0000426,PROD00124,2026-03-16,439000,301000
PPH0000427,PROD00124,2026-07-14,470000,382000
PPH0000428,PROD00125,2024-01-01,85000,57000
PPH0000429,PROD00125,2025-02-12,94000,75000
PPH0000430,PROD00126,2024-01-01,55000,42000
PPH0000431,PROD00126,2026-03-10,57000,39000
PPH0000432,PROD00126,2026-08-05,61000,37000
PPH0000433,PROD00126,2026-08-14,62000,46000
PPH0000434,PROD00127,2024-01-01,56000,38000
PPH0000435,PROD00127,2025-04-24,57000,45000
PPH0000436,PROD00127,2025-11-25,58000,46000
PPH0000437,PROD00127,2026-04-19,57000,46000
PPH0000438,PROD00127,2026-04-27,57000,41000
PPH0000439,PROD00128,2024-01-01,259000,160000
PPH0000440,PROD00128,2025-10-07,249000,152000
PPH0000441,PROD00129,2024-01-01,328000,233000
PPH0000442,PROD00129,2025-02-08,310000,188000
PPH0000443,PROD00129,2025-11-07,305000,199000
PPH0000444,PROD00129,2026-08-09,286000,186000
PPH0000445,PROD00130,2024-01-01,317000,241000
PPH0000446,PROD00130,2025-04-15,295000,178000
PPH0000447,PROD00130,2026-09-04,284000,186000
PPH0000448,PROD00131,2024-01-01,292000,225000
PPH0000449,PROD00131,2025-02-20,281000,166000
PPH0000450,PROD00131,2025-03-25,259000,174000
PPH0000451,PROD00132,2024-01-01,208000,123000
PPH0000452,PROD00132,2025-01-24,217000,146000
PPH0000453,PROD00132,2026-05-07,208000,143000
PPH0000454,PROD00133,2024-01-01,159000,120000
PPH0000455,PROD00133,2026-06-04,172000,121000
PPH0000456,PROD00134,2024-01-01,320000,224000
PPH0000457,PROD00134,2025-06-09,350000,284000
PPH0000458,PROD00134,2025-12-01,329000,211000
PPH0000459,PROD00134,2026-09-01,310000,209000
PPH0000460,PROD00135,2024-01-01,142000,86000
PPH0000461,PROD00135,2026-07-22,135000,91000
PPH0000462,PROD00136,2024-01-01,165000,110000
PPH0000463,PROD00136,2025-04-21,162000,119000
PPH0000464,PROD00136,2026-03-28,151000,109000
PPH0000465,PROD00137,2024-01-01,183000,128000
PPH0000466,PROD00137,2025-01-03,185000,139000
PPH0000467,PROD00137,2025-07-17,181000,113000
PPH0000468,PROD00137,2025-07-21,198000,125000
PPH0000469,PROD00137,2026-01-01,219000,152000
PPH0000470,PROD00138,2024-01-01,82000,51000
PPH0000471,PROD00138,2025-09-26,82000,52000
PPH0000472,PROD00138,2026-01-01,76000,56000
PPH0000473,PROD00139,2024-01-01,152000,123000
PPH0000474,PROD00139,2025-02-01,150000,112000
PPH0000475,PROD00140,2024-01-01,376000,272000
PPH0000476,PROD00140,2025-05-16,398000,311000
PPH0000477,PROD00140,2025-08-01,375000,239000
PPH0000478,PROD00141,2024-01-01,209000,168000
PPH0000479,PROD00141,2025-06-01,233000,144000
PPH0000480,PROD00142,2024-01-01,218000,154000
PPH0000481,PROD00142,2025-09-23,218000,134000
PPH0000482,PROD00142,2026-07-16,230000,139000
PPH0000483,PROD00143,2024-01-01,83000,66000
PPH0000484,PROD00143,2025-06-05,78000,50000
PPH0000485,PROD00143,2026-01-02,83000,54000
PPH0000486,PROD00143,2026-01-24,78000,62000
PPH0000487,PROD00144,2024-01-01,433000,354000
PPH0000488,PROD00144,2026-06-07,445000,315000
PPH0000489,PROD00144,2026-08-24,413000,260000
PPH0000490,PROD00145,2024-01-01,246000,162000
PPH0000491,PROD00145,2025-06-07,247000,201000
PPH0000492,PROD00145,2025-06-17,277000,215000
PPH0000493,PROD00145,2025-12-07,280000,214000
PPH0000494,PROD00146,2024-01-01,389000,290000
PPH0000495,PROD00146,2025-04-17,424000,317000
PPH0000496,PROD00146,2026-05-09,423000,344000
PPH0000497,PROD00146,2026-06-20,406000,294000
PPH0000498,PROD00147,2024-01-01,226000,176000
PPH0000499,PROD00147,2025-02-06,244000,148000
PPH0000500,PROD00147,2026-05-28,243000,165000
PPH0000501,PROD00147,2026-06-18,247000,149000
PPH0000502,PROD00148,2024-01-01,155000,126000
PPH0000503,PROD00148,2025-11-23,145000,103000
PPH0000504,PROD00148,2026-06-21,144000,105000
PPH0000505,PROD00148,2026-08-03,150000,113000
PPH0000506,PROD00149,2024-01-01,207000,134000
PPH0000507,PROD00149,2025-05-24,193000,126000
PPH0000508,PROD00149,2025-10-27,203000,121000
PPH0000509,PROD00149,2025-11-04,198000,131000
PPH0000510,PROD00149,2026-07-27,205000,131000
PPH0000511,PROD00150,2024-01-01,390000,289000
PPH0000512,PROD00150,2026-04-12,416000,315000
PPH0000513,PROD00150,2026-06-04,408000,284000
PPH0000514,PROD00150,2026-07-16,407000,248000
PPH0000515,PROD00151,2024-01-01,313000,250000
PPH0000516,PROD00151,2025-06-08,335000,263000
PPH0000517,PROD00152,2024-01-01,316000,231000
PPH0000518,PROD00152,2025-01-08,305000,189000
PPH0000519,PROD00152,2025-09-04,315000,238000
PPH0000520,PROD00153,2024-01-01,393000,271000
PPH0000521,PROD00153,2025-06-04,419000,307000
PPH0000522,PROD00154,2024-01-01,325000,208000
PPH0000523,PROD00154,2026-06-10,350000,274000
PPH0000524,PROD00155,2024-01-01,138000,86000
PPH0000525,PROD00155,2026-07-02,139000,84000
PPH0000526,PROD00156,2024-01-01,30000,24000
PPH0000527,PROD00156,2025-07-18,30000,18000
PPH0000528,PROD00156,2025-07-20,31000,23000
PPH0000529,PROD00157,2024-01-01,498000,391000
PPH0000530,PROD00157,2025-06-10,460000,369000
PPH0000531,PROD00157,2025-11-11,505000,319000
PPH0000532,PROD00157,2026-09-06,490000,372000
PPH0000533,PROD00157,2026-09-09,522000,411000
PPH0000534,PROD00158,2024-01-01,193000,156000
PPH0000535,PROD00158,2025-06-05,180000,106000
PPH0000536,PROD00158,2025-12-03,187000,131000
PPH0000537,PROD00158,2026-06-03,204000,166000
PPH0000538,PROD00159,2024-01-01,312000,191000
PPH0000539,PROD00159,2026-06-07,321000,259000
PPH0000540,PROD00159,2026-07-30,351000,220000
PPH0000541,PROD00160,2024-01-01,319000,199000
PPH0000542,PROD00160,2025-02-18,302000,186000
PPH0000543,PROD00160,2025-04-13,281000,190000
PPH0000544,PROD00161,2024-01-01,341000,235000
PPH0000545,PROD00161,2025-02-21,348000,216000
PPH0000546,PROD00161,2025-09-10,359000,289000
PPH0000547,PROD00161,2025-10-02,370000,244000
PPH0000548,PROD00161,2025-10-30,365000,297000
PPH0000549,PROD00162,2024-01-01,418000,295000
PPH0000550,PROD00162,2025-04-10,390000,282000
PPH0000551,PROD00163,2024-01-01,120000,91000
PPH0000552,PROD00163,2026-06-10,127000,101000
PPH0000553,PROD00163,2026-09-23,136000,91000
PPH0000554,PROD00164,2024-01-01,439000,328000
PPH0000555,PROD00164,2025-11-07,446000,317000
PPH0000556,PROD00164,2026-02-05,444000,262000
PPH0000557,PROD00164,2026-06-16,474000,313000
PPH0000558,PROD00165,2024-01-01,49000,36000
PPH0000559,PROD00165,2026-04-03,48000,36000
PPH0000560,PROD00166,2024-01-01,183000,149000
PPH0000561,PROD00166,2025-11-20,186000,142000
PPH0000562,PROD00166,2026-08-06,195000,133000
PPH0000563,PROD00167,2024-01-01,73000,55000
PPH0000564,PROD00167,2025-04-20,77000,48000
PPH0000565,PROD00167,2025-07-27,81000,55000
PPH0000566,PROD00168,2024-01-01,403000,251000
PPH0000567,PROD00168,2025-05-03,435000,340000
PPH0000568,PROD00168,2026-03-17,450000,314000
PPH0000569,PROD00168,2026-04-29,494000,334000
PPH0000570,PROD00169,2024-01-01,154000,90000
PPH0000571,PROD00169,2025-02-23,158000,115000
PPH0000572,PROD00169,2025-07-04,157000,123000
PPH0000573,PROD00170,2024-01-01,95000,62000
PPH0000574,PROD00170,2026-02-26,98000,67000
PPH0000575,PROD00171,2024-01-01,336000,272000
PPH0000576,PROD00171,2026-07-17,340000,200000
PPH0000577,PROD00172,2024-01-01,489000,309000
PPH0000578,PROD00172,2026-03-27,516000,350000
PPH0000579,PROD00173,2024-01-01,327000,220000
PPH0000580,PROD00173,2026-03-01,327000,225000
PPH0000581,PROD00173,2026-05-18,359000,283000
PPH0000582,PROD00174,2024-01-01,198000,124000
PPH0000583,PROD00174,2025-01-13,182000,149000
PPH0000584,PROD00174,2026-05-11,184000,112000
PPH0000585,PROD00174,2026-05-31,178000,133000
PPH0000586,PROD00174,2026-06-17,175000,131000
PPH0000587,PROD00175,2024-01-01,31000,19000
PPH0000588,PROD00175,2025-05-04,32000,25000
PPH0000589,PROD00176,2024-01-01,335000,234000
PPH0000590,PROD00176,2025-12-12,318000,202000
PPH0000591,PROD00177,2024-01-01,183000,114000
PPH0000592,PROD00177,2026-02-13,170000,127000
PPH0000593,PROD00177,2026-05-07,179000,121000
PPH0000594,PROD00178,2024-01-01,68000,49000
PPH0000595,PROD00178,2025-11-23,64000,52000
PPH0000596,PROD00178,2026-01-27,68000,49000
PPH0000597,PROD00179,2024-01-01,271000,214000
PPH0000598,PROD00179,2025-11-23,281000,187000
PPH0000599,PROD00179,2026-07-05,307000,227000
PPH0000600,PROD00179,2026-07-17,312000,188000
PPH0000601,PROD00180,2024-01-01,136000,109000
PPH0000602,PROD00180,2025-03-24,135000,101000
PPH0000603,PROD00180,2026-09-09,125000,93000
PPH0000604,PROD00181,2024-01-01,445000,310000
PPH0000605,PROD00181,2025-08-12,469000,335000
PPH0000606,PROD00181,2025-08-22,524000,355000
PPH0000607,PROD00182,2024-01-01,173000,120000
PPH0000608,PROD00182,2025-07-11,175000,130000
PPH0000609,PROD00182,2025-09-19,163000,102000
PPH0000610,PROD00182,2025-11-21,163000,128000
PPH0000611,PROD00182,2026-05-14,172000,113000
PPH0000612,PROD00183,2024-01-01,177000,130000
PPH0000613,PROD00183,2025-03-18,175000,114000
PPH0000614,PROD00183,2025-10-19,166000,109000
PPH0000615,PROD00184,2024-01-01,322000,193000
PPH0000616,PROD00184,2025-03-10,311000,210000
PPH0000617,PROD00184,2025-07-15,291000,224000
PPH0000618,PROD00184,2026-09-05,277000,208000
PPH0000619,PROD00185,2024-01-01,316000,210000
PPH0000620,PROD00185,2025-04-25,296000,206000
PPH0000621,PROD00185,2025-07-07,319000,208000
PPH0000622,PROD00185,2025-10-24,351000,265000
PPH0000623,PROD00186,2024-01-01,319000,251000
PPH0000624,PROD00186,2026-08-04,336000,229000
PPH0000625,PROD00187,2024-01-01,97000,68000
PPH0000626,PROD00187,2025-08-24,100000,59000
PPH0000627,PROD00188,2024-01-01,250000,204000
PPH0000628,PROD00188,2025-09-11,241000,153000
PPH0000629,PROD00188,2026-03-15,246000,185000
PPH0000630,PROD00189,2024-01-01,64000,39000
PPH0000631,PROD00189,2025-05-01,68000,45000
PPH0000632,PROD00189,2025-07-12,68000,43000
PPH0000633,PROD00190,2024-01-01,337000,230000
PPH0000634,PROD00190,2025-04-04,311000,200000
PPH0000635,PROD00190,2026-04-19,323000,235000
PPH0000636,PROD00191,2024-01-01,92000,70000
PPH0000637,PROD00191,2025-02-19,98000,71000
PPH0000638,PROD00191,2026-02-03,103000,70000
PPH0000639,PROD00191,2026-03-25,95000,66000
PPH0000640,PROD00192,2024-01-01,477000,320000
PPH0000641,PROD00192,2025-12-10,500000,371000
PPH0000642,PROD00193,2024-01-01,352000,248000
PPH0000643,PROD00193,2025-12-17,393000,233000
PPH0000644,PROD00193,2026-03-24,410000,289000
PPH0000645,PROD00193,2026-04-05,411000,332000
PPH0000646,PROD00193,2026-05-16,379000,283000
PPH0000647,PROD00194,2024-01-01,335000,203000
PPH0000648,PROD00194,2025-01-29,363000,220000
PPH0000649,PROD00194,2025-05-01,362000,287000
PPH0000650,PROD00195,2024-01-01,414000,292000
PPH0000651,PROD00195,2025-02-27,419000,329000
PPH0000652,PROD00195,2025-10-06,437000,307000
PPH0000653,PROD00195,2026-04-13,473000,332000
PPH0000654,PROD00196,2024-01-01,99000,58000
PPH0000655,PROD00196,2026-02-06,110000,86000
PPH0000656,PROD00197,2024-01-01,280000,228000
PPH0000657,PROD00197,2025-08-10,310000,237000
PPH0000658,PROD00197,2025-09-12,295000,212000
PPH0000659,PROD00197,2026-09-21,291000,210000
PPH0000660,PROD00198,2024-01-01,441000,261000
PPH0000661,PROD00198,2025-06-30,429000,297000
PPH0000662,PROD00198,2025-07-01,446000,295000
PPH0000663,PROD00198,2026-07-06,448000,342000
PPH0000664,PROD00199,2024-01-01,209000,160000
PPH0000665,PROD00199,2026-02-22,198000,125000
PPH0000666,PROD00199,2026-05-14,219000,166000
PPH0000667,PROD00200,2024-01-01,406000,297000
PPH0000668,PROD00200,2025-03-11,441000,304000
PPH0000669,PROD00200,2026-09-09,469000,363000
PPH0000670,PROD00201,2024-01-01,203000,138000
PPH0000671,PROD00201,2025-09-05,188000,124000
PPH0000672,PROD00201,2026-04-28,177000,105000
PPH0000673,PROD00202,2024-01-01,63000,37000
PPH0000674,PROD00202,2026-03-16,65000,41000
PPH0000675,PROD00202,2026-08-07,62000,45000
PPH0000676,PROD00203,2024-01-01,247000,195000
PPH0000677,PROD00203,2025-07-15,262000,206000
PPH0000678,PROD00203,2026-04-23,279000,212000
PPH0000679,PROD00203,2026-06-22,266000,216000
PPH0000680,PROD00204,2024-01-01,92000,56000
PPH0000681,PROD00204,2025-06-23,86000,51000
PPH0000682,PROD00204,2025-09-11,86000,69000
PPH0000683,PROD00204,2025-12-23,94000,73000
PPH0000684,PROD00204,2026-08-16,103000,67000
PPH0000685,PROD00205,2024-01-01,284000,209000
PPH0000686,PROD00205,2025-04-10,297000,185000
PPH0000687,PROD00205,2026-03-28,286000,214000
PPH0000688,PROD00205,2026-07-29,309000,253000
PPH0000689,PROD00206,2024-01-01,328000,256000
PPH0000690,PROD00206,2026-07-09,307000,213000
PPH0000691,PROD00207,2024-01-01,158000,101000
PPH0000692,PROD00207,2026-04-22,155000,110000
PPH0000693,PROD00207,2026-05-26,148000,87000
PPH0000694,PROD00207,2026-09-06,148000,99000
PPH0000695,PROD00208,2024-01-01,310000,186000
PPH0000696,PROD00208,2025-10-15,337000,258000
PPH0000697,PROD00208,2026-01-05,367000,216000
PPH0000698,PROD00208,2026-01-08,382000,299000
PPH0000699,PROD00208,2026-02-16,392000,311000
PPH0000700,PROD00209,2024-01-01,41000,29000
PPH0000701,PROD00209,2025-10-13,45000,33000
PPH0000702,PROD00209,2025-10-29,42000,34000
PPH0000703,PROD00209,2026-02-02,39000,28000
PPH0000704,PROD00209,2026-08-20,41000,28000
PPH0000705,PROD00210,2024-01-01,112000,78000
PPH0000706,PROD00210,2025-03-10,109000,87000
PPH0000707,PROD00210,2025-05-12,108000,71000
PPH0000708,PROD00210,2025-10-03,114000,83000
PPH0000709,PROD00210,2026-04-06,124000,82000
PPH0000710,PROD00211,2024-01-01,282000,212000
PPH0000711,PROD00211,2025-05-17,300000,223000
PPH0000712,PROD00212,2024-01-01,64000,41000
PPH0000713,PROD00212,2025-09-07,67000,46000
PPH0000714,PROD00213,2024-01-01,342000,250000
PPH0000715,PROD00213,2025-10-24,340000,227000
PPH0000716,PROD00213,2026-07-06,334000,231000
PPH0000717,PROD00214,2024-01-01,190000,148000
PPH0000718,PROD00214,2025-02-13,203000,132000
PPH0000719,PROD00214,2025-02-14,202000,141000
PPH0000720,PROD00214,2026-04-20,199000,147000
PPH0000721,PROD00215,2024-01-01,271000,208000
PPH0000722,PROD00215,2025-07-28,277000,202000
PPH0000723,PROD00215,2025-12-01,283000,167000
PPH0000724,PROD00216,2024-01-01,209000,129000
PPH0000725,PROD00216,2025-01-02,204000,126000
PPH0000726,PROD00216,2025-04-09,198000,124000
PPH0000727,PROD00216,2026-05-08,217000,146000
PPH0000728,PROD00217,2024-01-01,133000,100000
PPH0000729,PROD00217,2025-02-05,135000,104000
PPH0000730,PROD00217,2025-10-24,127000,96000
PPH0000731,PROD00217,2026-04-04,126000,101000
PPH0000732,PROD00218,2024-01-01,273000,196000
PPH0000733,PROD00218,2025-01-04,304000,242000
PPH0000734,PROD00218,2026-09-16,326000,239000
PPH0000735,PROD00219,2024-01-01,139000,111000
PPH0000736,PROD00219,2025-08-16,142000,92000
PPH0000737,PROD00219,2026-01-14,154000,115000
PPH0000738,PROD00220,2024-01-01,168000,102000
PPH0000739,PROD00220,2025-04-06,171000,106000
PPH0000740,PROD00220,2026-08-26,176000,137000
PPH0000741,PROD00221,2024-01-01,117000,76000
PPH0000742,PROD00221,2025-04-26,108000,71000
PPH0000743,PROD00221,2026-04-06,118000,74000
PPH0000744,PROD00221,2026-04-11,130000,107000
PPH0000745,PROD00221,2026-06-30,144000,91000
PPH0000746,PROD00222,2024-01-01,265000,210000
PPH0000747,PROD00222,2025-09-09,249000,160000
PPH0000748,PROD00222,2026-01-21,244000,142000
PPH0000749,PROD00223,2024-01-01,41000,29000
PPH0000750,PROD00223,2025-03-02,40000,31000
PPH0000751,PROD00223,2026-03-04,40000,26000
PPH0000752,PROD00223,2026-04-13,43000,32000
PPH0000753,PROD00224,2024-01-01,53000,33000
PPH0000754,PROD00224,2025-11-29,49000,36000
PPH0000755,PROD00224,2026-09-14,45000,28000
PPH0000756,PROD00225,2024-01-01,234000,187000
PPH0000757,PROD00225,2025-01-10,233000,159000
PPH0000758,PROD00225,2025-03-29,239000,173000
PPH0000759,PROD00225,2025-11-09,241000,171000
PPH0000760,PROD00226,2024-01-01,33000,25000
PPH0000761,PROD00226,2025-01-07,34000,26000
PPH0000762,PROD00226,2026-06-26,34000,24000
PPH0000763,PROD00227,2024-01-01,241000,156000
PPH0000764,PROD00227,2025-04-16,268000,162000
PPH0000765,PROD00227,2025-07-05,298000,209000
PPH0000766,PROD00227,2026-01-29,321000,186000
PPH0000767,PROD00228,2024-01-01,32000,22000
PPH0000768,PROD00228,2025-01-13,30000,24000
PPH0000769,PROD00228,2025-07-04,30000,19000
PPH0000770,PROD00228,2026-05-27,33000,23000
PPH0000771,PROD00228,2026-09-02,36000,24000
PPH0000772,PROD00229,2024-01-01,130000,81000
PPH0000773,PROD00229,2026-02-14,127000,80000
PPH0000774,PROD00230,2024-01-01,226000,155000
PPH0000775,PROD00230,2025-11-19,233000,181000
PPH0000776,PROD00230,2026-08-30,257000,186000
PPH0000777,PROD00231,2024-01-01,350000,272000
PPH0000778,PROD00231,2025-02-07,387000,251000
PPH0000779,PROD00231,2025-09-12,390000,238000
PPH0000780,PROD00232,2024-01-01,346000,262000
PPH0000781,PROD00232,2025-10-13,377000,257000
PPH0000782,PROD00232,2026-05-21,401000,326000
PPH0000783,PROD00233,2024-01-01,48000,30000
PPH0000784,PROD00233,2025-03-03,47000,34000
PPH0000785,PROD00233,2026-06-18,52000,42000
PPH0000786,PROD00234,2024-01-01,323000,248000
PPH0000787,PROD00234,2025-07-15,362000,277000
PPH0000788,PROD00235,2024-01-01,345000,267000
PPH0000789,PROD00235,2025-10-12,358000,260000
PPH0000790,PROD00235,2026-07-02,331000,210000
PPH0000791,PROD00235,2026-09-10,353000,279000
PPH0000792,PROD00236,2024-01-01,46000,27000
PPH0000793,PROD00236,2026-08-19,45000,27000
PPH0000794,PROD00236,2026-09-18,42000,26000
PPH0000795,PROD00237,2024-01-01,209000,137000
PPH0000796,PROD00237,2025-11-18,206000,124000
PPH0000797,PROD00237,2026-09-11,201000,155000
PPH0000798,PROD00238,2024-01-01,26000,16000
PPH0000799,PROD00238,2025-01-27,25000,20000
PPH0000800,PROD00238,2025-05-05,27000,22000
PPH0000801,PROD00238,2026-03-23,29000,20000
PPH0000802,PROD00239,2024-01-01,302000,189000
PPH0000803,PROD00239,2026-01-13,301000,180000
PPH0000804,PROD00239,2026-04-09,309000,243000
PPH0000805,PROD00240,2024-01-01,254000,161000
PPH0000806,PROD00240,2025-09-10,235000,171000
PPH0000807,PROD00240,2026-09-05,227000,134000
PPH0000808,PROD00241,2024-01-01,256000,176000
PPH0000809,PROD00241,2026-01-22,284000,179000
PPH0000810,PROD00241,2026-04-14,314000,239000
PPH0000811,PROD00241,2026-06-04,306000,223000
PPH0000812,PROD00242,2024-01-01,282000,204000
PPH0000813,PROD00242,2025-07-02,303000,237000
PPH0000814,PROD00242,2025-11-17,302000,206000
PPH0000815,PROD00242,2026-08-02,319000,210000
PPH0000816,PROD00243,2024-01-01,61000,38000
PPH0000817,PROD00243,2025-12-27,62000,50000
PPH0000818,PROD00243,2026-01-03,65000,53000
PPH0000819,PROD00244,2024-01-01,25000,20000
PPH0000820,PROD00244,2025-07-22,23000,14000
PPH0000821,PROD00244,2026-03-18,22000,13000
PPH0000822,PROD00244,2026-09-01,22000,16000
PPH0000823,PROD00245,2024-01-01,154000,114000
PPH0000824,PROD00245,2025-06-27,151000,122000
PPH0000825,PROD00245,2025-07-10,158000,124000
PPH0000826,PROD00245,2026-04-20,165000,135000
PPH0000827,PROD00245,2026-07-03,182000,112000
PPH0000828,PROD00246,2024-01-01,274000,223000
PPH0000829,PROD00246,2025-03-17,286000,196000
PPH0000830,PROD00246,2025-08-24,300000,227000
PPH0000831,PROD00246,2026-02-01,331000,221000
PPH0000832,PROD00246,2026-03-06,329000,260000
PPH0000833,PROD00247,2024-01-01,103000,69000
PPH0000834,PROD00247,2025-07-31,114000,90000
PPH0000835,PROD00248,2024-01-01,267000,159000
PPH0000836,PROD00248,2025-12-23,262000,187000
PPH0000837,PROD00248,2026-02-08,254000,165000
PPH0000838,PROD00249,2024-01-01,92000,58000
PPH0000839,PROD00249,2025-08-26,95000,64000
PPH0000840,PROD00249,2026-02-24,98000,67000
PPH0000841,PROD00249,2026-09-14,99000,61000
PPH0000842,PROD00250,2024-01-01,253000,171000
PPH0000843,PROD00250,2025-01-24,280000,165000
PPH0000844,PROD00250,2025-09-02,259000,161000
PPH0000845,PROD00250,2025-12-12,248000,165000
PPH0000846,PROD00250,2026-09-14,261000,158000
PPH0000847,PROD00251,2024-01-01,87000,66000
PPH0000848,PROD00251,2025-01-12,83000,49000
PPH0000849,PROD00251,2026-01-18,84000,53000
PPH0000850,PROD00251,2026-04-20,89000,73000
PPH0000851,PROD00251,2026-05-12,91000,57000
PPH0000852,PROD00252,2024-01-01,341000,275000
PPH0000853,PROD00252,2025-06-19,349000,261000
PPH0000854,PROD00252,2025-10-16,323000,263000
PPH0000855,PROD00252,2026-02-15,329000,249000
PPH0000856,PROD00253,2024-01-01,113000,86000
PPH0000857,PROD00253,2025-01-28,122000,95000
PPH0000858,PROD00253,2025-03-16,131000,85000
PPH0000859,PROD00253,2025-07-05,121000,74000
PPH0000860,PROD00253,2025-08-16,132000,99000
PPH0000861,PROD00254,2024-01-01,250000,185000
PPH0000862,PROD00254,2025-04-11,234000,186000
PPH0000863,PROD00254,2026-07-23,245000,162000
PPH0000864,PROD00255,2024-01-01,117000,86000
PPH0000865,PROD00255,2025-02-25,125000,88000
PPH0000866,PROD00255,2025-11-22,133000,101000
PPH0000867,PROD00255,2026-06-17,123000,86000
PPH0000868,PROD00255,2026-07-14,131000,95000
PPH0000869,PROD00256,2024-01-01,313000,212000
PPH0000870,PROD00256,2025-01-02,295000,198000
PPH0000871,PROD00256,2025-08-30,311000,225000
PPH0000872,PROD00257,2024-01-01,288000,175000
PPH0000873,PROD00257,2025-08-23,265000,198000
PPH0000874,PROD00257,2026-04-20,245000,201000
PPH0000875,PROD00258,2024-01-01,238000,157000
PPH0000876,PROD00258,2025-09-15,237000,158000
PPH0000877,PROD00258,2026-09-21,251000,165000
PPH0000878,PROD00259,2024-01-01,170000,99000
PPH0000879,PROD00259,2025-02-03,164000,108000
PPH0000880,PROD00259,2025-08-12,151000,107000
PPH0000881,PROD00259,2025-10-18,160000,96000
PPH0000882,PROD00260,2024-01-01,115000,78000
PPH0000883,PROD00260,2025-01-14,128000,95000
PPH0000884,PROD00260,2025-02-23,123000,77000
PPH0000885,PROD00260,2026-04-07,122000,89000
PPH0000886,PROD00261,2024-01-01,276000,199000
PPH0000887,PROD00261,2025-01-23,273000,206000
PPH0000888,PROD00261,2025-03-18,252000,172000
PPH0000889,PROD00261,2026-01-11,274000,207000
PPH0000890,PROD00262,2024-01-01,29000,22000
PPH0000891,PROD00262,2025-02-06,28000,17000
PPH0000892,PROD00262,2025-08-28,28000,17000
PPH0000893,PROD00262,2026-09-07,29000,17000
PPH0000894,PROD00263,2024-01-01,21000,16000
PPH0000895,PROD00263,2025-01-11,22000,16000
PPH0000896,PROD00264,2024-01-01,228000,149000
PPH0000897,PROD00264,2025-11-25,235000,151000
PPH0000898,PROD00264,2026-04-14,226000,138000
PPH0000899,PROD00264,2026-05-30,240000,141000
PPH0000900,PROD00265,2024-01-01,84000,64000
PPH0000901,PROD00265,2025-11-11,83000,58000
PPH0000902,PROD00265,2026-07-14,88000,60000
PPH0000903,PROD00266,2024-01-01,179000,105000
PPH0000904,PROD00266,2025-03-02,181000,139000
PPH0000905,PROD00266,2025-05-23,170000,120000
PPH0000906,PROD00266,2026-08-01,175000,130000
PPH0000907,PROD00267,2024-01-01,270000,203000
PPH0000908,PROD00267,2025-07-17,266000,162000
PPH0000909,PROD00267,2026-01-31,285000,231000
PPH0000910,PROD00267,2026-02-08,299000,185000
PPH0000911,PROD00268,2024-01-01,147000,97000
PPH0000912,PROD00268,2026-03-28,150000,93000
PPH0000913,PROD00268,2026-04-08,140000,90000
PPH0000914,PROD00269,2024-01-01,244000,176000
PPH0000915,PROD00269,2026-01-13,273000,160000
PPH0000916,PROD00269,2026-02-04,276000,188000
PPH0000917,PROD00269,2026-08-01,288000,229000
PPH0000918,PROD00270,2024-01-01,139000,90000
PPH0000919,PROD00270,2025-04-19,150000,100000
PPH0000920,PROD00270,2025-07-19,146000,98000
PPH0000921,PROD00270,2026-02-16,137000,83000
PPH0000922,PROD00271,2024-01-01,278000,194000
PPH0000923,PROD00271,2025-07-23,277000,226000
PPH0000924,PROD00271,2025-11-28,297000,180000
PPH0000925,PROD00271,2026-06-25,314000,230000
PPH0000926,PROD00271,2026-07-11,317000,243000
PPH0000927,PROD00272,2024-01-01,206000,136000
PPH0000928,PROD00272,2026-01-05,210000,162000
PPH0000929,PROD00272,2026-05-29,214000,134000
PPH0000930,PROD00273,2024-01-01,68000,53000
PPH0000931,PROD00273,2025-12-20,70000,49000
PPH0000932,PROD00273,2026-04-04,71000,46000
PPH0000933,PROD00274,2024-01-01,218000,176000
PPH0000934,PROD00274,2026-05-06,224000,134000
PPH0000935,PROD00274,2026-09-23,211000,145000
PPH0000936,PROD00275,2024-01-01,256000,170000
PPH0000937,PROD00275,2025-06-28,274000,192000
PPH0000938,PROD00275,2025-06-29,307000,230000
PPH0000939,PROD00276,2024-01-01,210000,160000
PPH0000940,PROD00276,2025-10-01,214000,134000
PPH0000941,PROD00276,2025-10-04,214000,133000
PPH0000942,PROD00276,2026-09-01,203000,129000
PPH0000943,PROD00277,2024-01-01,190000,127000
PPH0000944,PROD00277,2026-03-10,203000,156000
PPH0000945,PROD00277,2026-08-10,222000,129000
PPH0000946,PROD00277,2026-08-16,213000,142000
PPH0000947,PROD00278,2024-01-01,72000,43000
PPH0000948,PROD00278,2026-09-08,76000,54000
PPH0000949,PROD00279,2024-01-01,316000,243000
PPH0000950,PROD00279,2025-07-08,296000,216000
PPH0000951,PROD00279,2026-03-23,291000,213000
PPH0000952,PROD00279,2026-05-23,324000,232000
PPH0000953,PROD00280,2024-01-01,199000,145000
PPH0000954,PROD00280,2025-06-21,216000,145000
PPH0000955,PROD00280,2026-05-18,234000,188000
PPH0000956,PROD00280,2026-08-09,242000,142000
PPH0000957,PROD00281,2024-01-01,154000,119000
PPH0000958,PROD00281,2026-01-21,152000,113000
PPH0000959,PROD00281,2026-07-20,154000,123000
PPH0000960,PROD00282,2024-01-01,321000,231000
PPH0000961,PROD00282,2025-08-07,324000,220000
PPH0000962,PROD00282,2025-08-28,332000,203000
PPH0000963,PROD00282,2026-05-30,368000,251000
PPH0000964,PROD00282,2026-06-02,407000,281000
PPH0000965,PROD00283,2024-01-01,297000,174000
PPH0000966,PROD00283,2026-03-17,289000,174000
PPH0000967,PROD00284,2024-01-01,310000,225000
PPH0000968,PROD00284,2025-01-28,287000,217000
PPH0000969,PROD00284,2025-04-08,290000,182000
PPH0000970,PROD00284,2025-07-05,285000,212000
PPH0000971,PROD00284,2026-07-16,269000,195000
PPH0000972,PROD00285,2024-01-01,102000,77000
PPH0000973,PROD00285,2025-07-18,95000,77000
PPH0000974,PROD00285,2026-04-11,105000,71000
PPH0000975,PROD00286,2024-01-01,51000,33000
PPH0000976,PROD00286,2025-05-09,53000,33000
PPH0000977,PROD00286,2025-11-03,56000,41000
PPH0000978,PROD00287,2024-01-01,335000,227000
PPH0000979,PROD00287,2025-07-27,345000,235000
PPH0000980,PROD00288,2024-01-01,44000,26000
PPH0000981,PROD00288,2025-07-27,46000,28000
PPH0000982,PROD00289,2024-01-01,168000,136000
PPH0000983,PROD00289,2025-01-22,162000,109000
PPH0000984,PROD00289,2025-09-08,166000,105000
PPH0000985,PROD00289,2026-02-03,174000,128000
PPH0000986,PROD00290,2024-01-01,87000,54000
PPH0000987,PROD00290,2025-06-27,94000,58000
PPH0000988,PROD00290,2025-09-08,101000,59000
PPH0000989,PROD00290,2026-08-01,111000,88000
PPH0000990,PROD00291,2024-01-01,251000,166000
PPH0000991,PROD00291,2025-01-27,274000,185000
PPH0000992,PROD00291,2025-03-24,300000,220000
PPH0000993,PROD00291,2026-01-11,321000,223000
PPH0000994,PROD00292,2024-01-01,80000,64000
PPH0000995,PROD00292,2025-12-22,87000,63000
PPH0000996,PROD00292,2026-06-24,86000,66000
PPH0000997,PROD00293,2024-01-01,150000,114000
PPH0000998,PROD00293,2025-11-16,144000,108000
PPH0000999,PROD00293,2026-01-16,150000,100000
PPH0001000,PROD00294,2024-01-01,133000,91000
PPH0001001,PROD00294,2025-02-17,136000,111000
PPH0001002,PROD00295,2024-01-01,144000,108000
PPH0001003,PROD00295,2025-01-11,160000,128000
PPH0001004,PROD00295,2025-05-21,154000,124000
PPH0001005,PROD00296,2024-01-01,192000,117000
PPH0001006,PROD00296,2025-07-04,182000,111000
PPH0001007,PROD00296,2025-09-20,168000,109000
PPH0001008,PROD00297,2024-01-01,319000,195000
PPH0001009,PROD00297,2025-02-12,310000,247000
PPH0001010,PROD00297,2025-03-16,288000,236000
PPH0001011,PROD00297,2026-02-22,316000,199000
PPH0001012,PROD00298,2024-01-01,68000,51000
PPH0001013,PROD00298,2025-01-23,63000,37000
PPH0001014,PROD00298,2025-09-04,59000,40000
PPH0001015,PROD00299,2024-01-01,194000,157000
PPH0001016,PROD00299,2025-01-25,194000,117000
PPH0001017,PROD00299,2025-07-28,215000,138000
PPH0001018,PROD00300,2024-01-01,53000,38000
PPH0001019,PROD00300,2025-08-14,53000,39000
PPH0001020,PROD00300,2025-12-26,52000,40000
PPH0001021,PROD00300,2026-01-17,57000,39000
PPH0001022,PROD00300,2026-02-24,61000,39000
PPH0001023,PROD00301,2024-01-01,172000,121000
PPH0001024,PROD00301,2025-04-14,167000,133000
PPH0001025,PROD00301,2025-07-23,185000,111000
PPH0001026,PROD00302,2024-01-01,109000,84000
PPH0001027,PROD00302,2025-06-27,104000,70000
PPH0001028,PROD00302,2026-05-30,115000,70000
PPH0001029,PROD00303,2024-01-01,75000,51000
PPH0001030,PROD00303,2025-08-07,71000,54000
PPH0001031,PROD00303,2025-11-10,76000,59000
PPH0001032,PROD00303,2026-06-14,71000,50000
PPH0001033,PROD00304,2024-01-01,161000,98000
PPH0001034,PROD00304,2025-07-03,171000,137000
PPH0001035,PROD00304,2025-11-06,178000,109000
PPH0001036,PROD00304,2026-07-15,194000,144000
PPH0001037,PROD00305,2024-01-01,83000,60000
PPH0001038,PROD00305,2025-02-03,83000,62000
PPH0001039,PROD00305,2026-01-30,85000,60000
PPH0001040,PROD00305,2026-02-04,91000,59000
PPH0001041,PROD00306,2024-01-01,58000,42000
PPH0001042,PROD00306,2025-05-19,55000,45000
PPH0001043,PROD00306,2025-11-11,55000,42000
PPH0001044,PROD00306,2025-12-30,55000,45000
PPH0001045,PROD00307,2024-01-01,287000,234000
PPH0001046,PROD00307,2025-01-20,315000,214000
PPH0001047,PROD00307,2026-02-20,321000,221000
PPH0001048,PROD00308,2024-01-01,197000,124000
PPH0001049,PROD00308,2025-04-10,201000,159000
PPH0001050,PROD00308,2025-07-10,198000,143000
PPH0001051,PROD00308,2026-05-28,210000,160000
PPH0001052,PROD00309,2024-01-01,80000,50000
PPH0001053,PROD00309,2025-11-10,88000,59000
PPH0001054,PROD00310,2024-01-01,77000,62000
PPH0001055,PROD00310,2025-04-21,78000,63000
PPH0001056,PROD00310,2025-08-16,86000,65000
PPH0001057,PROD00311,2024-01-01,22000,14000
PPH0001058,PROD00311,2026-02-21,22000,15000
PPH0001059,PROD00312,2024-01-01,103000,81000
PPH0001060,PROD00312,2025-08-21,98000,80000
PPH0001061,PROD00313,2024-01-01,267000,178000
PPH0001062,PROD00313,2025-05-03,280000,225000
PPH0001063,PROD00314,2024-01-01,205000,144000
PPH0001064,PROD00314,2025-12-06,229000,177000
PPH0001065,PROD00314,2025-12-10,246000,171000
PPH0001066,PROD00314,2026-04-20,254000,154000
PPH0001067,PROD00315,2024-01-01,21000,17000
PPH0001068,PROD00315,2025-09-21,21000,15000
PPH0001069,PROD00315,2025-10-02,24000,19000
PPH0001070,PROD00316,2024-01-01,231000,182000
PPH0001071,PROD00316,2025-02-03,232000,138000
PPH0001072,PROD00316,2026-03-30,232000,176000
PPH0001073,PROD00317,2024-01-01,140000,104000
PPH0001074,PROD00317,2025-05-22,156000,107000
PPH0001075,PROD00317,2025-06-30,170000,139000
PPH0001076,PROD00317,2025-10-27,184000,131000
PPH0001077,PROD00318,2024-01-01,181000,148000
PPH0001078,PROD00318,2025-01-13,182000,116000
PPH0001079,PROD00318,2026-08-01,194000,147000
PPH0001080,PROD00319,2024-01-01,102000,69000
PPH0001081,PROD00319,2025-07-19,108000,72000
PPH0001082,PROD00319,2025-09-14,103000,70000
PPH0001083,PROD00319,2025-10-11,111000,65000
PPH0001084,PROD00319,2026-03-24,124000,99000
PPH0001085,PROD00320,2024-01-01,214000,124000
PPH0001086,PROD00320,2025-08-30,237000,189000
PPH0001087,PROD00320,2026-04-29,227000,141000
PPH0001088,PROD00320,2026-06-14,225000,177000
PPH0001089,PROD00321,2024-01-01,295000,205000
PPH0001090,PROD00321,2025-01-07,328000,244000
PPH0001091,PROD00321,2026-06-23,332000,250000
PPH0001092,PROD00321,2026-09-01,339000,258000
PPH0001093,PROD00322,2024-01-01,249000,177000
PPH0001094,PROD00322,2025-09-11,264000,183000
PPH0001095,PROD00322,2025-12-14,245000,160000
PPH0001096,PROD00323,2024-01-01,205000,123000
PPH0001097,PROD00323,2025-07-03,229000,134000
PPH0001098,PROD00323,2025-10-19,222000,180000
PPH0001099,PROD00324,2024-01-01,92000,62000
PPH0001100,PROD00324,2025-07-06,86000,65000
PPH0001101,PROD00325,2024-01-01,268000,219000
PPH0001102,PROD00325,2025-09-29,264000,158000
PPH0001103,PROD00325,2025-12-28,274000,173000
PPH0001104,PROD00325,2026-09-17,291000,221000
PPH0001105,PROD00326,2024-01-01,264000,175000
PPH0001106,PROD00326,2025-12-22,261000,181000
PPH0001107,PROD00326,2026-02-23,288000,212000
PPH0001108,PROD00327,2024-01-01,157000,111000
PPH0001109,PROD00327,2026-01-01,169000,128000
PPH0001110,PROD00327,2026-03-28,157000,113000
PPH0001111,PROD00327,2026-05-19,165000,101000
PPH0001112,PROD00328,2024-01-01,22000,15000
PPH0001113,PROD00328,2025-03-29,21000,17000
PPH0001114,PROD00328,2025-06-14,20000,14000
PPH0001115,PROD00329,2024-01-01,63000,40000
PPH0001116,PROD00329,2025-04-14,65000,49000
PPH0001117,PROD00330,2024-01-01,108000,66000
PPH0001118,PROD00330,2025-04-08,118000,96000
PPH0001119,PROD00330,2026-06-03,129000,91000
PPH0001120,PROD00331,2024-01-01,193000,124000
PPH0001121,PROD00331,2025-01-24,183000,114000
PPH0001122,PROD00331,2025-08-16,188000,113000
PPH0001123,PROD00331,2026-03-27,202000,134000
PPH0001124,PROD00332,2024-01-01,145000,101000
PPH0001125,PROD00332,2026-05-12,136000,85000
PPH0001126,PROD00333,2024-01-01,282000,164000
PPH0001127,PROD00333,2025-05-10,274000,198000
PPH0001128,PROD00333,2025-11-01,260000,187000
PPH0001129,PROD00333,2026-01-27,286000,232000
PPH0001130,PROD00334,2024-01-01,196000,148000
PPH0001131,PROD00334,2025-03-19,197000,143000
PPH0001132,PROD00334,2025-05-22,204000,121000
PPH0001133,PROD00334,2025-08-13,193000,135000
PPH0001134,PROD00334,2025-10-05,193000,153000
PPH0001135,PROD00335,2024-01-01,164000,105000
PPH0001136,PROD00335,2025-06-14,152000,95000
PPH0001137,PROD00336,2024-01-01,279000,212000
PPH0001138,PROD00336,2026-09-20,288000,210000
PPH0001139,PROD00337,2024-01-01,91000,62000
PPH0001140,PROD00337,2025-06-06,90000,65000
PPH0001141,PROD00337,2025-06-24,91000,63000
PPH0001142,PROD00337,2025-09-23,99000,60000
PPH0001143,PROD00338,2024-01-01,91000,67000
PPH0001144,PROD00338,2025-01-25,102000,60000
PPH0001145,PROD00338,2025-03-10,100000,63000
PPH0001146,PROD00339,2024-01-01,157000,129000
PPH0001147,PROD00339,2025-12-06,173000,131000
PPH0001148,PROD00340,2024-01-01,222000,132000
PPH0001149,PROD00340,2025-07-25,232000,151000
PPH0001150,PROD00340,2026-09-17,246000,193000
PPH0001151,PROD00341,2024-01-01,146000,93000
PPH0001152,PROD00341,2025-02-03,160000,95000
PPH0001153,PROD00341,2026-06-19,179000,106000
PPH0001154,PROD00342,2024-01-01,156000,106000
PPH0001155,PROD00342,2025-11-10,175000,111000
PPH0001156,PROD00343,2024-01-01,95000,64000
PPH0001157,PROD00343,2026-06-03,89000,53000
PPH0001158,PROD00344,2024-01-01,116000,79000
PPH0001159,PROD00344,2025-07-14,113000,90000
PPH0001160,PROD00344,2026-02-10,125000,91000
PPH0001161,PROD00344,2026-04-29,135000,81000
PPH0001162,PROD00345,2024-01-01,256000,150000
PPH0001163,PROD00345,2025-04-20,254000,158000
PPH0001164,PROD00345,2025-06-29,276000,202000
PPH0001165,PROD00345,2026-04-05,272000,213000
PPH0001166,PROD00346,2024-01-01,263000,176000
PPH0001167,PROD00346,2025-11-12,284000,208000
PPH0001168,PROD00346,2026-03-25,263000,198000
PPH0001169,PROD00347,2024-01-01,146000,98000
PPH0001170,PROD00347,2025-06-07,152000,110000
PPH0001171,PROD00347,2025-06-23,168000,118000
PPH0001172,PROD00347,2025-06-27,177000,143000
PPH0001173,PROD00347,2025-12-07,166000,130000
PPH0001174,PROD00348,2024-01-01,190000,147000
PPH0001175,PROD00348,2025-02-24,200000,155000
PPH0001176,PROD00348,2025-07-16,201000,143000
PPH0001177,PROD00348,2025-09-21,207000,153000
PPH0001178,PROD00348,2025-10-23,194000,122000
PPH0001179,PROD00349,2024-01-01,57000,44000
PPH0001180,PROD00349,2025-02-02,62000,41000
PPH0001181,PROD00349,2025-09-30,65000,49000
PPH0001182,PROD00350,2024-01-01,23000,18000
PPH0001183,PROD00350,2025-02-01,22000,16000
PPH0001184,PROD00350,2026-08-29,24000,18000
PPH0001185,PROD00351,2024-01-01,22000,17000
PPH0001186,PROD00351,2025-07-04,22000,15000
PPH0001187,PROD00351,2026-01-29,21000,17000
PPH0001188,PROD00352,2024-01-01,30000,18000
PPH0001189,PROD00352,2025-05-31,32000,25000
PPH0001190,PROD00352,2026-03-03,35000,20000
PPH0001191,PROD00352,2026-05-04,35000,24000
PPH0001192,PROD00353,2024-01-01,45000,28000
PPH0001193,PROD00353,2025-08-25,45000,31000
PPH0001194,PROD00353,2025-10-03,48000,38000
PPH0001195,PROD00353,2025-12-26,51000,31000
PPH0001196,PROD00354,2024-01-01,36000,23000
PPH0001197,PROD00354,2025-11-20,40000,24000
PPH0001198,PROD00354,2025-12-04,40000,29000
PPH0001199,PROD00354,2026-09-04,40000,26000
PPH0001200,PROD00355,2024-01-01,135000,93000
PPH0001201,PROD00355,2025-04-03,132000,97000
PPH0001202,PROD00355,2025-05-09,141000,86000
PPH0001203,PROD00356,2024-01-01,63000,51000
PPH0001204,PROD00356,2025-03-29,59000,45000
PPH0001205,PROD00356,2025-04-08,58000,35000
PPH0001206,PROD00356,2026-08-28,58000,47000
PPH0001207,PROD00357,2024-01-01,277000,188000
PPH0001208,PROD00357,2026-06-18,287000,187000
PPH0001209,PROD00357,2026-07-23,290000,231000
PPH0001210,PROD00358,2024-01-01,124000,98000
PPH0001211,PROD00358,2025-04-09,124000,73000
PPH0001212,PROD00358,2025-04-10,127000,91000
PPH0001213,PROD00359,2024-01-01,276000,186000
PPH0001214,PROD00359,2025-09-05,275000,187000
PPH0001215,PROD00359,2026-08-20,295000,189000
PPH0001216,PROD00360,2024-01-01,115000,71000
PPH0001217,PROD00360,2025-07-22,119000,72000
PPH0001218,PROD00360,2026-07-26,124000,84000
PPH0001219,PROD00361,2024-01-01,223000,170000
PPH0001220,PROD00361,2025-12-19,209000,128000
PPH0001221,PROD00361,2026-02-13,209000,163000
PPH0001222,PROD00362,2024-01-01,228000,137000
PPH0001223,PROD00362,2025-09-22,222000,162000
PPH0001224,PROD00362,2025-12-30,234000,163000
PPH0001225,PROD00362,2026-06-02,260000,175000
PPH0001226,PROD00363,2024-01-01,289000,210000
PPH0001227,PROD00363,2025-10-30,295000,222000
PPH0001228,PROD00364,2024-01-01,153000,110000
PPH0001229,PROD00364,2025-05-05,143000,111000
PPH0001230,PROD00364,2026-07-21,136000,93000
PPH0001231,PROD00364,2026-09-02,138000,85000
PPH0001232,PROD00365,2024-01-01,247000,184000
PPH0001233,PROD00365,2025-10-22,244000,190000
PPH0001234,PROD00366,2024-01-01,289000,175000
PPH0001235,PROD00366,2025-01-15,300000,215000
PPH0001236,PROD00366,2025-04-06,327000,213000
PPH0001237,PROD00367,2024-01-01,74000,46000
PPH0001238,PROD00367,2025-10-03,82000,57000
PPH0001239,PROD00367,2025-10-07,84000,62000
PPH0001240,PROD00367,2026-01-28,83000,63000
PPH0001241,PROD00368,2024-01-01,52000,32000
PPH0001242,PROD00368,2025-04-21,58000,40000
PPH0001243,PROD00368,2025-07-21,56000,35000
PPH0001244,PROD00368,2026-03-14,55000,43000
PPH0001245,PROD00368,2026-08-08,51000,39000
PPH0001246,PROD00369,2024-01-01,28000,20000
PPH0001247,PROD00369,2025-01-30,26000,20000
PPH0001248,PROD00369,2025-03-08,28000,19000
PPH0001249,PROD00370,2024-01-01,26000,18000
PPH0001250,PROD00370,2025-04-02,27000,20000
PPH0001251,PROD00370,2025-07-01,30000,19000
PPH0001252,PROD00370,2026-05-13,34000,20000
PPH0001253,PROD00370,2026-06-11,35000,27000
PPH0001254,PROD00371,2024-01-01,236000,162000
PPH0001255,PROD00371,2025-01-03,223000,165000
PPH0001256,PROD00371,2025-04-26,214000,165000
PPH0001257,PROD00371,2025-12-15,233000,168000
PPH0001258,PROD00372,2024-01-01,112000,75000
PPH0001259,PROD00372,2025-02-12,119000,91000
PPH0001260,PROD00372,2025-08-06,122000,72000
PPH0001261,PROD00372,2026-06-28,135000,88000
PPH0001262,PROD00373,2024-01-01,110000,69000
PPH0001263,PROD00373,2025-04-05,113000,69000
PPH0001264,PROD00373,2025-08-30,108000,63000
PPH0001265,PROD00373,2026-01-09,100000,78000
PPH0001266,PROD00373,2026-03-25,101000,64000
PPH0001267,PROD00374,2024-01-01,297000,202000
PPH0001268,PROD00374,2025-08-04,312000,227000
PPH0001269,PROD00374,2025-10-05,300000,193000
PPH0001270,PROD00375,2024-01-01,29000,18000
PPH0001271,PROD00375,2026-02-01,30000,24000
PPH0001272,PROD00376,2024-01-01,195000,124000
PPH0001273,PROD00376,2025-05-08,212000,161000
PPH0001274,PROD00376,2026-01-14,210000,157000
PPH0001275,PROD00377,2024-01-01,23000,16000
PPH0001276,PROD00377,2025-02-22,23000,16000
PPH0001277,PROD00377,2026-05-23,25000,18000
PPH0001278,PROD00377,2026-07-24,23000,15000
PPH0001279,PROD00378,2024-01-01,268000,180000
PPH0001280,PROD00378,2025-05-18,256000,200000
PPH0001281,PROD00378,2025-12-28,263000,193000
PPH0001282,PROD00379,2024-01-01,251000,180000
PPH0001283,PROD00379,2025-10-16,272000,171000
PPH0001284,PROD00380,2024-01-01,92000,73000
PPH0001285,PROD00380,2025-05-04,86000,69000
PPH0001286,PROD00380,2025-11-03,85000,57000
PPH0001287,PROD00380,2026-08-18,89000,52000
PPH0001288,PROD00381,2024-01-01,279000,196000
PPH0001289,PROD00381,2025-02-22,312000,192000
PPH0001290,PROD00381,2026-01-07,347000,269000
PPH0001291,PROD00381,2026-01-16,386000,285000
PPH0001292,PROD00381,2026-03-17,372000,251000
PPH0001293,PROD00382,2024-01-01,293000,174000
PPH0001294,PROD00382,2025-11-16,300000,174000
PPH0001295,PROD00382,2026-08-28,304000,237000
PPH0001296,PROD00383,2024-01-01,280000,165000
PPH0001297,PROD00383,2025-08-12,283000,181000
PPH0001298,PROD00383,2026-07-09,294000,209000
PPH0001299,PROD00384,2024-01-01,171000,105000
PPH0001300,PROD00384,2025-12-14,158000,119000
PPH0001301,PROD00384,2026-02-09,172000,105000
PPH0001302,PROD00384,2026-08-31,181000,129000
PPH0001303,PROD00385,2024-01-01,75000,49000
PPH0001304,PROD00385,2025-03-05,77000,58000
PPH0001305,PROD00385,2025-10-28,78000,53000
PPH0001306,PROD00385,2026-01-01,85000,66000
PPH0001307,PROD00385,2026-05-19,78000,61000
PPH0001308,PROD00386,2024-01-01,28000,22000
PPH0001309,PROD00386,2025-03-30,27000,22000
PPH0001310,PROD00387,2024-01-01,226000,166000
PPH0001311,PROD00387,2026-02-19,251000,170000
PPH0001312,PROD00387,2026-03-07,254000,153000
PPH0001313,PROD00388,2024-01-01,84000,65000
PPH0001314,PROD00388,2025-02-04,79000,52000
PPH0001315,PROD00388,2025-07-22,86000,56000
PPH0001316,PROD00389,2024-01-01,64000,50000
PPH0001317,PROD00389,2025-07-05,64000,38000
PPH0001318,PROD00389,2025-07-07,66000,41000
PPH0001319,PROD00389,2026-06-28,67000,50000
PPH0001320,PROD00390,2024-01-01,285000,213000
PPH0001321,PROD00390,2025-10-19,288000,176000
PPH0001322,PROD00390,2026-08-05,319000,211000
PPH0001323,PROD00391,2024-01-01,93000,68000
PPH0001324,PROD00391,2025-09-17,89000,65000
PPH0001325,PROD00391,2026-05-26,86000,52000
PPH0001326,PROD00391,2026-06-12,95000,61000
PPH0001327,PROD00392,2024-01-01,231000,136000
PPH0001328,PROD00392,2025-03-13,213000,169000
PPH0001329,PROD00392,2025-09-17,205000,133000
PPH0001330,PROD00393,2024-01-01,246000,174000
PPH0001331,PROD00393,2025-02-14,250000,190000
PPH0001332,PROD00393,2025-10-28,272000,187000
PPH0001333,PROD00393,2026-01-18,276000,169000
PPH0001334,PROD00394,2024-01-01,158000,94000
PPH0001335,PROD00394,2025-03-04,159000,100000
PPH0001336,PROD00394,2025-09-05,175000,126000
PPH0001337,PROD00395,2024-01-01,222000,152000
PPH0001338,PROD00395,2025-12-11,213000,160000
PPH0001339,PROD00395,2026-07-25,202000,159000
PPH0001340,PROD00396,2024-01-01,233000,167000
PPH0001341,PROD00396,2025-03-12,240000,180000
PPH0001342,PROD00397,2024-01-01,25000,16000
PPH0001343,PROD00397,2025-04-01,28000,17000
PPH0001344,PROD00397,2025-12-18,28000,20000
PPH0001345,PROD00397,2026-06-27,31000,23000
PPH0001346,PROD00398,2024-01-01,256000,171000
PPH0001347,PROD00398,2026-07-06,260000,207000
PPH0001348,PROD00399,2024-01-01,200000,135000
PPH0001349,PROD00399,2026-07-15,200000,135000
PPH0001350,PROD00399,2026-07-21,220000,155000
PPH0001351,PROD00400,2024-01-01,258000,157000
PPH0001352,PROD00400,2026-01-31,245000,144000
PPH0001353,PROD00400,2026-08-01,251000,167000
PPH0001354,PROD00401,2024-01-01,86000,59000
PPH0001355,PROD00401,2025-07-19,86000,55000
PPH0001356,PROD00401,2026-05-22,86000,64000
PPH0001357,PROD00402,2024-01-01,252000,194000
PPH0001358,PROD00402,2025-05-28,262000,195000
PPH0001359,PROD00402,2025-10-17,275000,211000
PPH0001360,PROD00402,2025-10-18,304000,229000
PPH0001361,PROD00402,2026-01-29,331000,265000
PPH0001362,PROD00403,2024-01-01,530000,315000
PPH0001363,PROD00403,2025-07-28,579000,460000
PPH0001364,PROD00403,2025-08-05,553000,380000
PPH0001365,PROD00403,2025-10-23,584000,426000
PPH0001366,PROD00403,2025-12-18,589000,365000
PPH0001367,PROD00404,2024-01-01,266000,202000
PPH0001368,PROD00404,2025-05-20,250000,185000
PPH0001369,PROD00404,2026-02-26,274000,164000
PPH0001370,PROD00405,2024-01-01,544000,317000
PPH0001371,PROD00405,2025-02-02,595000,482000
PPH0001372,PROD00405,2025-05-14,558000,352000
PPH0001373,PROD00405,2026-03-08,570000,387000
PPH0001374,PROD00406,2024-01-01,332000,240000
PPH0001375,PROD00406,2026-01-08,343000,223000
PPH0001376,PROD00406,2026-07-17,327000,240000
PPH0001377,PROD00407,2024-01-01,547000,360000
PPH0001378,PROD00407,2025-07-01,539000,425000
PPH0001379,PROD00407,2026-04-06,603000,363000
PPH0001380,PROD00408,2024-01-01,341000,263000
PPH0001381,PROD00408,2025-10-17,357000,278000
PPH0001382,PROD00409,2024-01-01,500000,347000
PPH0001383,PROD00409,2025-01-19,473000,323000
PPH0001384,PROD00409,2025-06-30,457000,355000
PPH0001385,PROD00409,2025-07-19,463000,272000
PPH0001386,PROD00409,2025-07-24,437000,345000
PPH0001387,PROD00410,2024-01-01,387000,283000
PPH0001388,PROD00410,2025-03-17,363000,256000
PPH0001389,PROD00410,2025-07-04,405000,240000
PPH0001390,PROD00410,2025-08-02,432000,353000
PPH0001391,PROD00410,2025-08-15,403000,309000
PPH0001392,PROD00411,2024-01-01,415000,262000
PPH0001393,PROD00411,2025-03-13,400000,299000
PPH0001394,PROD00411,2025-06-15,408000,240000
PPH0001395,PROD00411,2025-09-27,424000,260000
PPH0001396,PROD00412,2024-01-01,323000,205000
PPH0001397,PROD00412,2025-10-15,334000,238000
PPH0001398,PROD00412,2025-12-07,324000,204000
PPH0001399,PROD00413,2024-01-01,353000,281000
PPH0001400,PROD00413,2025-08-25,388000,256000
PPH0001401,PROD00414,2024-01-01,217000,129000
PPH0001402,PROD00414,2025-05-12,223000,150000
PPH0001403,PROD00414,2025-10-11,237000,152000
PPH0001404,PROD00415,2024-01-01,54000,36000
PPH0001405,PROD00415,2025-01-01,57000,35000
PPH0001406,PROD00415,2025-10-29,63000,48000
PPH0001407,PROD00415,2026-01-25,63000,37000
PPH0001408,PROD00415,2026-08-06,62000,47000
PPH0001409,PROD00416,2024-01-01,310000,248000
PPH0001410,PROD00416,2025-04-01,313000,247000
PPH0001411,PROD00416,2025-11-24,312000,221000
PPH0001412,PROD00416,2026-04-26,306000,199000
PPH0001413,PROD00417,2024-01-01,87000,63000
PPH0001414,PROD00417,2026-09-21,83000,66000
PPH0001415,PROD00418,2024-01-01,169000,102000
PPH0001416,PROD00418,2025-03-28,156000,107000
PPH0001417,PROD00418,2026-07-23,157000,111000
PPH0001418,PROD00419,2024-01-01,320000,201000
PPH0001419,PROD00419,2025-01-31,348000,256000
PPH0001420,PROD00419,2025-10-28,350000,229000
PPH0001421,PROD00419,2026-08-13,366000,222000
PPH0001422,PROD00419,2026-09-01,352000,272000
PPH0001423,PROD00420,2024-01-01,510000,392000
PPH0001424,PROD00420,2025-09-17,514000,309000
PPH0001425,PROD00421,2024-01-01,37000,30000
PPH0001426,PROD00421,2025-11-09,35000,21000
PPH0001427,PROD00422,2024-01-01,525000,330000
PPH0001428,PROD00422,2025-02-08,562000,374000
PPH0001429,PROD00422,2025-02-24,586000,460000
PPH0001430,PROD00422,2025-07-05,616000,386000
PPH0001431,PROD00423,2024-01-01,201000,140000
PPH0001432,PROD00423,2025-05-10,209000,152000
PPH0001433,PROD00423,2025-05-11,215000,170000
PPH0001434,PROD00423,2025-12-03,228000,154000
PPH0001435,PROD00424,2024-01-01,512000,325000
PPH0001436,PROD00424,2025-04-13,564000,433000
PPH0001437,PROD00424,2025-07-28,564000,377000
PPH0001438,PROD00424,2025-10-16,592000,413000
PPH0001439,PROD00425,2024-01-01,435000,277000
PPH0001440,PROD00425,2025-09-12,477000,297000
PPH0001441,PROD00425,2026-06-02,533000,320000
PPH0001442,PROD00425,2026-06-04,583000,392000
PPH0001443,PROD00426,2024-01-01,144000,104000
PPH0001444,PROD00426,2025-01-13,138000,105000
PPH0001445,PROD00426,2025-02-10,140000,99000
PPH0001446,PROD00426,2025-12-07,151000,97000
PPH0001447,PROD00426,2025-12-24,160000,96000
PPH0001448,PROD00427,2024-01-01,132000,79000
PPH0001449,PROD00427,2025-11-12,141000,108000
PPH0001450,PROD00427,2026-02-08,145000,103000
PPH0001451,PROD00427,2026-09-10,145000,106000
PPH0001452,PROD00428,2024-01-01,437000,296000
PPH0001453,PROD00428,2025-06-29,487000,375000
PPH0001454,PROD00428,2025-11-08,465000,365000
PPH0001455,PROD00429,2024-01-01,299000,218000
PPH0001456,PROD00429,2025-01-02,293000,191000
PPH0001457,PROD00429,2026-06-26,288000,175000
PPH0001458,PROD00430,2024-01-01,519000,313000
PPH0001459,PROD00430,2025-04-29,482000,311000
PPH0001460,PROD00430,2026-07-27,519000,334000
PPH0001461,PROD00431,2024-01-01,55000,45000
PPH0001462,PROD00431,2025-06-05,62000,46000
PPH0001463,PROD00431,2026-05-02,59000,46000
PPH0001464,PROD00432,2024-01-01,368000,243000
PPH0001465,PROD00432,2025-06-16,369000,241000
PPH0001466,PROD00432,2025-09-03,402000,275000
PPH0001467,PROD00433,2024-01-01,71000,50000
PPH0001468,PROD00433,2025-06-01,70000,54000
PPH0001469,PROD00433,2025-08-26,70000,41000
PPH0001470,PROD00434,2024-01-01,362000,226000
PPH0001471,PROD00434,2026-03-31,362000,284000
PPH0001472,PROD00435,2024-01-01,179000,122000
PPH0001473,PROD00435,2025-04-01,197000,158000
PPH0001474,PROD00435,2025-10-09,184000,108000
PPH0001475,PROD00436,2024-01-01,398000,297000
PPH0001476,PROD00436,2025-06-23,433000,342000
PPH0001477,PROD00436,2026-05-01,440000,333000
PPH0001478,PROD00437,2024-01-01,238000,165000
PPH0001479,PROD00437,2026-08-01,253000,156000
PPH0001480,PROD00438,2024-01-01,177000,125000
PPH0001481,PROD00438,2025-01-30,176000,110000
PPH0001482,PROD00438,2026-08-21,180000,137000
PPH0001483,PROD00438,2026-09-04,181000,128000
PPH0001484,PROD00439,2024-01-01,398000,266000
PPH0001485,PROD00439,2025-11-29,383000,314000
PPH0001486,PROD00439,2026-05-02,396000,261000
PPH0001487,PROD00440,2024-01-01,338000,248000
PPH0001488,PROD00440,2025-03-18,325000,226000
PPH0001489,PROD00440,2026-08-05,307000,192000
PPH0001490,PROD00441,2024-01-01,532000,319000
PPH0001491,PROD00441,2025-04-23,548000,388000
PPH0001492,PROD00441,2025-05-29,571000,371000
PPH0001493,PROD00442,2024-01-01,453000,319000
PPH0001494,PROD00442,2026-05-02,426000,303000
PPH0001495,PROD00442,2026-05-19,427000,347000
PPH0001496,PROD00443,2024-01-01,224000,132000
PPH0001497,PROD00443,2025-01-21,250000,198000
PPH0001498,PROD00443,2025-04-19,255000,184000
PPH0001499,PROD00443,2025-08-15,251000,182000
PPH0001500,PROD00443,2026-03-20,247000,189000
PPH0001501,PROD00444,2024-01-01,526000,426000
PPH0001502,PROD00444,2025-02-11,567000,390000
PPH0001503,PROD00444,2025-06-24,617000,412000
PPH0001504,PROD00445,2024-01-01,49000,36000
PPH0001505,PROD00445,2025-03-03,48000,38000
PPH0001506,PROD00445,2025-04-11,50000,31000
PPH0001507,PROD00445,2026-01-06,52000,32000
PPH0001508,PROD00445,2026-05-13,51000,33000
PPH0001509,PROD00446,2024-01-01,482000,323000
PPH0001510,PROD00446,2025-06-19,529000,325000
PPH0001511,PROD00446,2025-12-28,574000,361000
PPH0001512,PROD00446,2026-01-30,592000,399000
PPH0001513,PROD00447,2024-01-01,145000,116000
PPH0001514,PROD00447,2025-03-26,159000,93000
PPH0001515,PROD00447,2025-03-31,166000,131000
PPH0001516,PROD00447,2026-07-22,175000,105000
PPH0001517,PROD00448,2024-01-01,90000,56000
PPH0001518,PROD00448,2025-11-30,89000,65000
PPH0001519,PROD00449,2024-01-01,39000,26000
PPH0001520,PROD00449,2025-03-04,39000,28000
PPH0001521,PROD00449,2025-08-14,36000,21000
PPH0001522,PROD00449,2025-11-01,34000,27000
PPH0001523,PROD00449,2026-02-04,35000,27000
PPH0001524,PROD00450,2024-01-01,394000,321000
PPH0001525,PROD00450,2025-04-30,439000,345000
PPH0001526,PROD00451,2024-01-01,372000,283000
PPH0001527,PROD00451,2025-04-03,355000,277000
PPH0001528,PROD00452,2024-01-01,304000,229000
PPH0001529,PROD00452,2025-02-01,316000,250000
PPH0001530,PROD00452,2025-04-13,325000,236000
PPH0001531,PROD00452,2026-05-21,342000,221000
PPH0001532,PROD00453,2024-01-01,255000,156000
PPH0001533,PROD00453,2025-12-10,262000,210000
PPH0001534,PROD00453,2026-04-26,277000,178000
PPH0001535,PROD00454,2024-01-01,169000,133000
PPH0001536,PROD00454,2025-09-15,169000,107000
PPH0001537,PROD00455,2024-01-01,537000,342000
PPH0001538,PROD00455,2025-12-06,599000,411000
PPH0001539,PROD00455,2026-08-11,650000,378000
PPH0001540,PROD00456,2024-01-01,186000,144000
PPH0001541,PROD00456,2026-01-15,175000,128000
PPH0001542,PROD00456,2026-05-26,166000,136000
PPH0001543,PROD00457,2024-01-01,370000,285000
PPH0001544,PROD00457,2025-05-24,354000,272000
PPH0001545,PROD00457,2026-07-12,350000,281000
PPH0001546,PROD00458,2024-01-01,67000,47000
PPH0001547,PROD00458,2025-10-07,63000,52000
PPH0001548,PROD00458,2025-11-22,69000,54000
PPH0001549,PROD00458,2025-11-24,66000,54000
PPH0001550,PROD00458,2025-12-25,70000,41000
PPH0001551,PROD00459,2024-01-01,333000,243000
PPH0001552,PROD00459,2025-04-15,350000,282000
PPH0001553,PROD00459,2026-05-30,383000,249000
PPH0001554,PROD00460,2024-01-01,328000,235000
PPH0001555,PROD00460,2025-01-10,340000,256000
PPH0001556,PROD00460,2025-06-23,353000,209000
PPH0001557,PROD00460,2026-05-02,374000,294000
PPH0001558,PROD00460,2026-08-16,384000,260000
PPH0001559,PROD00461,2024-01-01,355000,266000
PPH0001560,PROD00461,2026-04-13,358000,252000
PPH0001561,PROD00461,2026-08-31,386000,256000
PPH0001562,PROD00462,2024-01-01,185000,127000
PPH0001563,PROD00462,2025-03-09,195000,127000
PPH0001564,PROD00462,2025-07-14,183000,138000
PPH0001565,PROD00462,2026-05-03,204000,156000
PPH0001566,PROD00463,2024-01-01,327000,245000
PPH0001567,PROD00463,2026-02-05,314000,196000
PPH0001568,PROD00463,2026-02-09,347000,267000
PPH0001569,PROD00464,2024-01-01,99000,67000
PPH0001570,PROD00464,2026-01-09,97000,57000
PPH0001571,PROD00464,2026-09-02,91000,60000
PPH0001572,PROD00465,2024-01-01,200000,152000
PPH0001573,PROD00465,2025-01-29,199000,130000
PPH0001574,PROD00465,2026-07-01,185000,142000
PPH0001575,PROD00466,2024-01-01,429000,287000
PPH0001576,PROD00466,2025-10-23,404000,244000
PPH0001577,PROD00466,2026-07-08,386000,295000
PPH0001578,PROD00467,2024-01-01,331000,247000
PPH0001579,PROD00467,2026-06-21,312000,186000
PPH0001580,PROD00467,2026-07-25,341000,254000
PPH0001581,PROD00468,2024-01-01,508000,379000
PPH0001582,PROD00468,2026-01-18,528000,368000
PPH0001583,PROD00468,2026-04-15,500000,373000
PPH0001584,PROD00468,2026-06-23,518000,425000
PPH0001585,PROD00469,2024-01-01,260000,179000
PPH0001586,PROD00469,2025-07-14,281000,178000
PPH0001587,PROD00469,2025-10-18,273000,180000
PPH0001588,PROD00469,2026-08-06,257000,165000
PPH0001589,PROD00470,2024-01-01,226000,170000
PPH0001590,PROD00470,2025-02-01,214000,136000
PPH0001591,PROD00470,2025-11-09,225000,168000
PPH0001592,PROD00470,2025-12-18,232000,161000
PPH0001593,PROD00471,2024-01-01,122000,71000
PPH0001594,PROD00471,2025-01-30,116000,88000
PPH0001595,PROD00471,2025-09-20,110000,84000
PPH0001596,PROD00471,2026-01-20,117000,74000
PPH0001597,PROD00472,2024-01-01,267000,164000
PPH0001598,PROD00472,2026-04-15,291000,214000
PPH0001599,PROD00472,2026-08-22,283000,177000
PPH0001600,PROD00472,2026-09-04,290000,205000
PPH0001601,PROD00473,2024-01-01,404000,270000
PPH0001602,PROD00473,2025-09-14,404000,331000
PPH0001603,PROD00473,2026-06-14,372000,254000
PPH0001604,PROD00473,2026-07-23,382000,269000
PPH0001605,PROD00474,2024-01-01,448000,296000
PPH0001606,PROD00474,2025-09-04,477000,341000
PPH0001607,PROD00474,2026-08-03,526000,381000
PPH0001608,PROD00475,2024-01-01,372000,303000
PPH0001609,PROD00475,2025-10-23,380000,292000
PPH0001610,PROD00476,2024-01-01,312000,211000
PPH0001611,PROD00476,2025-04-02,312000,248000
PPH0001612,PROD00476,2025-10-30,306000,182000
PPH0001613,PROD00476,2026-08-24,305000,211000
PPH0001614,PROD00477,2024-01-01,168000,107000
PPH0001615,PROD00477,2025-01-09,180000,113000
PPH0001616,PROD00477,2026-02-18,189000,143000
PPH0001617,PROD00478,2024-01-01,399000,315000
PPH0001618,PROD00478,2026-06-05,422000,326000
PPH0001619,PROD00479,2024-01-01,547000,378000
PPH0001620,PROD00479,2025-09-18,576000,398000
PPH0001621,PROD00480,2024-01-01,26000,19000
PPH0001622,PROD00480,2025-08-09,29000,24000
PPH0001623,PROD00480,2025-11-26,29000,21000
PPH0001624,PROD00480,2026-06-15,28000,19000
PPH0001625,PROD00481,2024-01-01,74000,53000
PPH0001626,PROD00481,2026-05-26,71000,56000
PPH0001627,PROD00481,2026-06-04,69000,55000
PPH0001628,PROD00482,2024-01-01,197000,150000
PPH0001629,PROD00482,2025-07-13,183000,123000
PPH0001630,PROD00482,2025-08-13,177000,113000
PPH0001631,PROD00482,2026-02-24,197000,159000
PPH0001632,PROD00483,2024-01-01,201000,148000
PPH0001633,PROD00483,2025-08-04,203000,149000
PPH0001634,PROD00483,2026-02-20,191000,123000
PPH0001635,PROD00484,2024-01-01,222000,137000
PPH0001636,PROD00484,2025-08-04,218000,141000
PPH0001637,PROD00484,2026-01-13,223000,135000
PPH0001638,PROD00484,2026-01-23,231000,189000
PPH0001639,PROD00485,2024-01-01,462000,295000
PPH0001640,PROD00485,2025-05-15,476000,390000
PPH0001641,PROD00485,2026-04-12,484000,306000
PPH0001642,PROD00485,2026-07-13,449000,367000
PPH0001643,PROD00486,2024-01-01,314000,253000
PPH0001644,PROD00486,2025-07-12,315000,248000
PPH0001645,PROD00486,2025-12-21,339000,235000
PPH0001646,PROD00486,2026-02-15,335000,263000
PPH0001647,PROD00487,2024-01-01,391000,250000
PPH0001648,PROD00487,2025-05-14,370000,245000
PPH0001649,PROD00487,2025-07-21,342000,277000
PPH0001650,PROD00487,2025-08-20,350000,267000
PPH0001651,PROD00487,2026-06-02,373000,218000
PPH0001652,PROD00488,2024-01-01,378000,272000
PPH0001653,PROD00488,2025-10-07,357000,248000
PPH0001654,PROD00488,2025-11-22,392000,310000
PPH0001655,PROD00489,2024-01-01,303000,229000
PPH0001656,PROD00489,2025-08-21,303000,205000
PPH0001657,PROD00489,2026-07-07,291000,238000
PPH0001658,PROD00490,2024-01-01,158000,92000
PPH0001659,PROD00490,2025-03-13,147000,94000
PPH0001660,PROD00490,2025-11-11,159000,112000
PPH0001661,PROD00491,2024-01-01,401000,280000
PPH0001662,PROD00491,2025-04-30,381000,235000
PPH0001663,PROD00491,2025-11-03,372000,251000
PPH0001664,PROD00491,2026-01-12,402000,268000
PPH0001665,PROD00492,2024-01-01,518000,381000
PPH0001666,PROD00492,2026-01-18,532000,431000
PPH0001667,PROD00492,2026-07-23,517000,329000
PPH0001668,PROD00493,2024-01-01,383000,311000
PPH0001669,PROD00493,2025-03-11,394000,232000
PPH0001670,PROD00493,2025-03-18,365000,234000
PPH0001671,PROD00494,2024-01-01,318000,222000
PPH0001672,PROD00494,2025-11-23,296000,208000
PPH0001673,PROD00494,2025-12-11,331000,252000
PPH0001674,PROD00495,2024-01-01,456000,322000
PPH0001675,PROD00495,2026-02-04,463000,298000
PPH0001676,PROD00495,2026-07-23,446000,352000
PPH0001677,PROD00495,2026-09-01,456000,308000
PPH0001678,PROD00496,2024-01-01,324000,259000
PPH0001679,PROD00496,2025-04-21,303000,218000
PPH0001680,PROD00496,2025-10-24,302000,238000
PPH0001681,PROD00496,2025-12-02,308000,230000
PPH0001682,PROD00496,2026-04-17,320000,247000
PPH0001683,PROD00497,2024-01-01,325000,263000
PPH0001684,PROD00497,2025-06-17,321000,248000
PPH0001685,PROD00497,2026-03-16,321000,190000
PPH0001686,PROD00497,2026-07-21,334000,224000
PPH0001687,PROD00497,2026-08-27,342000,259000
PPH0001688,PROD00498,2024-01-01,476000,307000
PPH0001689,PROD00498,2025-07-28,465000,295000
PPH0001690,PROD00499,2024-01-01,365000,277000
PPH0001691,PROD00499,2025-09-22,401000,311000
PPH0001692,PROD00499,2025-10-10,447000,267000
PPH0001693,PROD00499,2025-11-10,430000,335000
PPH0001694,PROD00500,2024-01-01,53000,41000
PPH0001695,PROD00500,2025-09-20,54000,35000
PPH0001696,PROD00501,2024-01-01,13000,8000
PPH0001697,PROD00501,2026-03-16,14000,9000
PPH0001698,PROD00502,2024-01-01,114000,80000
PPH0001699,PROD00502,2025-09-23,110000,84000
PPH0001700,PROD00502,2025-11-30,104000,77000
PPH0001701,PROD00502,2026-02-12,100000,59000
PPH0001702,PROD00502,2026-06-08,94000,67000
PPH0001703,PROD00503,2024-01-01,83000,50000
PPH0001704,PROD00503,2025-05-04,84000,61000
PPH0001705,PROD00503,2025-06-12,82000,56000
PPH0001706,PROD00504,2024-01-01,182000,121000
PPH0001707,PROD00504,2025-10-20,191000,144000
PPH0001708,PROD00505,2024-01-01,144000,96000
PPH0001709,PROD00505,2025-11-08,159000,108000
PPH0001710,PROD00505,2026-05-25,178000,125000
PPH0001711,PROD00506,2024-01-01,75000,52000
PPH0001712,PROD00506,2025-06-05,74000,44000
PPH0001713,PROD00506,2025-12-17,80000,59000
PPH0001714,PROD00506,2026-04-08,88000,60000
PPH0001715,PROD00507,2024-01-01,49000,33000
PPH0001716,PROD00507,2025-01-14,51000,37000
PPH0001717,PROD00507,2026-07-14,54000,42000
PPH0001718,PROD00508,2024-01-01,85000,54000
PPH0001719,PROD00508,2025-05-14,82000,52000
PPH0001720,PROD00508,2025-06-11,81000,49000
PPH0001721,PROD00508,2026-06-12,76000,50000
PPH0001722,PROD00508,2026-07-03,74000,58000
PPH0001723,PROD00509,2024-01-01,95000,73000
PPH0001724,PROD00509,2025-07-25,92000,72000
PPH0001725,PROD00509,2026-07-29,101000,60000
PPH0001726,PROD00510,2024-01-01,35000,21000
PPH0001727,PROD00510,2025-12-09,38000,30000
PPH0001728,PROD00510,2025-12-17,41000,28000
PPH0001729,PROD00511,2024-01-01,144000,112000
PPH0001730,PROD00511,2025-12-27,148000,100000
PPH0001731,PROD00511,2026-02-10,156000,99000
PPH0001732,PROD00512,2024-01-01,56000,34000
PPH0001733,PROD00512,2025-01-02,55000,40000
PPH0001734,PROD00512,2025-12-09,60000,39000
PPH0001735,PROD00512,2026-03-30,64000,40000
PPH0001736,PROD00513,2024-01-01,31000,22000
PPH0001737,PROD00513,2025-06-18,34000,22000
PPH0001738,PROD00513,2025-07-26,33000,23000
PPH0001739,PROD00513,2026-04-03,34000,22000
PPH0001740,PROD00513,2026-08-26,37000,26000
PPH0001741,PROD00514,2024-01-01,18000,11000
PPH0001742,PROD00514,2025-11-14,17000,11000
PPH0001743,PROD00514,2026-06-07,19000,15000
PPH0001744,PROD00515,2024-01-01,72000,53000
PPH0001745,PROD00515,2025-01-08,79000,52000
PPH0001746,PROD00515,2025-09-08,75000,47000
PPH0001747,PROD00515,2026-02-22,76000,58000
PPH0001748,PROD00515,2026-07-29,78000,49000
PPH0001749,PROD00516,2024-01-01,78000,58000
PPH0001750,PROD00516,2025-12-31,78000,61000
PPH0001751,PROD00517,2024-01-01,191000,117000
PPH0001752,PROD00517,2025-10-26,205000,125000
PPH0001753,PROD00517,2026-08-15,198000,115000
PPH0001754,PROD00518,2024-01-01,130000,98000
PPH0001755,PROD00518,2025-08-27,131000,79000
PPH0001756,PROD00518,2025-11-06,139000,86000
PPH0001757,PROD00519,2024-01-01,84000,54000
PPH0001758,PROD00519,2025-10-22,90000,71000
PPH0001759,PROD00519,2026-05-14,86000,57000
PPH0001760,PROD00519,2026-06-08,96000,66000
PPH0001761,PROD00520,2024-01-01,97000,71000
PPH0001762,PROD00520,2025-05-16,105000,71000
PPH0001763,PROD00520,2025-10-10,105000,78000
PPH0001764,PROD00520,2026-05-13,97000,57000
PPH0001765,PROD00521,2024-01-01,128000,94000
PPH0001766,PROD00521,2025-09-15,123000,81000
PPH0001767,PROD00522,2024-01-01,99000,77000
PPH0001768,PROD00522,2026-05-20,93000,56000
PPH0001769,PROD00522,2026-08-25,94000,76000
PPH0001770,PROD00523,2024-01-01,34000,27000
PPH0001771,PROD00523,2026-07-14,35000,23000
PPH0001772,PROD00524,2024-01-01,87000,68000
PPH0001773,PROD00524,2025-03-28,82000,49000
PPH0001774,PROD00524,2026-01-26,77000,51000
PPH0001775,PROD00525,2024-01-01,167000,134000
PPH0001776,PROD00525,2025-07-02,184000,138000
PPH0001777,PROD00525,2026-02-11,190000,140000
PPH0001778,PROD00525,2026-05-01,205000,149000
PPH0001779,PROD00526,2024-01-01,165000,133000
PPH0001780,PROD00526,2025-05-18,159000,110000
PPH0001781,PROD00526,2025-10-06,164000,108000
PPH0001782,PROD00526,2026-05-09,172000,105000
PPH0001783,PROD00526,2026-09-18,189000,110000
PPH0001784,PROD00527,2024-01-01,107000,79000
PPH0001785,PROD00527,2025-09-27,99000,76000
PPH0001786,PROD00527,2026-05-12,102000,76000
PPH0001787,PROD00528,2024-01-01,74000,46000
PPH0001788,PROD00528,2025-09-02,70000,46000
PPH0001789,PROD00528,2026-04-22,67000,53000
PPH0001790,PROD00529,2024-01-01,31000,22000
PPH0001791,PROD00529,2025-01-29,30000,19000
PPH0001792,PROD00529,2025-10-31,32000,19000
PPH0001793,PROD00530,2024-01-01,147000,112000
PPH0001794,PROD00530,2025-03-19,155000,126000
PPH0001795,PROD00531,2024-01-01,13000,10000
PPH0001796,PROD00531,2025-01-29,14000,10000
PPH0001797,PROD00531,2025-05-16,15000,9000
PPH0001798,PROD00531,2026-07-11,16000,13000
PPH0001799,PROD00531,2026-08-19,15000,10000
PPH0001800,PROD00532,2024-01-01,47000,28000
PPH0001801,PROD00532,2026-04-06,48000,30000
PPH0001802,PROD00533,2024-01-01,87000,63000
PPH0001803,PROD00533,2025-05-01,88000,56000
PPH0001804,PROD00533,2025-12-22,84000,57000
PPH0001805,PROD00533,2026-04-30,83000,64000
PPH0001806,PROD00534,2024-01-01,64000,41000
PPH0001807,PROD00534,2026-08-30,69000,42000
PPH0001808,PROD00535,2024-01-01,32000,26000
PPH0001809,PROD00535,2026-06-06,30000,22000
PPH0001810,PROD00535,2026-06-29,32000,23000
PPH0001811,PROD00536,2024-01-01,159000,124000
PPH0001812,PROD00536,2025-06-27,162000,125000
PPH0001813,PROD00536,2026-03-07,161000,97000
PPH0001814,PROD00536,2026-04-24,163000,124000
PPH0001815,PROD00537,2024-01-01,26000,15000
PPH0001816,PROD00537,2025-05-08,27000,18000
PPH0001817,PROD00537,2025-05-20,29000,22000
PPH0001818,PROD00538,2024-01-01,25000,18000
PPH0001819,PROD00538,2025-02-11,26000,21000
PPH0001820,PROD00538,2025-07-08,29000,18000
PPH0001821,PROD00539,2024-01-01,119000,79000
PPH0001822,PROD00539,2025-02-03,125000,83000
PPH0001823,PROD00539,2025-06-25,129000,105000
PPH0001824,PROD00539,2025-11-15,132000,78000
PPH0001825,PROD00540,2024-01-01,129000,82000
PPH0001826,PROD00540,2025-02-20,124000,73000
PPH0001827,PROD00540,2025-09-03,131000,82000
PPH0001828,PROD00540,2025-12-30,136000,96000
PPH0001829,PROD00541,2024-01-01,12000,8000
PPH0001830,PROD00541,2025-04-03,12000,8000
PPH0001831,PROD00541,2025-05-17,12000,7000
PPH0001832,PROD00542,2024-01-01,32000,26000
PPH0001833,PROD00542,2025-05-16,31000,25000
PPH0001834,PROD00542,2025-09-07,32000,26000
PPH0001835,PROD00542,2026-06-14,34000,26000
PPH0001836,PROD00543,2024-01-01,61000,42000
PPH0001837,PROD00543,2026-04-27,61000,44000
PPH0001838,PROD00544,2024-01-01,131000,104000
PPH0001839,PROD00544,2025-01-17,121000,72000
PPH0001840,PROD00544,2025-09-05,127000,102000
PPH0001841,PROD00544,2025-09-24,130000,99000
PPH0001842,PROD00545,2024-01-01,160000,104000
PPH0001843,PROD00545,2025-03-30,178000,125000
PPH0001844,PROD00545,2025-09-26,191000,138000
PPH0001845,PROD00545,2025-12-30,179000,112000
PPH0001846,PROD00545,2026-06-17,174000,121000
PPH0001847,PROD00546,2024-01-01,186000,128000
PPH0001848,PROD00546,2025-05-10,190000,133000
PPH0001849,PROD00546,2025-12-05,183000,115000
PPH0001850,PROD00547,2024-01-01,91000,62000
PPH0001851,PROD00547,2025-04-10,90000,56000
PPH0001852,PROD00547,2025-08-06,94000,74000
PPH0001853,PROD00547,2025-10-13,94000,74000
PPH0001854,PROD00547,2026-04-07,94000,71000
PPH0001855,PROD00548,2024-01-01,46000,32000
PPH0001856,PROD00548,2025-04-02,46000,28000
PPH0001857,PROD00548,2026-08-10,48000,37000
PPH0001858,PROD00549,2024-01-01,196000,123000
PPH0001859,PROD00549,2025-06-26,184000,115000
PPH0001860,PROD00549,2026-03-30,184000,142000
PPH0001861,PROD00550,2024-01-01,46000,29000
PPH0001862,PROD00550,2025-12-25,43000,30000
PPH0001863,PROD00550,2026-02-19,46000,29000
PPH0001864,PROD00550,2026-04-11,51000,31000
PPH0001865,PROD00550,2026-07-06,57000,38000
PPH0001866,PROD00551,2024-01-01,161000,129000
PPH0001867,PROD00551,2025-10-08,165000,126000
PPH0001868,PROD00551,2026-02-24,157000,92000
PPH0001869,PROD00551,2026-07-02,148000,118000
PPH0001870,PROD00551,2026-07-28,165000,120000
PPH0001871,PROD00552,2024-01-01,40000,28000
PPH0001872,PROD00552,2025-04-26,43000,34000
PPH0001873,PROD00553,2024-01-01,76000,52000
PPH0001874,PROD00553,2025-06-15,78000,60000
PPH0001875,PROD00553,2026-08-01,85000,58000
PPH0001876,PROD00554,2024-01-01,174000,134000
PPH0001877,PROD00554,2025-06-08,177000,124000
PPH0001878,PROD00554,2025-11-29,178000,132000
PPH0001879,PROD00555,2024-01-01,11000,8000
PPH0001880,PROD00555,2025-03-07,11000,7000
PPH0001881,PROD00555,2026-03-03,11000,8000
PPH0001882,PROD00556,2024-01-01,13000,8000
PPH0001883,PROD00556,2026-01-17,12000,7000
PPH0001884,PROD00556,2026-04-09,12000,10000
PPH0001885,PROD00557,2024-01-01,43000,32000
PPH0001886,PROD00557,2025-03-28,40000,28000
PPH0001887,PROD00557,2025-10-05,43000,29000
PPH0001888,PROD00557,2026-04-26,40000,26000
PPH0001889,PROD00557,2026-09-09,40000,29000
PPH0001890,PROD00558,2024-01-01,33000,22000
PPH0001891,PROD00558,2025-02-27,36000,26000
PPH0001892,PROD00558,2026-08-12,35000,28000
PPH0001893,PROD00558,2026-09-22,38000,28000
PPH0001894,PROD00559,2024-01-01,85000,68000
PPH0001895,PROD00559,2026-03-03,94000,70000
PPH0001896,PROD00560,2024-01-01,51000,30000
PPH0001897,PROD00560,2026-05-20,52000,31000
PPH0001898,PROD00560,2026-07-05,50000,39000
PPH0001899,PROD00561,2024-01-01,126000,92000
PPH0001900,PROD00561,2025-03-19,126000,73000
PPH0001901,PROD00561,2025-05-31,117000,89000
PPH0001902,PROD00561,2025-06-01,108000,85000
PPH0001903,PROD00561,2026-05-06,103000,69000
PPH0001904,PROD00562,2024-01-01,167000,128000
PPH0001905,PROD00562,2025-01-18,183000,123000
PPH0001906,PROD00562,2025-05-13,196000,135000
PPH0001907,PROD00562,2026-01-19,208000,168000
PPH0001908,PROD00563,2024-01-01,136000,94000
PPH0001909,PROD00563,2025-04-20,130000,101000
PPH0001910,PROD00563,2026-02-22,131000,102000
PPH0001911,PROD00564,2024-01-01,109000,72000
PPH0001912,PROD00564,2025-01-10,109000,79000
PPH0001913,PROD00564,2025-08-29,122000,81000
PPH0001914,PROD00564,2026-03-13,126000,74000
PPH0001915,PROD00564,2026-05-10,137000,84000
PPH0001916,PROD00565,2024-01-01,160000,130000
PPH0001917,PROD00565,2025-03-02,157000,124000
PPH0001918,PROD00565,2025-11-20,157000,93000
PPH0001919,PROD00565,2026-03-04,170000,114000
PPH0001920,PROD00566,2024-01-01,44000,31000
PPH0001921,PROD00566,2025-10-03,46000,28000
PPH0001922,PROD00566,2026-06-03,51000,32000
PPH0001923,PROD00567,2024-01-01,62000,41000
PPH0001924,PROD00567,2025-05-17,67000,44000
PPH0001925,PROD00567,2025-09-06,67000,42000
PPH0001926,PROD00568,2024-01-01,99000,64000
PPH0001927,PROD00568,2025-04-23,92000,74000
PPH0001928,PROD00568,2025-05-11,95000,75000
PPH0001929,PROD00568,2025-11-23,101000,60000
PPH0001930,PROD00568,2026-07-08,108000,65000
PPH0001931,PROD00569,2024-01-01,64000,50000
PPH0001932,PROD00569,2025-10-28,69000,42000
PPH0001933,PROD00569,2026-04-06,68000,53000
PPH0001934,PROD00570,2024-01-01,16000,10000
PPH0001935,PROD00570,2025-06-27,18000,11000
PPH0001936,PROD00570,2025-08-12,17000,12000
PPH0001937,PROD00570,2026-05-12,19000,15000
PPH0001938,PROD00571,2024-01-01,124000,93000
PPH0001939,PROD00571,2025-08-06,121000,72000
PPH0001940,PROD00571,2025-09-11,124000,89000
PPH0001941,PROD00571,2025-10-07,114000,70000
PPH0001942,PROD00571,2025-11-26,116000,77000
PPH0001943,PROD00572,2024-01-01,191000,116000
PPH0001944,PROD00572,2025-09-17,198000,123000
PPH0001945,PROD00572,2025-10-04,220000,180000
PPH0001946,PROD00572,2026-04-13,235000,166000
PPH0001947,PROD00573,2024-01-01,75000,56000
PPH0001948,PROD00573,2026-05-05,81000,63000
PPH0001949,PROD00574,2024-01-01,20000,15000
PPH0001950,PROD00574,2025-01-16,20000,16000
PPH0001951,PROD00574,2025-07-16,22000,16000
PPH0001952,PROD00574,2025-09-29,20000,13000
PPH0001953,PROD00575,2024-01-01,173000,109000
PPH0001954,PROD00575,2025-04-14,166000,118000
PPH0001955,PROD00576,2024-01-01,76000,53000
PPH0001956,PROD00576,2025-12-09,72000,57000
PPH0001957,PROD00576,2026-05-19,67000,53000
PPH0001958,PROD00577,2024-01-01,51000,40000
PPH0001959,PROD00577,2025-05-03,48000,37000
PPH0001960,PROD00577,2025-05-12,47000,34000
PPH0001961,PROD00577,2025-06-08,52000,40000
PPH0001962,PROD00578,2024-01-01,150000,114000
PPH0001963,PROD00578,2025-07-14,144000,112000
PPH0001964,PROD00579,2024-01-01,15000,10000
PPH0001965,PROD00579,2025-02-01,14000,11000
PPH0001966,PROD00579,2025-07-07,15000,11000
PPH0001967,PROD00579,2026-07-19,15000,10000
PPH0001968,PROD00579,2026-08-12,15000,11000
PPH0001969,PROD00580,2024-01-01,168000,122000
PPH0001970,PROD00580,2025-01-24,185000,125000
PPH0001971,PROD00580,2026-06-27,195000,147000
PPH0001972,PROD00581,2024-01-01,144000,112000
PPH0001973,PROD00581,2025-11-28,155000,118000
PPH0001974,PROD00581,2026-08-04,173000,125000
PPH0001975,PROD00582,2024-01-01,42000,28000
PPH0001976,PROD00582,2026-02-08,41000,33000
PPH0001977,PROD00582,2026-04-21,41000,29000
PPH0001978,PROD00583,2024-01-01,165000,128000
PPH0001979,PROD00583,2026-08-31,179000,107000
PPH0001980,PROD00584,2024-01-01,145000,103000
PPH0001981,PROD00584,2026-08-23,139000,113000
PPH0001982,PROD00585,2024-01-01,132000,91000
PPH0001983,PROD00585,2025-07-07,145000,99000
PPH0001984,PROD00586,2024-01-01,132000,104000
PPH0001985,PROD00586,2025-02-25,122000,94000
PPH0001986,PROD00586,2026-07-12,115000,94000
PPH0001987,PROD00586,2026-08-15,120000,77000
PPH0001988,PROD00587,2024-01-01,53000,38000
PPH0001989,PROD00587,2025-08-23,52000,32000
PPH0001990,PROD00587,2026-04-04,50000,29000
PPH0001991,PROD00587,2026-05-08,55000,33000
PPH0001992,PROD00588,2024-01-01,175000,123000
PPH0001993,PROD00588,2025-03-18,163000,120000
PPH0001994,PROD00588,2026-03-25,174000,119000
PPH0001995,PROD00589,2024-01-01,162000,120000
PPH0001996,PROD00589,2025-04-22,163000,106000
PPH0001997,PROD00590,2024-01-01,30000,19000
PPH0001998,PROD00590,2026-01-27,31000,24000
PPH0001999,PROD00590,2026-04-30,31000,20000
PPH0002000,PROD00591,2024-01-01,114000,83000
PPH0002001,PROD00591,2025-11-13,117000,78000
PPH0002002,PROD00592,2024-01-01,176000,119000
PPH0002003,PROD00592,2025-06-06,180000,140000
PPH0002004,PROD00592,2026-03-21,197000,131000
PPH0002005,PROD00592,2026-07-05,214000,168000
PPH0002006,PROD00593,2024-01-01,96000,66000
PPH0002007,PROD00593,2025-01-09,93000,60000
PPH0002008,PROD00593,2025-09-20,89000,66000
PPH0002009,PROD00594,2024-01-01,89000,52000
PPH0002010,PROD00594,2025-02-25,89000,53000
PPH0002011,PROD00594,2026-07-17,86000,63000
PPH0002012,PROD00595,2024-01-01,63000,42000
PPH0002013,PROD00595,2025-01-25,58000,35000
PPH0002014,PROD00595,2025-12-16,59000,43000
PPH0002015,PROD00595,2026-02-01,65000,46000
PPH0002016,PROD00596,2024-01-01,97000,77000
PPH0002017,PROD00596,2026-02-20,102000,67000
PPH0002018,PROD00596,2026-06-17,97000,78000
PPH0002019,PROD00596,2026-07-29,104000,65000
PPH0002020,PROD00597,2024-01-01,133000,90000
PPH0002021,PROD00597,2025-03-06,138000,98000
PPH0002022,PROD00597,2025-10-04,144000,111000
PPH0002023,PROD00597,2026-07-25,151000,96000
PPH0002024,PROD00598,2024-01-01,152000,100000
PPH0002025,PROD00598,2025-07-01,168000,107000
PPH0002026,PROD00598,2026-01-07,172000,119000
PPH0002027,PROD00598,2026-06-16,188000,134000
PPH0002028,PROD00599,2024-01-01,58000,38000
PPH0002029,PROD00599,2025-03-30,57000,41000
PPH0002030,PROD00599,2026-03-11,53000,39000
PPH0002031,PROD00599,2026-08-26,57000,43000
PPH0002032,PROD00600,2024-01-01,162000,101000
PPH0002033,PROD00600,2025-02-09,158000,96000
PPH0002034,PROD00600,2026-06-10,150000,94000
PPH0002035,PROD00600,2026-09-06,142000,97000
PPH0002036,PROD00601,2024-01-01,128000,91000
PPH0002037,PROD00601,2025-11-29,135000,83000
PPH0002038,PROD00602,2024-01-01,5000,4000
PPH0002039,PROD00602,2025-07-26,5000,4000
PPH0002040,PROD00602,2025-08-16,5000,4000
PPH0002041,PROD00602,2026-06-06,5000,3000
PPH0002042,PROD00602,2026-09-08,6000,4000
PPH0002043,PROD00603,2024-01-01,109000,79000
PPH0002044,PROD00603,2025-05-23,104000,75000
PPH0002045,PROD00603,2026-03-04,104000,75000
PPH0002046,PROD00604,2024-01-01,68000,55000
PPH0002047,PROD00604,2025-05-13,73000,43000
PPH0002048,PROD00605,2024-01-01,31000,18000
PPH0002049,PROD00605,2026-07-10,33000,25000
PPH0002050,PROD00606,2024-01-01,90000,62000
PPH0002051,PROD00606,2025-06-09,85000,55000
PPH0002052,PROD00606,2025-12-14,82000,63000
PPH0002053,PROD00607,2024-01-01,77000,48000
PPH0002054,PROD00607,2025-03-05,76000,61000
PPH0002055,PROD00607,2025-12-27,83000,58000
PPH0002056,PROD00607,2026-05-16,78000,62000
PPH0002057,PROD00608,2024-01-01,48000,35000
PPH0002058,PROD00608,2025-10-02,44000,26000
PPH0002059,PROD00608,2026-07-29,41000,29000
PPH0002060,PROD00609,2024-01-01,14000,8000
PPH0002061,PROD00609,2026-02-13,13000,10000
PPH0002062,PROD00609,2026-03-31,14000,9000
PPH0002063,PROD00609,2026-04-17,15000,9000
PPH0002064,PROD00610,2024-01-01,23000,17000
PPH0002065,PROD00610,2025-07-24,25000,19000
PPH0002066,PROD00610,2025-10-19,23000,14000
PPH0002067,PROD00610,2025-12-04,24000,17000
PPH0002068,PROD00610,2026-09-15,23000,14000
PPH0002069,PROD00611,2024-01-01,92000,54000
PPH0002070,PROD00611,2025-04-07,88000,54000
PPH0002071,PROD00611,2026-09-22,97000,75000
PPH0002072,PROD00612,2024-01-01,102000,59000
PPH0002073,PROD00612,2025-10-13,104000,72000
PPH0002074,PROD00612,2026-06-03,99000,69000
PPH0002075,PROD00613,2024-01-01,45000,35000
PPH0002076,PROD00613,2025-10-01,50000,40000
PPH0002077,PROD00613,2026-07-23,52000,41000
PPH0002078,PROD00614,2024-01-01,50000,39000
PPH0002079,PROD00614,2026-01-03,48000,34000
PPH0002080,PROD00614,2026-08-23,49000,29000
PPH0002081,PROD00615,2024-01-01,73000,54000
PPH0002082,PROD00615,2025-02-02,75000,44000
PPH0002083,PROD00615,2025-11-08,72000,54000
PPH0002084,PROD00616,2024-01-01,49000,37000
PPH0002085,PROD00616,2025-10-22,53000,31000
PPH0002086,PROD00616,2025-12-11,52000,38000
PPH0002087,PROD00616,2026-01-21,55000,40000
PPH0002088,PROD00617,2024-01-01,124000,101000
PPH0002089,PROD00617,2025-02-09,117000,72000
PPH0002090,PROD00617,2025-04-10,116000,91000
PPH0002091,PROD00617,2025-08-20,123000,90000
PPH0002092,PROD00617,2026-03-09,130000,95000
PPH0002093,PROD00618,2024-01-01,71000,42000
PPH0002094,PROD00618,2026-07-10,72000,58000
PPH0002095,PROD00619,2024-01-01,13000,11000
PPH0002096,PROD00619,2025-03-04,12000,10000
PPH0002097,PROD00619,2025-05-21,13000,10000
PPH0002098,PROD00619,2026-02-12,13000,9000
PPH0002099,PROD00620,2024-01-01,18000,11000
PPH0002100,PROD00620,2025-04-29,20000,12000
PPH0002101,PROD00620,2025-11-11,20000,14000
PPH0002102,PROD00621,2024-01-01,118000,88000
PPH0002103,PROD00621,2025-04-25,129000,95000
PPH0002104,PROD00621,2025-08-03,129000,84000
PPH0002105,PROD00621,2025-10-11,133000,82000
PPH0002106,PROD00622,2024-01-01,94000,71000
PPH0002107,PROD00622,2025-02-28,87000,54000
PPH0002108,PROD00622,2025-06-16,84000,67000
PPH0002109,PROD00622,2025-08-11,83000,59000
PPH0002110,PROD00623,2024-01-01,99000,60000
PPH0002111,PROD00623,2025-05-26,108000,86000
PPH0002112,PROD00623,2026-05-24,108000,83000
PPH0002113,PROD00623,2026-09-22,99000,75000
PPH0002114,PROD00624,2024-01-01,52000,38000
PPH0002115,PROD00624,2025-05-09,55000,32000
PPH0002116,PROD00624,2026-09-05,52000,39000
PPH0002117,PROD00625,2024-01-01,132000,81000
PPH0002118,PROD00625,2025-02-14,122000,84000
PPH0002119,PROD00625,2025-05-14,120000,88000
PPH0002120,PROD00625,2026-01-21,127000,96000
PPH0002121,PROD00625,2026-04-05,138000,100000
PPH0002122,PROD00626,2024-01-01,69000,42000
PPH0002123,PROD00626,2026-05-11,72000,44000
PPH0002124,PROD00626,2026-06-23,71000,49000
PPH0002125,PROD00626,2026-09-18,76000,46000
PPH0002126,PROD00627,2024-01-01,48000,36000
PPH0002127,PROD00627,2025-04-26,52000,41000
PPH0002128,PROD00627,2026-05-29,55000,34000
PPH0002129,PROD00628,2024-01-01,12000,8000
PPH0002130,PROD00628,2025-05-18,13000,8000
PPH0002131,PROD00628,2025-12-08,13000,9000
PPH0002132,PROD00628,2025-12-20,13000,9000
PPH0002133,PROD00629,2024-01-01,23000,14000
PPH0002134,PROD00629,2025-03-31,24000,15000
PPH0002135,PROD00629,2025-07-21,27000,17000
PPH0002136,PROD00629,2025-08-23,27000,20000
PPH0002137,PROD00629,2026-01-05,25000,19000
PPH0002138,PROD00630,2024-01-01,87000,59000
PPH0002139,PROD00630,2025-10-29,81000,49000
PPH0002140,PROD00630,2026-04-16,78000,61000
PPH0002141,PROD00630,2026-09-06,79000,58000
PPH0002142,PROD00631,2024-01-01,135000,83000
PPH0002143,PROD00631,2025-08-20,125000,95000
PPH0002144,PROD00632,2024-01-01,50000,39000
PPH0002145,PROD00632,2025-08-31,49000,32000
PPH0002146,PROD00633,2024-01-01,102000,69000
PPH0002147,PROD00633,2025-04-26,95000,71000
PPH0002148,PROD00633,2025-10-12,101000,65000
PPH0002149,PROD00634,2024-01-01,36000,21000
PPH0002150,PROD00634,2025-01-20,34000,22000
PPH0002151,PROD00634,2025-03-17,32000,21000
PPH0002152,PROD00634,2025-11-04,32000,25000
PPH0002153,PROD00635,2024-01-01,82000,55000
PPH0002154,PROD00635,2026-03-08,90000,71000
PPH0002155,PROD00635,2026-09-14,98000,78000
PPH0002156,PROD00636,2024-01-01,71000,57000
PPH0002157,PROD00636,2026-08-17,68000,49000
PPH0002158,PROD00637,2024-01-01,61000,47000
PPH0002159,PROD00637,2025-05-19,67000,43000
PPH0002160,PROD00637,2026-02-26,75000,57000
PPH0002161,PROD00638,2024-01-01,14000,9000
PPH0002162,PROD00638,2025-04-10,13000,8000
PPH0002163,PROD00638,2025-05-29,14000,10000
PPH0002164,PROD00638,2025-07-11,13000,10000
PPH0002165,PROD00639,2024-01-01,141000,110000
PPH0002166,PROD00639,2025-02-20,148000,114000
PPH0002167,PROD00639,2025-03-27,140000,102000
PPH0002168,PROD00639,2025-04-15,129000,75000
PPH0002169,PROD00639,2025-08-03,143000,91000
PPH0002170,PROD00640,2024-01-01,75000,48000
PPH0002171,PROD00640,2025-03-31,79000,55000
PPH0002172,PROD00640,2026-08-02,86000,70000
PPH0002173,PROD00641,2024-01-01,143000,109000
PPH0002174,PROD00641,2025-03-01,158000,93000
PPH0002175,PROD00641,2025-08-17,165000,111000
PPH0002176,PROD00642,2024-01-01,44000,32000
PPH0002177,PROD00642,2025-02-19,46000,27000
PPH0002178,PROD00642,2025-06-28,46000,27000
PPH0002179,PROD00642,2025-09-24,49000,31000
PPH0002180,PROD00643,2024-01-01,66000,46000
PPH0002181,PROD00643,2025-06-07,63000,52000
PPH0002182,PROD00643,2025-10-28,66000,43000
PPH0002183,PROD00643,2026-07-21,65000,42000
PPH0002184,PROD00644,2024-01-01,71000,47000
PPH0002185,PROD00644,2025-01-22,67000,55000
PPH0002186,PROD00644,2026-01-22,68000,42000
PPH0002187,PROD00644,2026-08-25,70000,51000
PPH0002188,PROD00645,2024-01-01,116000,67000
PPH0002189,PROD00645,2025-10-16,127000,81000
PPH0002190,PROD00645,2026-08-27,127000,103000
PPH0002191,PROD00646,2024-01-01,123000,87000
PPH0002192,PROD00646,2025-11-24,119000,95000
PPH0002193,PROD00647,2024-01-01,103000,79000
PPH0002194,PROD00647,2025-10-24,109000,63000
PPH0002195,PROD00648,2024-01-01,142000,92000
PPH0002196,PROD00648,2025-03-26,144000,86000
PPH0002197,PROD00648,2026-04-26,145000,88000
PPH0002198,PROD00649,2024-01-01,33000,20000
PPH0002199,PROD00649,2025-11-08,33000,27000
PPH0002200,PROD00650,2024-01-01,46000,27000
PPH0002201,PROD00650,2025-08-25,47000,32000
PPH0002202,PROD00650,2026-01-22,43000,30000
PPH0002203,PROD00650,2026-04-06,42000,32000
PPH0002204,PROD00650,2026-06-15,46000,33000
PPH0002205,PROD00651,2024-01-01,80000,52000
PPH0002206,PROD00651,2025-03-10,77000,48000
PPH0002207,PROD00651,2026-04-23,78000,49000
PPH0002208,PROD00652,2024-01-01,144000,110000
PPH0002209,PROD00652,2025-03-19,140000,95000
PPH0002210,PROD00652,2025-05-22,146000,106000
PPH0002211,PROD00653,2024-01-01,119000,94000
PPH0002212,PROD00653,2025-03-08,112000,84000
PPH0002213,PROD00653,2025-11-08,116000,69000
PPH0002214,PROD00653,2026-01-29,117000,85000
PPH0002215,PROD00654,2024-01-01,62000,38000
PPH0002216,PROD00654,2025-09-22,62000,37000
PPH0002217,PROD00654,2025-10-13,60000,41000
PPH0002218,PROD00655,2024-01-01,9000,7000
PPH0002219,PROD00655,2026-04-13,9000,7000
PPH0002220,PROD00655,2026-04-28,10000,7000
PPH0002221,PROD00655,2026-07-13,10000,7000
PPH0002222,PROD00655,2026-07-29,11000,7000
PPH0002223,PROD00656,2024-01-01,14000,11000
PPH0002224,PROD00656,2025-01-08,16000,10000
PPH0002225,PROD00656,2025-01-27,16000,13000
PPH0002226,PROD00657,2024-01-01,30000,21000
PPH0002227,PROD00657,2025-01-30,32000,25000
PPH0002228,PROD00657,2025-12-02,36000,28000
PPH0002229,PROD00658,2024-01-01,55000,33000
PPH0002230,PROD00658,2025-10-27,56000,36000
PPH0002231,PROD00658,2026-06-22,55000,42000
PPH0002232,PROD00659,2024-01-01,121000,89000
PPH0002233,PROD00659,2025-08-06,117000,70000
PPH0002234,PROD00660,2024-01-01,38000,22000
PPH0002235,PROD00660,2026-02-10,40000,30000
PPH0002236,PROD00660,2026-02-15,37000,23000
PPH0002237,PROD00661,2024-01-01,134000,109000
PPH0002238,PROD00661,2025-04-07,130000,80000
PPH0002239,PROD00661,2025-04-26,145000,116000
PPH0002240,PROD00661,2026-05-23,159000,119000
PPH0002241,PROD00662,2024-01-01,17000,12000
PPH0002242,PROD00662,2026-03-26,18000,12000
PPH0002243,PROD00662,2026-08-09,17000,13000
PPH0002244,PROD00663,2024-01-01,50000,40000
PPH0002245,PROD00663,2025-12-07,51000,41000
PPH0002246,PROD00663,2026-04-18,54000,35000
PPH0002247,PROD00663,2026-08-31,60000,49000
PPH0002248,PROD00664,2024-01-01,103000,82000
PPH0002249,PROD00664,2025-10-31,113000,71000
PPH0002250,PROD00664,2026-08-31,122000,72000
PPH0002251,PROD00665,2024-01-01,84000,52000
PPH0002252,PROD00665,2025-03-31,91000,57000
PPH0002253,PROD00665,2025-06-03,93000,63000
PPH0002254,PROD00665,2025-08-02,99000,62000
PPH0002255,PROD00666,2024-01-01,133000,95000
PPH0002256,PROD00666,2025-08-14,140000,86000
PPH0002257,PROD00666,2026-01-13,153000,97000
PPH0002258,PROD00667,2024-01-01,23000,17000
PPH0002259,PROD00667,2025-02-20,26000,15000
PPH0002260,PROD00667,2025-11-25,28000,19000
PPH0002261,PROD00667,2026-05-09,30000,24000
PPH0002262,PROD00668,2024-01-01,144000,104000
PPH0002263,PROD00668,2025-08-14,158000,125000
PPH0002264,PROD00668,2025-10-13,169000,124000
PPH0002265,PROD00668,2026-01-18,161000,113000
PPH0002266,PROD00669,2024-01-01,75000,46000
PPH0002267,PROD00669,2025-03-01,83000,55000
PPH0002268,PROD00669,2025-05-15,88000,54000
PPH0002269,PROD00670,2024-01-01,94000,62000
PPH0002270,PROD00670,2025-02-06,105000,73000
PPH0002271,PROD00670,2025-08-12,102000,73000
PPH0002272,PROD00671,2024-01-01,135000,90000
PPH0002273,PROD00671,2025-01-27,146000,100000
PPH0002274,PROD00671,2025-04-08,154000,124000
PPH0002275,PROD00671,2026-01-30,152000,91000
PPH0002276,PROD00671,2026-06-26,142000,87000
PPH0002277,PROD00672,2024-01-01,70000,57000
PPH0002278,PROD00672,2025-11-14,71000,55000
PPH0002279,PROD00672,2026-06-17,69000,44000
PPH0002280,PROD00673,2024-01-01,26000,18000
PPH0002281,PROD00673,2025-03-22,25000,20000
PPH0002282,PROD00673,2025-04-25,27000,18000
PPH0002283,PROD00674,2024-01-01,25000,17000
PPH0002284,PROD00674,2025-05-06,26000,20000
PPH0002285,PROD00674,2025-10-08,27000,19000
PPH0002286,PROD00675,2024-01-01,27000,22000
PPH0002287,PROD00675,2025-10-10,26000,20000
PPH0002288,PROD00675,2025-11-20,25000,18000
PPH0002289,PROD00675,2026-01-30,23000,16000
PPH0002290,PROD00676,2024-01-01,102000,60000
PPH0002291,PROD00676,2025-06-04,99000,73000
PPH0002292,PROD00676,2025-09-30,92000,59000
PPH0002293,PROD00677,2024-01-01,102000,60000
PPH0002294,PROD00677,2025-05-08,99000,78000
PPH0002295,PROD00677,2026-08-23,101000,70000
PPH0002296,PROD00678,2024-01-01,41000,29000
PPH0002297,PROD00678,2025-01-23,45000,31000
PPH0002298,PROD00679,2024-01-01,68000,56000
PPH0002299,PROD00679,2025-03-27,63000,47000
PPH0002300,PROD00679,2026-01-01,66000,50000
PPH0002301,PROD00680,2024-01-01,10000,6000
PPH0002302,PROD00680,2025-06-17,11000,7000
PPH0002303,PROD00680,2026-08-04,12000,8000
PPH0002304,PROD00681,2024-01-01,95000,70000
PPH0002305,PROD00681,2025-02-12,103000,69000
PPH0002306,PROD00681,2025-03-31,111000,86000
PPH0002307,PROD00682,2024-01-01,120000,71000
PPH0002308,PROD00682,2026-05-30,123000,100000
PPH0002309,PROD00683,2024-01-01,8000,6000
PPH0002310,PROD00683,2025-07-04,8000,5000
PPH0002311,PROD00683,2025-09-06,8000,5000
PPH0002312,PROD00684,2024-01-01,80000,61000
PPH0002313,PROD00684,2025-06-26,85000,67000
PPH0002314,PROD00684,2026-01-06,82000,65000
PPH0002315,PROD00684,2026-01-20,84000,65000
PPH0002316,PROD00685,2024-01-01,68000,42000
PPH0002317,PROD00685,2026-01-28,76000,55000
PPH0002318,PROD00686,2024-01-01,22000,16000
PPH0002319,PROD00686,2025-06-15,22000,18000
PPH0002320,PROD00686,2025-07-12,21000,13000
PPH0002321,PROD00687,2024-01-01,118000,69000
PPH0002322,PROD00687,2025-08-04,115000,68000
PPH0002323,PROD00687,2026-05-20,117000,94000
PPH0002324,PROD00688,2024-01-01,27000,22000
PPH0002325,PROD00688,2025-08-04,28000,19000
PPH0002326,PROD00688,2025-09-01,28000,17000
PPH0002327,PROD00688,2026-02-21,29000,20000
PPH0002328,PROD00688,2026-03-08,32000,19000
PPH0002329,PROD00689,2024-01-01,90000,73000
PPH0002330,PROD00689,2025-04-22,87000,65000
PPH0002331,PROD00689,2025-10-06,94000,58000
PPH0002332,PROD00690,2024-01-01,27000,20000
PPH0002333,PROD00690,2025-03-25,30000,24000
PPH0002334,PROD00690,2026-05-03,31000,25000
PPH0002335,PROD00691,2024-01-01,34000,28000
PPH0002336,PROD00691,2025-04-21,37000,22000
PPH0002337,PROD00691,2025-08-13,38000,25000
PPH0002338,PROD00691,2025-12-15,41000,31000
PPH0002339,PROD00691,2026-05-30,41000,27000
PPH0002340,PROD00692,2024-01-01,33000,23000
PPH0002341,PROD00692,2025-01-10,36000,24000
PPH0002342,PROD00692,2025-04-12,34000,25000
PPH0002343,PROD00692,2026-06-17,36000,22000
PPH0002344,PROD00693,2024-01-01,11000,8000
PPH0002345,PROD00693,2026-01-16,12000,8000
PPH0002346,PROD00693,2026-06-25,12000,7000
PPH0002347,PROD00694,2024-01-01,29000,20000
PPH0002348,PROD00694,2025-05-28,32000,23000
PPH0002349,PROD00694,2026-07-18,30000,25000
PPH0002350,PROD00695,2024-01-01,135000,103000
PPH0002351,PROD00695,2025-08-15,142000,95000
PPH0002352,PROD00695,2025-11-06,134000,95000
PPH0002353,PROD00696,2024-01-01,91000,73000
PPH0002354,PROD00696,2025-04-30,90000,59000
PPH0002355,PROD00696,2025-06-01,96000,76000
PPH0002356,PROD00696,2025-07-03,96000,70000
PPH0002357,PROD00696,2026-05-27,101000,64000
PPH0002358,PROD00697,2024-01-01,60000,38000
PPH0002359,PROD00697,2025-04-28,56000,35000
PPH0002360,PROD00697,2025-11-13,56000,35000
PPH0002361,PROD00698,2024-01-01,117000,86000
PPH0002362,PROD00698,2025-05-12,121000,83000
PPH0002363,PROD00698,2025-06-06,118000,74000
PPH0002364,PROD00699,2024-01-01,57000,45000
PPH0002365,PROD00699,2025-05-23,61000,36000
PPH0002366,PROD00699,2026-02-28,57000,36000
PPH0002367,PROD00699,2026-04-04,53000,42000
PPH0002368,PROD00700,2024-01-01,47000,28000
PPH0002369,PROD00700,2026-02-06,49000,35000
PPH0002370,PROD00700,2026-06-19,55000,35000
PPH0002371,PROD00701,2024-01-01,22000,18000
PPH0002372,PROD00701,2025-07-12,21000,16000
PPH0002373,PROD00701,2025-12-06,22000,16000
PPH0002374,PROD00701,2026-05-11,22000,13000
PPH0002375,PROD00702,2024-01-01,366000,226000
PPH0002376,PROD00702,2025-04-10,351000,265000
PPH0002377,PROD00702,2025-05-15,393000,319000
PPH0002378,PROD00703,2024-01-01,100000,67000
PPH0002379,PROD00703,2025-03-05,94000,68000
PPH0002380,PROD00704,2024-01-01,284000,205000
PPH0002381,PROD00704,2025-08-14,268000,158000
PPH0002382,PROD00704,2025-10-31,291000,184000
PPH0002383,PROD00704,2026-01-05,286000,203000
PPH0002384,PROD00705,2024-01-01,194000,116000
PPH0002385,PROD00705,2026-07-26,185000,107000
PPH0002386,PROD00706,2024-01-01,116000,70000
PPH0002387,PROD00706,2026-06-14,118000,72000
PPH0002388,PROD00707,2024-01-01,246000,157000
PPH0002389,PROD00707,2025-04-16,258000,156000
PPH0002390,PROD00707,2025-07-22,262000,168000
PPH0002391,PROD00707,2026-03-27,258000,175000
PPH0002392,PROD00707,2026-07-05,247000,191000
PPH0002393,PROD00708,2024-01-01,200000,119000
PPH0002394,PROD00708,2025-05-04,209000,134000
PPH0002395,PROD00708,2025-06-11,226000,148000
PPH0002396,PROD00708,2025-08-07,242000,148000
PPH0002397,PROD00709,2024-01-01,152000,92000
PPH0002398,PROD00709,2025-11-07,151000,120000
PPH0002399,PROD00709,2026-06-07,151000,89000
PPH0002400,PROD00709,2026-09-15,167000,111000
PPH0002401,PROD00710,2024-01-01,439000,255000
PPH0002402,PROD00710,2025-03-11,475000,296000
PPH0002403,PROD00710,2025-10-18,502000,328000
PPH0002404,PROD00710,2026-05-12,504000,388000
PPH0002405,PROD00711,2024-01-01,101000,80000
PPH0002406,PROD00711,2025-11-18,100000,78000
PPH0002407,PROD00711,2026-01-05,97000,78000
PPH0002408,PROD00711,2026-05-17,98000,63000
PPH0002409,PROD00712,2024-01-01,334000,267000
PPH0002410,PROD00712,2026-04-23,362000,268000
PPH0002411,PROD00713,2024-01-01,75000,58000
PPH0002412,PROD00713,2025-12-20,73000,51000
PPH0002413,PROD00714,2024-01-01,251000,173000
PPH0002414,PROD00714,2025-10-05,276000,207000
PPH0002415,PROD00714,2026-02-17,290000,184000
PPH0002416,PROD00714,2026-07-17,273000,196000
PPH0002417,PROD00715,2024-01-01,417000,339000
PPH0002418,PROD00715,2025-01-13,418000,337000
PPH0002419,PROD00715,2025-12-02,468000,345000
PPH0002420,PROD00716,2024-01-01,27000,21000
PPH0002421,PROD00716,2025-03-19,30000,20000
PPH0002422,PROD00716,2025-11-28,31000,24000
PPH0002423,PROD00717,2024-01-01,368000,280000
PPH0002424,PROD00717,2025-10-08,401000,320000
PPH0002425,PROD00717,2025-11-27,438000,335000
PPH0002426,PROD00717,2026-05-29,460000,342000
PPH0002427,PROD00718,2024-01-01,228000,180000
PPH0002428,PROD00718,2025-05-04,240000,165000
PPH0002429,PROD00718,2026-03-10,250000,170000
PPH0002430,PROD00719,2024-01-01,44000,32000
PPH0002431,PROD00719,2026-04-28,45000,27000
PPH0002432,PROD00720,2024-01-01,203000,123000
PPH0002433,PROD00720,2025-01-07,209000,134000
PPH0002434,PROD00720,2025-08-21,219000,135000
PPH0002435,PROD00721,2024-01-01,69000,51000
PPH0002436,PROD00721,2025-02-17,70000,44000
PPH0002437,PROD00721,2025-03-10,78000,62000
PPH0002438,PROD00722,2024-01-01,155000,117000
PPH0002439,PROD00722,2025-02-06,171000,138000
PPH0002440,PROD00722,2026-01-21,159000,97000
PPH0002441,PROD00722,2026-09-04,163000,128000
PPH0002442,PROD00723,2024-01-01,328000,223000
PPH0002443,PROD00723,2026-04-28,357000,268000
PPH0002444,PROD00723,2026-06-21,348000,259000
PPH0002445,PROD00724,2024-01-01,315000,235000
PPH0002446,PROD00724,2026-05-28,334000,271000
PPH0002447,PROD00725,2024-01-01,312000,226000
PPH0002448,PROD00725,2025-08-07,303000,237000
PPH0002449,PROD00725,2025-11-17,284000,217000
PPH0002450,PROD00725,2026-02-06,280000,213000
PPH0002451,PROD00725,2026-05-15,274000,202000
PPH0002452,PROD00726,2024-01-01,398000,300000
PPH0002453,PROD00726,2025-01-05,372000,276000
PPH0002454,PROD00726,2025-01-30,365000,270000
PPH0002455,PROD00726,2025-08-01,340000,262000
PPH0002456,PROD00726,2025-08-11,346000,273000
PPH0002457,PROD00727,2024-01-01,292000,202000
PPH0002458,PROD00727,2025-04-04,274000,216000
PPH0002459,PROD00727,2025-05-05,263000,214000
PPH0002460,PROD00727,2025-06-04,250000,199000
PPH0002461,PROD00728,2024-01-01,95000,73000
PPH0002462,PROD00728,2025-05-07,103000,65000
PPH0002463,PROD00728,2025-06-13,100000,80000
PPH0002464,PROD00728,2025-06-30,108000,86000
PPH0002465,PROD00728,2025-08-31,118000,89000
PPH0002466,PROD00729,2024-01-01,162000,127000
PPH0002467,PROD00729,2026-02-04,159000,92000
PPH0002468,PROD00729,2026-03-22,176000,116000
PPH0002469,PROD00730,2024-01-01,158000,125000
PPH0002470,PROD00730,2025-04-25,168000,116000
PPH0002471,PROD00730,2026-01-11,183000,110000
PPH0002472,PROD00730,2026-02-12,188000,149000
PPH0002473,PROD00731,2024-01-01,164000,113000
PPH0002474,PROD00731,2025-05-11,158000,114000
PPH0002475,PROD00731,2025-08-20,167000,104000
PPH0002476,PROD00732,2024-01-01,126000,76000
PPH0002477,PROD00732,2025-01-25,121000,89000
PPH0002478,PROD00732,2025-07-17,117000,91000
PPH0002479,PROD00732,2026-03-03,116000,90000
PPH0002480,PROD00733,2024-01-01,172000,137000
PPH0002481,PROD00733,2025-09-20,161000,118000
PPH0002482,PROD00734,2024-01-01,394000,229000
PPH0002483,PROD00734,2026-01-21,406000,280000
PPH0002484,PROD00734,2026-07-06,408000,319000
PPH0002485,PROD00735,2024-01-01,95000,75000
PPH0002486,PROD00735,2025-10-14,94000,59000
PPH0002487,PROD00735,2026-07-08,102000,71000
PPH0002488,PROD00736,2024-01-01,425000,310000
PPH0002489,PROD00736,2025-07-19,448000,288000
PPH0002490,PROD00737,2024-01-01,391000,309000
PPH0002491,PROD00737,2025-12-14,379000,228000
PPH0002492,PROD00737,2026-06-15,357000,289000
PPH0002493,PROD00738,2024-01-01,280000,192000
PPH0002494,PROD00738,2025-05-23,306000,238000
PPH0002495,PROD00738,2025-06-01,310000,224000
PPH0002496,PROD00738,2025-08-21,308000,250000
PPH0002497,PROD00739,2024-01-01,111000,87000
PPH0002498,PROD00739,2025-01-24,123000,82000
PPH0002499,PROD00740,2024-01-01,304000,210000
PPH0002500,PROD00740,2025-10-28,330000,262000
PPH0002501,PROD00740,2025-11-29,353000,240000
PPH0002502,PROD00740,2026-06-19,350000,216000
PPH0002503,PROD00741,2024-01-01,438000,297000
PPH0002504,PROD00741,2025-06-30,473000,291000
PPH0002505,PROD00741,2026-04-21,443000,257000
PPH0002506,PROD00742,2024-01-01,365000,249000
PPH0002507,PROD00742,2026-06-09,336000,198000
PPH0002508,PROD00743,2024-01-01,80000,47000
PPH0002509,PROD00743,2025-04-10,82000,54000
PPH0002510,PROD00743,2026-08-31,81000,61000
PPH0002511,PROD00744,2024-01-01,383000,292000
PPH0002512,PROD00744,2025-06-02,399000,318000
PPH0002513,PROD00744,2025-10-23,395000,293000
PPH0002514,PROD00745,2024-01-01,75000,46000
PPH0002515,PROD00745,2025-03-11,73000,42000
PPH0002516,PROD00745,2025-03-31,70000,50000
PPH0002517,PROD00746,2024-01-01,40000,27000
PPH0002518,PROD00746,2025-07-18,39000,23000
PPH0002519,PROD00746,2025-11-28,37000,22000
PPH0002520,PROD00746,2026-07-16,38000,25000
PPH0002521,PROD00747,2024-01-01,98000,59000
PPH0002522,PROD00747,2025-05-25,101000,77000
PPH0002523,PROD00747,2025-06-20,109000,79000
PPH0002524,PROD00747,2025-10-17,104000,65000
PPH0002525,PROD00748,2024-01-01,315000,192000
PPH0002526,PROD00748,2025-06-19,320000,187000
PPH0002527,PROD00748,2026-03-08,318000,206000
PPH0002528,PROD00749,2024-01-01,441000,304000
PPH0002529,PROD00749,2025-02-22,441000,309000
PPH0002530,PROD00750,2024-01-01,410000,281000
PPH0002531,PROD00750,2025-06-21,414000,306000
PPH0002532,PROD00750,2025-12-04,404000,280000
PPH0002533,PROD00750,2026-01-17,435000,281000
PPH0002534,PROD00750,2026-05-24,463000,281000
PPH0002535,PROD00751,2024-01-01,205000,166000
PPH0002536,PROD00751,2025-05-21,229000,149000
PPH0002537,PROD00751,2025-07-06,245000,155000
PPH0002538,PROD00751,2026-07-12,246000,152000
PPH0002539,PROD00752,2024-01-01,99000,79000
PPH0002540,PROD00752,2026-08-30,109000,66000
PPH0002541,PROD00753,2024-01-01,84000,62000
PPH0002542,PROD00753,2025-09-10,93000,67000
PPH0002543,PROD00753,2026-01-26,99000,68000
PPH0002544,PROD00753,2026-04-09,102000,63000
PPH0002545,PROD00753,2026-04-29,105000,72000
PPH0002546,PROD00754,2024-01-01,240000,195000
PPH0002547,PROD00754,2025-01-21,237000,169000
PPH0002548,PROD00754,2025-08-28,224000,143000
PPH0002549,PROD00754,2026-08-06,245000,173000
PPH0002550,PROD00755,2024-01-01,31000,23000
PPH0002551,PROD00755,2025-06-25,29000,21000
PPH0002552,PROD00755,2025-12-16,29000,20000
PPH0002553,PROD00755,2026-03-24,28000,23000
PPH0002554,PROD00756,2024-01-01,153000,91000
PPH0002555,PROD00756,2025-06-15,163000,116000
PPH0002556,PROD00756,2025-06-23,174000,118000
PPH0002557,PROD00756,2026-03-09,160000,102000
PPH0002558,PROD00757,2024-01-01,78000,60000
PPH0002559,PROD00757,2026-05-09,87000,53000
PPH0002560,PROD00757,2026-09-08,81000,47000
PPH0002561,PROD00758,2024-01-01,70000,54000
PPH0002562,PROD00758,2025-10-03,73000,47000
PPH0002563,PROD00758,2025-11-18,69000,43000
PPH0002564,PROD00758,2026-05-10,71000,47000
PPH0002565,PROD00758,2026-05-12,75000,59000
PPH0002566,PROD00759,2024-01-01,397000,231000
PPH0002567,PROD00759,2025-12-30,422000,341000
PPH0002568,PROD00760,2024-01-01,309000,193000
PPH0002569,PROD00760,2026-06-13,290000,169000
PPH0002570,PROD00761,2024-01-01,357000,251000
PPH0002571,PROD00761,2025-06-13,385000,247000
PPH0002572,PROD00761,2025-12-12,369000,279000
PPH0002573,PROD00761,2026-04-08,394000,276000
PPH0002574,PROD00761,2026-05-07,441000,304000
PPH0002575,PROD00762,2024-01-01,322000,245000
PPH0002576,PROD00762,2025-03-10,316000,221000
PPH0002577,PROD00762,2026-02-08,316000,220000
PPH0002578,PROD00762,2026-06-27,293000,228000
PPH0002579,PROD00763,2024-01-01,165000,107000
PPH0002580,PROD00763,2025-07-07,172000,106000
PPH0002581,PROD00763,2025-09-23,169000,99000
PPH0002582,PROD00763,2025-11-26,159000,116000
PPH0002583,PROD00763,2025-12-30,147000,97000
PPH0002584,PROD00764,2024-01-01,195000,121000
PPH0002585,PROD00764,2025-03-21,187000,130000
PPH0002586,PROD00764,2026-07-07,182000,147000
PPH0002587,PROD00765,2024-01-01,60000,35000
PPH0002588,PROD00765,2025-09-11,62000,41000
PPH0002589,PROD00765,2026-03-25,64000,46000
PPH0002590,PROD00765,2026-04-14,68000,43000
PPH0002591,PROD00766,2024-01-01,153000,112000
PPH0002592,PROD00766,2025-04-07,144000,107000
PPH0002593,PROD00766,2025-08-08,143000,100000
PPH0002594,PROD00766,2026-04-08,143000,97000
PPH0002595,PROD00767,2024-01-01,431000,290000
PPH0002596,PROD00767,2025-03-07,457000,295000
PPH0002597,PROD00767,2026-08-21,471000,349000
PPH0002598,PROD00768,2024-01-01,77000,54000
PPH0002599,PROD00768,2025-01-07,76000,45000
PPH0002600,PROD00768,2025-01-11,76000,61000
PPH0002601,PROD00769,2024-01-01,336000,251000
PPH0002602,PROD00769,2025-08-12,348000,232000
PPH0002603,PROD00769,2026-02-17,351000,262000
PPH0002604,PROD00770,2024-01-01,330000,216000
PPH0002605,PROD00770,2025-02-28,360000,290000
PPH0002606,PROD00770,2026-06-28,396000,264000
PPH0002607,PROD00771,2024-01-01,327000,264000
PPH0002608,PROD00771,2025-01-22,345000,254000
PPH0002609,PROD00771,2025-02-08,378000,254000
PPH0002610,PROD00771,2026-06-16,368000,225000
PPH0002611,PROD00772,2024-01-01,221000,165000
PPH0002612,PROD00772,2026-03-12,232000,139000
PPH0002613,PROD00773,2024-01-01,269000,215000
PPH0002614,PROD00773,2025-02-12,288000,180000
PPH0002615,PROD00773,2025-07-09,320000,247000
PPH0002616,PROD00773,2025-07-14,351000,209000
PPH0002617,PROD00774,2024-01-01,396000,231000
PPH0002618,PROD00774,2025-10-20,408000,330000
PPH0002619,PROD00775,2024-01-01,126000,82000
PPH0002620,PROD00775,2025-05-14,139000,81000
PPH0002621,PROD00775,2026-07-17,155000,109000
PPH0002622,PROD00776,2024-01-01,134000,89000
PPH0002623,PROD00776,2025-02-10,139000,113000
PPH0002624,PROD00776,2026-02-09,129000,78000
PPH0002625,PROD00777,2024-01-01,433000,348000
PPH0002626,PROD00777,2025-05-31,424000,264000
PPH0002627,PROD00777,2026-03-26,473000,313000
PPH0002628,PROD00778,2024-01-01,61000,47000
PPH0002629,PROD00778,2025-01-05,64000,45000
PPH0002630,PROD00778,2025-09-03,62000,46000
PPH0002631,PROD00778,2025-11-13,58000,34000
PPH0002632,PROD00778,2026-09-05,57000,43000
PPH0002633,PROD00779,2024-01-01,311000,234000
PPH0002634,PROD00779,2025-02-08,330000,224000
PPH0002635,PROD00779,2025-11-24,357000,258000
PPH0002636,PROD00779,2025-12-07,381000,232000
PPH0002637,PROD00779,2026-08-11,373000,227000
PPH0002638,PROD00780,2024-01-01,268000,206000
PPH0002639,PROD00780,2025-08-11,289000,184000
PPH0002640,PROD00781,2024-01-01,78000,63000
PPH0002641,PROD00781,2025-07-22,83000,53000
PPH0002642,PROD00782,2024-01-01,89000,64000
PPH0002643,PROD00782,2025-05-09,88000,64000
PPH0002644,PROD00782,2025-05-26,87000,69000
PPH0002645,PROD00782,2026-05-11,83000,53000
PPH0002646,PROD00782,2026-09-23,77000,54000
PPH0002647,PROD00783,2024-01-01,286000,207000
PPH0002648,PROD00783,2025-09-01,295000,209000
PPH0002649,PROD00783,2026-09-01,308000,222000
PPH0002650,PROD00784,2024-01-01,329000,198000
PPH0002651,PROD00784,2025-09-14,360000,270000
PPH0002652,PROD00784,2025-11-10,337000,214000
PPH0002653,PROD00784,2026-06-27,319000,204000
PPH0002654,PROD00784,2026-08-10,326000,259000
PPH0002655,PROD00785,2024-01-01,203000,145000
PPH0002656,PROD00785,2026-03-27,190000,130000
PPH0002657,PROD00785,2026-04-04,201000,121000
PPH0002658,PROD00785,2026-06-22,216000,127000
PPH0002659,PROD00786,2024-01-01,94000,62000
PPH0002660,PROD00786,2025-05-13,88000,58000
PPH0002661,PROD00786,2026-01-15,82000,63000
PPH0002662,PROD00786,2026-09-15,81000,60000
PPH0002663,PROD00787,2024-01-01,122000,89000
PPH0002664,PROD00787,2025-06-19,136000,111000
PPH0002665,PROD00787,2026-01-13,141000,92000
PPH0002666,PROD00788,2024-01-01,391000,303000
PPH0002667,PROD00788,2025-08-11,410000,286000
PPH0002668,PROD00788,2025-08-12,382000,301000
PPH0002669,PROD00788,2026-05-23,414000,314000
PPH0002670,PROD00788,2026-09-21,451000,303000
PPH0002671,PROD00789,2024-01-01,106000,79000
PPH0002672,PROD00789,2025-04-04,99000,58000
PPH0002673,PROD00790,2024-01-01,234000,149000
PPH0002674,PROD00790,2025-06-20,254000,189000
PPH0002675,PROD00790,2025-09-09,259000,206000
PPH0002676,PROD00790,2025-12-19,266000,181000
PPH0002677,PROD00790,2026-03-14,280000,164000
PPH0002678,PROD00791,2024-01-01,420000,247000
PPH0002679,PROD00791,2025-10-22,452000,289000
PPH0002680,PROD00791,2026-01-15,485000,283000
PPH0002681,PROD00791,2026-02-04,471000,289000
PPH0002682,PROD00792,2024-01-01,35000,27000
PPH0002683,PROD00792,2025-05-06,38000,28000
PPH0002684,PROD00792,2025-08-05,36000,23000
PPH0002685,PROD00793,2024-01-01,415000,260000
PPH0002686,PROD00793,2025-08-17,408000,311000
PPH0002687,PROD00793,2026-09-18,410000,266000
PPH0002688,PROD00794,2024-01-01,261000,193000
PPH0002689,PROD00794,2026-03-11,282000,222000
PPH0002690,PROD00795,2024-01-01,140000,85000
PPH0002691,PROD00795,2025-08-25,149000,98000
PPH0002692,PROD00795,2025-11-09,158000,105000
PPH0002693,PROD00795,2026-01-25,160000,112000
PPH0002694,PROD00795,2026-02-06,165000,107000
PPH0002695,PROD00796,2024-01-01,57000,45000
PPH0002696,PROD00796,2025-11-06,62000,38000
PPH0002697,PROD00796,2026-01-09,66000,52000
PPH0002698,PROD00796,2026-09-09,66000,43000
PPH0002699,PROD00797,2024-01-01,385000,300000
PPH0002700,PROD00797,2025-10-10,373000,258000
PPH0002701,PROD00797,2026-03-18,409000,251000
PPH0002702,PROD00798,2024-01-01,186000,108000
PPH0002703,PROD00798,2025-12-09,185000,115000
PPH0002704,PROD00799,2024-01-01,190000,142000
PPH0002705,PROD00799,2025-03-22,202000,152000
PPH0002706,PROD00799,2025-05-21,194000,154000
PPH0002707,PROD00799,2025-07-30,199000,134000
PPH0002708,PROD00799,2025-11-12,209000,124000
PPH0002709,PROD00800,2024-01-01,323000,245000
PPH0002710,PROD00800,2025-11-10,317000,252000
PPH0002711,PROD00800,2026-05-05,315000,252000
PPH0002712,PROD00800,2026-08-10,313000,240000
